label,window_start,lam0,c,total_cost,pnl_variance,premium0
AAPL,2024-10-16,0.03,0.25,0.30766664907155183,0.010686523074795338,9.874340868877468
AAPL,2024-10-16,0.03,0.5,0.2864465141376904,0.018951619522060353,9.874340868877468
AAPL,2024-10-16,0.03,1.0,0.2560866680322951,0.040597141676557695,9.874340868877468
AAPL,2024-10-16,0.03,2.0,0.24364435408381963,0.1132549296397971,9.874340868877468
AAPL,2024-10-16,0.03,4.0,0.2456286923412257,0.6344242241885736,9.874340868877468
AAPL,2024-10-16,0.03,8.0,0.24758947546355253,1.4665505184379852,9.874340868877468
AAPL,2024-10-16,0.03,16.0,0.24811057919847923,1.5402761568463097,9.874340868877468
AAPL,2024-10-16,0.3,0.25,0.34295427857628213,0.008596927679062264,9.874340868877468
AAPL,2024-10-16,0.3,0.5,0.31179025305358604,0.010210400456109481,9.874340868877468
AAPL,2024-10-16,0.3,1.0,0.28861691622274765,0.018025447362816922,9.874340868877468
AAPL,2024-10-16,0.3,2.0,0.26044043161186153,0.036288154578399366,9.874340868877468
AAPL,2024-10-16,0.3,4.0,0.24349713568180015,0.09664975514071451,9.874340868877468
AAPL,2024-10-16,0.3,8.0,0.2453464572912455,0.5263728950605127,9.874340868877468
AAPL,2024-10-16,0.3,16.0,0.24744037024225962,1.4336619948415996,9.874340868877468
AAPL,2024-10-16,3.0,0.25,0.3605511358004107,0.008178746532483086,9.874340868877468
AAPL,2024-10-16,3.0,0.5,0.34518758086806134,0.008571099224073814,9.874340868877468
AAPL,2024-10-16,3.0,1.0,0.3162585206288414,0.009814115587571729,9.874340868877468
AAPL,2024-10-16,3.0,2.0,0.29063622331144,0.01685649974783097,9.874340868877468
AAPL,2024-10-16,3.0,4.0,0.2644821076948826,0.03304473121067589,9.874340868877468
AAPL,2024-10-16,3.0,8.0,0.243360470223617,0.08377677546186274,9.874340868877468
AAPL,2024-10-16,3.0,16.0,0.24508445347995705,0.43608579336888736,9.874340868877468
AAPL,2024-11-13,0.03,0.25,0.23219607035721723,0.017181337921278624,9.509139987289858
AAPL,2024-11-13,0.03,0.5,0.22456955871105266,0.04131680847252837,9.509139987289858
AAPL,2024-11-13,0.03,1.0,0.2226511973420891,0.11105552727686613,9.509139987289858
AAPL,2024-11-13,0.03,2.0,0.21956056247175337,0.15863137773388794,9.509139987289858
AAPL,2024-11-13,0.03,4.0,0.21337929273108194,0.42248590211948545,9.509139987289858
AAPL,2024-11-13,0.03,8.0,0.19888172216354105,1.0636567950361218,9.509139987289858
AAPL,2024-11-13,0.03,16.0,0.16420848354911238,2.2110620919447563,9.509139987289858
AAPL,2024-11-13,0.3,0.25,0.2648137949704166,0.02295047496885181,9.509139987289858
AAPL,2024-11-13,0.3,0.5,0.23391778063591318,0.01656485689653216,9.509139987289858
AAPL,2024-11-13,0.3,1.0,0.22473415274276978,0.035784003391197965,9.509139987289858
AAPL,2024-11-13,0.3,2.0,0.22287274095183993,0.10980515874032512,9.509139987289858
AAPL,2024-11-13,0.3,4.0,0.22000364969125502,0.14835759486275765,9.509139987289858
AAPL,2024-11-13,0.3,8.0,0.21426546717008516,0.3708461531849814,9.509139987289858
AAPL,2024-11-13,0.3,16.0,0.2011730790894603,0.9780200954890436,9.509139987289858
AAPL,2024-11-13,3.0,0.25,0.28278590712577245,0.027834315225242802,9.509139987289858
AAPL,2024-11-13,3.0,0.5,0.267180868624153,0.02356188042029458,9.509139987289858
AAPL,2024-11-13,3.0,1.0,0.2377724459636365,0.017041007150602847,9.509139987289858
AAPL,2024-11-13,3.0,2.0,0.22488694830670936,0.031057802035175417,9.509139987289858
AAPL,2024-11-13,3.0,4.0,0.2231304586967504,0.0970833472227239,9.509139987289858
AAPL,2024-11-13,3.0,8.0,0.22041497542932606,0.13985475711217094,9.509139987289858
AAPL,2024-11-13,3.0,16.0,0.2150881186462273,0.3270460464605367,9.509139987289858
AAPL,2024-12-12,0.03,0.25,0.23689722935607294,0.03976517885886796,6.89581957699058
AAPL,2024-12-12,0.03,0.5,0.18517639983674766,0.06237141888416853,6.89581957699058
AAPL,2024-12-12,0.03,1.0,0.15415542578890504,0.13383035237408172,6.89581957699058
AAPL,2024-12-12,0.03,2.0,0.12071908570048519,0.3533042088459643,6.89581957699058
AAPL,2024-12-12,0.03,4.0,0.05645218094076792,0.8626884938615135,6.89581957699058
AAPL,2024-12-12,0.03,8.0,0.0,1.3122848258987616,6.89581957699058
AAPL,2024-12-12,0.03,16.0,0.0,1.3122848258987616,6.89581957699058
AAPL,2024-12-12,0.3,0.25,0.2740297404650377,0.03365757668661738,6.89581957699058
AAPL,2024-12-12,0.3,0.5,0.2417680899119602,0.03871884566473864,6.89581957699058
AAPL,2024-12-12,0.3,1.0,0.19001026974155766,0.05779457554303833,6.89581957699058
AAPL,2024-12-12,0.3,2.0,0.15659424910960967,0.12200756652130092,6.89581957699058
AAPL,2024-12-12,0.3,4.0,0.12544619353775252,0.31650530699768403,6.89581957699058
AAPL,2024-12-12,0.3,8.0,0.06551044371072474,0.7996418966306528,6.89581957699058
AAPL,2024-12-12,0.3,16.0,0.0,1.3122848258987616,6.89581957699058
AAPL,2024-12-12,3.0,0.25,0.29795450009319996,0.03212099522862212,6.89581957699058
AAPL,2024-12-12,3.0,0.5,0.27711395028396246,0.03334782082644936,6.89581957699058
AAPL,2024-12-12,3.0,1.0,0.24628848777564885,0.03782111320855074,6.89581957699058
AAPL,2024-12-12,3.0,2.0,0.1944976370562183,0.05397952006777317,6.89581957699058
AAPL,2024-12-12,3.0,4.0,0.15885825212811702,0.11231791318381794,6.89581957699058
AAPL,2024-12-12,3.0,8.0,0.12983445172830127,0.2871687100816149,6.89581957699058
AAPL,2024-12-12,3.0,16.0,0.07400178669494954,0.7367816389335643,6.89581957699058
AAPL,2025-01-14,0.03,0.25,0.38164063188861613,0.2405252147536096,6.810720537807915
AAPL,2025-01-14,0.03,0.5,0.2932982538035565,0.2760659456055323,6.810720537807915
AAPL,2025-01-14,0.03,1.0,0.20843587954269313,0.526009658805396,6.810720537807915
AAPL,2025-01-14,0.03,2.0,0.15208964442130332,0.669773340808645,6.810720537807915
AAPL,2025-01-14,0.03,4.0,0.096787925145697,2.5462107984886524,6.810720537807915
AAPL,2025-01-14,0.03,8.0,0.0,4.736123214961769,6.810720537807915
AAPL,2025-01-14,0.03,16.0,0.0,4.736123214961769,6.810720537807915
AAPL,2025-01-14,0.3,0.25,0.44343180341919575,0.2662143014859402,6.810720537807915
AAPL,2025-01-14,0.3,0.5,0.38974077320702905,0.24272062667976202,6.810720537807915
AAPL,2025-01-14,0.3,1.0,0.2993689291020127,0.2579509976743779,6.810720537807915
AAPL,2025-01-14,0.3,2.0,0.22053745897969743,0.5166264178410478,6.810720537807915
AAPL,2025-01-14,0.3,4.0,0.15614854269929546,0.6060075115340696,6.810720537807915
AAPL,2025-01-14,0.3,8.0,0.10471220554996953,2.1526274866740027,6.810720537807915
AAPL,2025-01-14,0.3,16.0,0.0012143039978649414,4.702185391208036,6.810720537807915
AAPL,2025-01-14,3.0,0.25,0.47767735125193533,0.2860580935045901,6.810720537807915
AAPL,2025-01-14,3.0,0.5,0.44775722597398043,0.26863122605778966,6.810720537807915
AAPL,2025-01-14,3.0,1.0,0.3972602783058753,0.24508668367092518,6.810720537807915
AAPL,2025-01-14,3.0,2.0,0.3050935994610761,0.24245517235703648,6.810720537807915
AAPL,2025-01-14,3.0,4.0,0.23184231430617305,0.47655808332688887,6.810720537807915
AAPL,2025-01-14,3.0,8.0,0.15991649008407513,0.5602218302410524,6.810720537807915
AAPL,2025-01-14,3.0,16.0,0.11204801558914827,1.8311878770577679,6.810720537807915
AAPL,2025-02-12,0.03,0.25,0.19446101532707477,0.12027485161558156,11.907462508560902
AAPL,2025-02-12,0.03,0.5,0.16753227009285132,0.18542496280809068,11.907462508560902
AAPL,2025-02-12,0.03,1.0,0.14450348243978495,0.2567520647747337,11.907462508560902
AAPL,2025-02-12,0.03,2.0,0.1190528507260899,0.6235188182431947,11.907462508560902
AAPL,2025-02-12,0.03,4.0,0.07105707705902212,1.465509941669223,11.907462508560902
AAPL,2025-02-12,0.03,8.0,0.0,2.4138342623845985,11.907462508560902
AAPL,2025-02-12,0.03,16.0,0.0,2.4138342623845985,11.907462508560902
AAPL,2025-02-12,0.3,0.25,0.23133311307174234,0.15935121404433447,11.907462508560902
AAPL,2025-02-12,0.3,0.5,0.1989066276687857,0.1248283427622609,11.907462508560902
AAPL,2025-02-12,0.3,1.0,0.17023649656670117,0.171718963790561,11.907462508560902
AAPL,2025-02-12,0.3,2.0,0.14635623528691047,0.24041081708660528,11.907462508560902
AAPL,2025-02-12,0.3,4.0,0.12264401881742228,0.5572223337501132,11.907462508560902
AAPL,2025-02-12,0.3,8.0,0.07771972988824849,1.5777326828678218,11.907462508560902
AAPL,2025-02-12,0.3,16.0,0.0,2.4138342623845985,11.907462508560902
AAPL,2025-02-12,3.0,0.25,0.25487477130060027,0.1819089110453653,11.907462508560902
AAPL,2025-02-12,3.0,0.5,0.23421870009215257,0.1622128625295767,11.907462508560902
AAPL,2025-02-12,3.0,1.0,0.20303139240890328,0.12927395716032253,11.907462508560902
AAPL,2025-02-12,3.0,2.0,0.1727503525143055,0.1595063885996366,11.907462508560902
AAPL,2025-02-12,3.0,4.0,0.14807617867224285,0.22695610336697403,11.907462508560902
AAPL,2025-02-12,3.0,8.0,0.12597776395989327,0.5023078311688134,11.907462508560902
AAPL,2025-02-12,3.0,16.0,0.08399167521429662,1.5162769985590914,11.907462508560902
AAPL,2025-03-13,0.03,0.25,0.4433739104354162,0.5302836982888155,11.00603389021804
AAPL,2025-03-13,0.03,0.5,0.3755818707734595,0.4952805210281555,11.00603389021804
AAPL,2025-03-13,0.03,1.0,0.2757298059793086,0.549940699502698,11.00603389021804
AAPL,2025-03-13,0.03,2.0,0.15486637649417118,0.9519375875175882,11.00603389021804
AAPL,2025-03-13,0.03,4.0,0.07551828200026674,1.5631778286800893,11.00603389021804
AAPL,2025-03-13,0.03,8.0,0.0,6.688335390006897,11.00603389021804
AAPL,2025-03-13,0.03,16.0,0.0,6.688335390006897,11.00603389021804
AAPL,2025-03-13,0.3,0.25,0.4876379762532882,0.5710695044150795,11.00603389021804
AAPL,2025-03-13,0.3,0.5,0.4486895569561896,0.5349507794402256,11.00603389021804
AAPL,2025-03-13,0.3,1.0,0.38410409734778395,0.4971217834250956,11.00603389021804
AAPL,2025-03-13,0.3,2.0,0.28621299557636376,0.5340722633974648,11.00603389021804
AAPL,2025-03-13,0.3,4.0,0.16355881668202507,0.9240277263320184,11.00603389021804
AAPL,2025-03-13,0.3,8.0,0.08093112290351934,1.427112745659713,11.00603389021804
AAPL,2025-03-13,0.3,16.0,0.008710090962553253,5.618002316239084,11.00603389021804
AAPL,2025-03-13,3.0,0.25,0.5146753063575431,0.5944899360168203,11.00603389021804
AAPL,2025-03-13,3.0,0.5,0.4908531570924035,0.5740564538297003,11.00603389021804
AAPL,2025-03-13,3.0,1.0,0.4536241660630406,0.5395607223955105,11.00603389021804
AAPL,2025-03-13,3.0,2.0,0.39201543168876446,0.4999366658185897,11.00603389021804
AAPL,2025-03-13,3.0,4.0,0.29788310680492025,0.5224621835782207,11.00603389021804
AAPL,2025-03-13,3.0,8.0,0.17159806863382498,0.8971919763225938,11.00603389021804
AAPL,2025-03-13,3.0,16.0,0.08600249551364895,1.333550923357034,11.00603389021804
AAPL,2025-04-10,0.03,0.25,0.24141912464432724,0.062021489120024496,18.17297235658043
AAPL,2025-04-10,0.03,0.5,0.2119364034256646,0.07051455344243639,18.17297235658043
AAPL,2025-04-10,0.03,1.0,0.1658547263533664,0.11003706546378457,18.17297235658043
AAPL,2025-04-10,0.03,2.0,0.14286171028363792,0.24450204209646798,18.17297235658043
AAPL,2025-04-10,0.03,4.0,0.09976035528298477,0.9603010649805306,18.17297235658043
AAPL,2025-04-10,0.03,8.0,0.0467633444086535,4.032655375359529,18.17297235658043
AAPL,2025-04-10,0.03,16.0,0.0,7.234444087956718,18.17297235658043
AAPL,2025-04-10,0.3,0.25,0.25978366826405364,0.0580363604726771,18.17297235658043
AAPL,2025-04-10,0.3,0.5,0.24353130243026075,0.06180935534357441,18.17297235658043
AAPL,2025-04-10,0.3,1.0,0.21615951362648186,0.06895346245018925,18.17297235658043
AAPL,2025-04-10,0.3,2.0,0.17218239367246543,0.10287482624230515,18.17297235658043
AAPL,2025-04-10,0.3,4.0,0.14603606807303088,0.2159965074356992,18.17297235658043
AAPL,2025-04-10,0.3,8.0,0.10496981469805747,0.8228166758932075,18.17297235658043
AAPL,2025-04-10,0.3,16.0,0.054300241783779526,3.484517175020169,18.17297235658043
AAPL,2025-04-10,3.0,0.25,0.27499506095564746,0.054116763796606834,18.17297235658043
AAPL,2025-04-10,3.0,0.5,0.2618189383935322,0.057466050237563196,18.17297235658043
AAPL,2025-04-10,3.0,1.0,0.24549825977037978,0.0615447531270378,18.17297235658043
AAPL,2025-04-10,3.0,2.0,0.22009169250291355,0.06759180236421061,18.17297235658043
AAPL,2025-04-10,3.0,4.0,0.1780524777715775,0.09693071046771999,18.17297235658043
AAPL,2025-04-10,3.0,8.0,0.14898288080685856,0.19236371636428695,18.17297235658043
AAPL,2025-04-10,3.0,16.0,0.11084604361512437,0.7053267298642931,18.17297235658043
AAPL,2025-05-09,0.03,0.25,0.21735702688696648,0.11024335495303418,19.783224075342986
AAPL,2025-05-09,0.03,0.5,0.19481925222065838,0.13627934973722752,19.783224075342986
AAPL,2025-05-09,0.03,1.0,0.1643155660647107,0.19418981137113292,19.783224075342986
AAPL,2025-05-09,0.03,2.0,0.13135879773253556,0.3033232908267221,19.783224075342986
AAPL,2025-05-09,0.03,4.0,0.08299116821543186,0.7358176037227598,19.783224075342986
AAPL,2025-05-09,0.03,8.0,0.030484573192165916,2.5141395545782412,19.783224075342986
AAPL,2025-05-09,0.03,16.0,0.0,3.421595326265772,19.783224075342986
AAPL,2025-05-09,0.3,0.25,0.23143828764950136,0.09849976603230483,19.783224075342986
AAPL,2025-05-09,0.3,0.5,0.21900198468094667,0.10859222643453427,19.783224075342986
AAPL,2025-05-09,0.3,1.0,0.1976935951728715,0.13218415141889658,19.783224075342986
AAPL,2025-05-09,0.3,2.0,0.16870681757690226,0.186296833265202,19.783224075342986
AAPL,2025-05-09,0.3,4.0,0.13556309376170722,0.28283637549009877,19.783224075342986
AAPL,2025-05-09,0.3,8.0,0.0867549582084939,0.6572166100013537,19.783224075342986
AAPL,2025-05-09,0.3,16.0,0.038012153178290015,2.1810592053099547,19.783224075342986
AAPL,2025-05-09,3.0,0.25,0.2455897126613804,0.09385395069161633,19.783224075342986
AAPL,2025-05-09,3.0,0.5,0.2326403994350242,0.09783463930901769,19.783224075342986
AAPL,2025-05-09,3.0,1.0,0.22053011916171428,0.10707325928419241,19.783224075342986
AAPL,2025-05-09,3.0,2.0,0.20075208643077222,0.1284271315931683,19.783224075342986
AAPL,2025-05-09,3.0,4.0,0.1727821945348846,0.17939044140698812,19.783224075342986
AAPL,2025-05-09,3.0,8.0,0.13946440487702474,0.26542096932382486,19.783224075342986
AAPL,2025-05-09,3.0,16.0,0.09024895132926594,0.5901017262914862,19.783224075342986
AAPL,2025-06-09,0.03,0.25,0.2521267741785261,0.08852925439479686,18.996063765016306
AAPL,2025-06-09,0.03,0.5,0.2338035835313388,0.09141924211430424,18.996063765016306
AAPL,2025-06-09,0.03,1.0,0.21976068825908868,0.12729357530713112,18.996063765016306
AAPL,2025-06-09,0.03,2.0,0.22088122726437037,0.3293916323372729,18.996063765016306
AAPL,2025-06-09,0.03,4.0,0.22309730443513193,1.145802441093265,18.996063765016306
AAPL,2025-06-09,0.03,8.0,0.22700973906118166,3.905273194359883,18.996063765016306
AAPL,2025-06-09,0.03,16.0,0.22845735831298863,5.495675026106467,18.996063765016306
AAPL,2025-06-09,0.3,0.25,0.26903321522278945,0.0905151662345213,18.996063765016306
AAPL,2025-06-09,0.3,0.5,0.25362400977984934,0.08859792967160908,18.996063765016306
AAPL,2025-06-09,0.3,1.0,0.23549259818144813,0.09100403072927787,18.996063765016306
AAPL,2025-06-09,0.3,2.0,0.21967971402403702,0.11848103976029899,18.996063765016306
AAPL,2025-06-09,0.3,4.0,0.2207214603216519,0.29135286672012267,18.996063765016306
AAPL,2025-06-09,0.3,8.0,0.22277806265453443,1.0033705780706288,18.996063765016306
AAPL,2025-06-09,0.3,16.0,0.22648946316512647,3.418534731599188,18.996063765016306
AAPL,2025-06-09,3.0,0.25,0.28077747638835104,0.08408707734116451,18.996063765016306
AAPL,2025-06-09,3.0,0.5,0.2703470592228686,0.09075599219392565,18.996063765016306
AAPL,2025-06-09,3.0,1.0,0.2555205347495243,0.08863248023017288,18.996063765016306
AAPL,2025-06-09,3.0,2.0,0.2380218969987623,0.09054829579410796,18.996063765016306
AAPL,2025-06-09,3.0,4.0,0.21960454420299186,0.11098172996071258,18.996063765016306
AAPL,2025-06-09,3.0,8.0,0.22057314583019139,0.2587611556381653,18.996063765016306
AAPL,2025-06-09,3.0,16.0,0.22248275341771184,0.8765761663173525,18.996063765016306
AAPL,2025-07-09,0.03,0.25,0.27064772782577984,0.06181344815025256,9.986181518449829
AAPL,2025-07-09,0.03,0.5,0.2522421879762992,0.08068440830999088,9.986181518449829
AAPL,2025-07-09,0.03,1.0,0.22525301169744255,0.13873298609963666,9.986181518449829
AAPL,2025-07-09,0.03,2.0,0.22451298284148324,0.39505853074970604,9.986181518449829
AAPL,2025-07-09,0.03,4.0,0.227170280847125,1.5907643422147237,9.986181518449829
AAPL,2025-07-09,0.03,8.0,0.22975910691643014,3.3023833829057394,9.986181518449829
AAPL,2025-07-09,0.03,16.0,0.2306723717678788,4.410981186047725,9.986181518449829
AAPL,2025-07-09,0.3,0.25,0.2899231451669676,0.057849131398376614,9.986181518449829
AAPL,2025-07-09,0.3,0.5,0.2732256725737304,0.060984078761422714,9.986181518449829
AAPL,2025-07-09,0.3,1.0,0.25419254265580404,0.07701493402567933,9.986181518449829
AAPL,2025-07-09,0.3,2.0,0.2291725184092176,0.13353073393035308,9.986181518449829
AAPL,2025-07-09,0.3,4.0,0.22432250178595517,0.344089717488773,9.986181518449829
AAPL,2025-07-09,0.3,8.0,0.2267893187360688,1.3638013872741246,9.986181518449829
AAPL,2025-07-09,0.3,16.0,0.2296463512520333,3.2276676111393168,9.986181518449829
AAPL,2025-07-09,3.0,0.25,0.30006463287196056,0.05790116920046595,9.986181518449829
AAPL,2025-07-09,3.0,0.5,0.29111863563582185,0.05777836176915499,9.986181518449829
AAPL,2025-07-09,3.0,1.0,0.27562058404665163,0.06028712260128774,9.986181518449829
AAPL,2025-07-09,3.0,2.0,0.25600323515121604,0.07391559980351409,9.986181518449829
AAPL,2025-07-09,3.0,4.0,0.23276477436706527,0.12431912411688827,9.986181518449829
AAPL,2025-07-09,3.0,8.0,0.22414567483788433,0.30093429848501135,9.986181518449829
AAPL,2025-07-09,3.0,16.0,0.2264356648399272,1.1697469873954334,9.986181518449829
AAPL,2025-08-06,0.03,0.25,0.26482123977951894,0.05217357273379287,5.963176640003634
AAPL,2025-08-06,0.03,0.5,0.24438699180697976,0.08844707783001514,5.963176640003634
AAPL,2025-08-06,0.03,1.0,0.24085714525613475,0.19064601986656377,5.963176640003634
AAPL,2025-08-06,0.03,2.0,0.2425500486961107,0.5260793438339564,5.963176640003634
AAPL,2025-08-06,0.03,4.0,0.24556746146710953,1.589594539225767,5.963176640003634
AAPL,2025-08-06,0.03,8.0,0.2480806843976603,3.154922041539544,5.963176640003634
AAPL,2025-08-06,0.03,16.0,0.24964151856482175,4.999771437508349,5.963176640003634
AAPL,2025-08-06,0.3,0.25,0.2764324128371707,0.03718817233951884,5.963176640003634
AAPL,2025-08-06,0.3,0.5,0.26628329064685907,0.05008105493821697,5.963176640003634
AAPL,2025-08-06,0.3,1.0,0.24732734902541187,0.08243011817802164,5.963176640003634
AAPL,2025-08-06,0.3,2.0,0.24073579415683422,0.17340930902761595,5.963176640003634
AAPL,2025-08-06,0.3,4.0,0.2423073464975096,0.46710650979308715,5.963176640003634
AAPL,2025-08-06,0.3,8.0,0.24523397323113316,1.4336173780876118,5.963176640003634
AAPL,2025-08-06,0.3,16.0,0.24779716747895728,2.920961444598261,5.963176640003634
AAPL,2025-08-06,3.0,0.25,0.2871648128509777,0.03164450898552753,5.963176640003634
AAPL,2025-08-06,3.0,0.5,0.27783445297749204,0.03638071598434052,5.963176640003634
AAPL,2025-08-06,3.0,1.0,0.26763374448103516,0.04814344345568855,5.963176640003634
AAPL,2025-08-06,3.0,2.0,0.25004685313878927,0.07707949000597024,5.963176640003634
AAPL,2025-08-06,3.0,4.0,0.2406231417753422,0.15822330722532804,5.963176640003634
AAPL,2025-08-06,3.0,8.0,0.24208204173452558,0.4156215526364427,5.963176640003634
AAPL,2025-08-06,3.0,16.0,0.24492439017668335,1.2985785533742364,5.963176640003634
AAPL,2025-09-04,0.03,0.25,0.337947014805667,0.08339060847910647,10.399449065516077
AAPL,2025-09-04,0.03,0.5,0.30964655469537183,0.12177479898740544,10.399449065516077
AAPL,2025-09-04,0.03,1.0,0.26002209637985274,0.17907447909537647,10.399449065516077
AAPL,2025-09-04,0.03,2.0,0.26146012052072154,0.5299854235937377,10.399449065516077
AAPL,2025-09-04,0.03,4.0,0.26433616880245925,2.110764873800788,10.399449065516077
AAPL,2025-09-04,0.03,8.0,0.26718413672123553,5.396680118641548,10.399449065516077
AAPL,2025-09-04,0.03,16.0,0.2686940303025577,6.99733165398772,10.399449065516077
AAPL,2025-09-04,0.3,0.25,0.3623990809184584,0.0582081456902466,10.399449065516077
AAPL,2025-09-04,0.3,0.5,0.33998444901929514,0.08039537737393367,10.399449065516077
AAPL,2025-09-04,0.3,1.0,0.31369028936248644,0.11664622808860993,10.399449065516077
AAPL,2025-09-04,0.3,2.0,0.2632390199173915,0.1686424690467424,10.399449065516077
AAPL,2025-09-04,0.3,4.0,0.26125395895687276,0.4616863062808514,10.399449065516077
AAPL,2025-09-04,0.3,8.0,0.2639238456747618,1.812173443394501,10.399449065516077
AAPL,2025-09-04,0.3,16.0,0.2669261061824697,4.915395230289281,10.399449065516077
AAPL,2025-09-04,3.0,0.25,0.384373557464873,0.04927961501014571,10.399449065516077
AAPL,2025-09-04,3.0,0.5,0.36478688704682705,0.05679121208101973,10.399449065516077
AAPL,2025-09-04,3.0,1.0,0.3424311037994364,0.07698983627905427,10.399449065516077
AAPL,2025-09-04,3.0,2.0,0.3174441600978809,0.11230565183909415,10.399449065516077
AAPL,2025-09-04,3.0,4.0,0.268367463627067,0.1629386895668282,10.399449065516077
AAPL,2025-09-04,3.0,8.0,0.26106257551433676,0.4036728509857063,10.399449065516077
AAPL,2025-09-04,3.0,16.0,0.2635410787896897,1.5565450285887414,10.399449065516077
AAPL,2025-10-02,0.03,0.25,0.31202226133613387,0.04036901403335999,14.326280930646474
AAPL,2025-10-02,0.03,0.5,0.2919579235110168,0.04895513531019176,14.326280930646474
AAPL,2025-10-02,0.03,1.0,0.2730062036204608,0.07173581542888578,14.326280930646474
AAPL,2025-10-02,0.03,2.0,0.2741328177202831,0.27951955719854626,14.326280930646474
AAPL,2025-10-02,0.03,4.0,0.2763706891902934,1.267044184593237,14.326280930646474
AAPL,2025-10-02,0.03,8.0,0.27948920146803824,3.6266043025021344,14.326280930646474
AAPL,2025-10-02,0.03,16.0,0.2806301845440178,4.12289411262117,14.326280930646474
AAPL,2025-10-02,0.3,0.25,0.3365278524545925,0.02851480943802342,14.326280930646474
AAPL,2025-10-02,0.3,0.5,0.3150756446224484,0.038599080850580156,14.326280930646474
AAPL,2025-10-02,0.3,1.0,0.29381863405646,0.04953299687323058,14.326280930646474
AAPL,2025-10-02,0.3,2.0,0.2729234197556494,0.06411943830264553,14.326280930646474
AAPL,2025-10-02,0.3,4.0,0.27397240209552487,0.23806027745808442,14.326280930646474
AAPL,2025-10-02,0.3,8.0,0.27604985794077697,1.0785812125774332,14.326280930646474
AAPL,2025-10-02,0.3,16.0,0.27928494815000915,3.414385204544519,14.326280930646474
AAPL,2025-10-02,3.0,0.25,0.3608431414544515,0.02448221380574859,14.326280930646474
AAPL,2025-10-02,3.0,0.5,0.33895360503598226,0.027915692810918883,14.326280930646474
AAPL,2025-10-02,3.0,1.0,0.317906600797746,0.03695172908136965,14.326280930646474
AAPL,2025-10-02,3.0,2.0,0.295545964714523,0.0503139521367993,14.326280930646474
AAPL,2025-10-02,3.0,4.0,0.2731715281346302,0.0580888839324113,14.326280930646474
AAPL,2025-10-02,3.0,8.0,0.2738234854210019,0.20308455940587058,14.326280930646474
AAPL,2025-10-02,3.0,16.0,0.2757520245917311,0.9176743589913277,14.326280930646474
AAPL,2025-10-30,0.03,0.25,0.23629228160626137,0.03378564886591917,13.953088461520638
AAPL,2025-10-30,0.03,0.5,0.20908534655267336,0.034669623704691115,13.953088461520638
AAPL,2025-10-30,0.03,1.0,0.18822863891498093,0.05066674647809923,13.953088461520638
AAPL,2025-10-30,0.03,2.0,0.160466348003861,0.17734881997626342,13.953088461520638
AAPL,2025-10-30,0.03,4.0,0.10493496321703338,0.7970814283593274,13.953088461520638
AAPL,2025-10-30,0.03,8.0,0.0,2.2127230274282335,13.953088461520638
AAPL,2025-10-30,0.03,16.0,0.0,2.2127230274282335,13.953088461520638
AAPL,2025-10-30,0.3,0.25,0.27066525864442564,0.03409269947141414,13.953088461520638
AAPL,2025-10-30,0.3,0.5,0.23981014189439265,0.0332187200222924,13.953088461520638
AAPL,2025-10-30,0.3,1.0,0.2123600254638863,0.03434072424096106,13.953088461520638
AAPL,2025-10-30,0.3,2.0,0.19021857432326827,0.04627775637467003,13.953088461520638
AAPL,2025-10-30,0.3,4.0,0.1644469073220444,0.15169273181411136,13.953088461520638
AAPL,2025-10-30,0.3,8.0,0.1128967967969843,0.6782435764483387,13.953088461520638
AAPL,2025-10-30,0.3,16.0,0.00856836588170615,2.133975250631115,13.953088461520638
AAPL,2025-10-30,3.0,0.25,0.2983457865703701,0.03582326956699039,13.953088461520638
AAPL,2025-10-30,3.0,0.5,0.27413016336577656,0.034285577421735824,13.953088461520638
AAPL,2025-10-30,3.0,1.0,0.24307590638559123,0.0327550300249049,13.953088461520638
AAPL,2025-10-30,3.0,2.0,0.21540321805951307,0.03422523246361293,13.953088461520638
AAPL,2025-10-30,3.0,4.0,0.1920712993453806,0.04283615156460893,13.953088461520638
AAPL,2025-10-30,3.0,8.0,0.16814213125860708,0.13012304711105693,13.953088461520638
AAPL,2025-10-30,3.0,16.0,0.12028728807797477,0.5768976569590056,13.953088461520638
AAPL,2025-11-28,0.03,0.25,0.17274814787940823,0.011045038023069555,9.956334075013013
AAPL,2025-11-28,0.03,0.5,0.16386855295755556,0.02181948063405164,9.956334075013013
AAPL,2025-11-28,0.03,1.0,0.14644776609234672,0.05914165670802765,9.956334075013013
AAPL,2025-11-28,0.03,2.0,0.11264788849294693,0.14060680180104923,9.956334075013013
AAPL,2025-11-28,0.03,4.0,0.04727157352012906,0.4150160903424211,9.956334075013013
AAPL,2025-11-28,0.03,8.0,0.0,0.6442802192780825,9.956334075013013
AAPL,2025-11-28,0.03,16.0,0.0,0.6442802192780825,9.956334075013013
AAPL,2025-11-28,0.3,0.25,0.1835805540486102,0.007922785856948751,9.956334075013013
AAPL,2025-11-28,0.3,0.5,0.17338693406514424,0.01053497058991079,9.956334075013013
AAPL,2025-11-28,0.3,1.0,0.1651375113854574,0.01985334824577205,9.956334075013013
AAPL,2025-11-28,0.3,2.0,0.1489214396556009,0.052795537522549216,9.956334075013013
AAPL,2025-11-28,0.3,4.0,0.1174140526449082,0.13096695676021733,9.956334075013013
AAPL,2025-11-28,0.3,8.0,0.05639514706192539,0.383757569634964,9.956334075013013
AAPL,2025-11-28,0.3,16.0,0.0,0.6442802192780825,9.956334075013013
AAPL,2025-11-28,3.0,0.25,0.1997193898275995,0.006422702824403814,9.956334075013013
AAPL,2025-11-28,3.0,0.5,0.1852664041641545,0.007702692194863942,9.956334075013013
AAPL,2025-11-28,3.0,1.0,0.17397993063049996,0.010094555868745313,9.956334075013013
AAPL,2025-11-28,3.0,2.0,0.16631550803931108,0.018163693318500304,9.956334075013013
AAPL,2025-11-28,3.0,4.0,0.15122100222778687,0.04734377579371411,9.956334075013013
AAPL,2025-11-28,3.0,8.0,0.12183856750629002,0.12401299341193678,9.956334075013013
AAPL,2025-11-28,3.0,16.0,0.06505086254392359,0.3312126301917799,9.956334075013013
AAPL,2025-12-29,0.03,0.25,0.3845161891318263,0.4385451144569243,7.19348177009611
AAPL,2025-12-29,0.03,0.5,0.3292977470113785,0.4699811735082173,7.19348177009611
AAPL,2025-12-29,0.03,1.0,0.22304616715908865,0.3557566337003842,7.19348177009611
AAPL,2025-12-29,0.03,2.0,0.0981496082489099,0.4065713103680576,7.19348177009611
AAPL,2025-12-29,0.03,4.0,0.0,1.1598919789208562,7.19348177009611
AAPL,2025-12-29,0.03,8.0,0.0,1.1598919789208562,7.19348177009611
AAPL,2025-12-29,0.03,16.0,0.0,1.1598919789208562,7.19348177009611
AAPL,2025-12-29,0.3,0.25,0.4283692686057252,0.4112947074515199,7.19348177009611
AAPL,2025-12-29,0.3,0.5,0.38944787659139996,0.43203883688809075,7.19348177009611
AAPL,2025-12-29,0.3,1.0,0.33690556039694675,0.4831780997419832,7.19348177009611
AAPL,2025-12-29,0.3,2.0,0.2382888559981124,0.35776789976373674,7.19348177009611
AAPL,2025-12-29,0.3,4.0,0.11340959902530524,0.41408222536949707,7.19348177009611
AAPL,2025-12-29,0.3,8.0,0.0,1.1598919789208562,7.19348177009611
AAPL,2025-12-29,0.3,16.0,0.0,1.1598919789208562,7.19348177009611
AAPL,2025-12-29,3.0,0.25,0.4591672950882213,0.41356628792775946,7.19348177009611
AAPL,2025-12-29,3.0,0.5,0.43215967888766726,0.4112955422882061,7.19348177009611
AAPL,2025-12-29,3.0,1.0,0.3940219918580445,0.42599963510889366,7.19348177009611
AAPL,2025-12-29,3.0,2.0,0.3439680287286796,0.49675681057575205,7.19348177009611
AAPL,2025-12-29,3.0,4.0,0.2524406818268284,0.36386377853356694,7.19348177009611
AAPL,2025-12-29,3.0,8.0,0.12759844418300462,0.42835574897764755,7.19348177009611
AAPL,2025-12-29,3.0,16.0,0.0,1.1598919789208562,7.19348177009611
AAPL,2026-01-28,0.03,0.25,0.3856497995968177,0.10893544711649356,8.845772048191876
AAPL,2026-01-28,0.03,0.5,0.29607090637200073,0.15891519507683566,8.845772048191876
AAPL,2026-01-28,0.03,1.0,0.25460590015446205,0.3569751277351461,8.845772048191876
AAPL,2026-01-28,0.03,2.0,0.2046900066326951,0.8105512394397164,8.845772048191876
AAPL,2026-01-28,0.03,4.0,0.17072845234142742,1.9157086408961688,8.845772048191876
AAPL,2026-01-28,0.03,8.0,0.10007477998467722,4.575049301009097,8.845772048191876
AAPL,2026-01-28,0.03,16.0,0.0,10.023858301400882,8.845772048191876
AAPL,2026-01-28,0.3,0.25,0.473022222573783,0.09002303361112572,8.845772048191876
AAPL,2026-01-28,0.3,0.5,0.39733421278209713,0.10673760821759744,8.845772048191876
AAPL,2026-01-28,0.3,1.0,0.30436226221133195,0.14950814531504572,8.845772048191876
AAPL,2026-01-28,0.3,2.0,0.26055594898483,0.3231451326311571,8.845772048191876
AAPL,2026-01-28,0.3,4.0,0.2071747917598234,0.7393507338417616,8.845772048191876
AAPL,2026-01-28,0.3,8.0,0.17555385950224492,1.7173683067032124,8.845772048191876
AAPL,2026-01-28,0.3,16.0,0.11028167075645887,4.082189798421883,8.845772048191876
AAPL,2026-01-28,3.0,0.25,0.5173648690385315,0.08938408018673714,8.845772048191876
AAPL,2026-01-28,3.0,0.5,0.4786157952059835,0.08936191574543728,8.845772048191876
AAPL,2026-01-28,3.0,1.0,0.4081777384254908,0.1049445768822463,8.845772048191876
AAPL,2026-01-28,3.0,2.0,0.31205927514720205,0.14153597542960752,8.845772048191876
AAPL,2026-01-28,3.0,4.0,0.2660853263200173,0.29459120466155986,8.845772048191876
AAPL,2026-01-28,3.0,8.0,0.20948146193982464,0.6803009429211024,8.845772048191876
AAPL,2026-01-28,3.0,16.0,0.18003337070130201,1.5531123090390189,8.845772048191876
AAPL,2026-02-26,0.03,0.25,0.26026763844443235,0.027773064850200112,11.169265159135794
AAPL,2026-02-26,0.03,0.5,0.19752844990539306,0.04092038335752877,11.169265159135794
AAPL,2026-02-26,0.03,1.0,0.1355856492827224,0.10926818724203907,11.169265159135794
AAPL,2026-02-26,0.03,2.0,0.08089921939703268,0.1582747121998712,11.169265159135794
AAPL,2026-02-26,0.03,4.0,0.020874585823542714,0.573285630021799,11.169265159135794
AAPL,2026-02-26,0.03,8.0,0.0,1.0125924208305521,11.169265159135794
AAPL,2026-02-26,0.03,16.0,0.0,1.0125924208305521,11.169265159135794
AAPL,2026-02-26,0.3,0.25,0.33432167322960155,0.039222059852240865,11.169265159135794
AAPL,2026-02-26,0.3,0.5,0.2677634143287098,0.028768493394914472,11.169265159135794
AAPL,2026-02-26,0.3,1.0,0.2051103823009548,0.036981868518027726,11.169265159135794
AAPL,2026-02-26,0.3,2.0,0.14313379868315151,0.10031738975098335,11.169265159135794
AAPL,2026-02-26,0.3,4.0,0.08496575786293205,0.15692202076421727,11.169265159135794
AAPL,2026-02-26,0.3,8.0,0.029614255133849014,0.4363405105889807,11.169265159135794
AAPL,2026-02-26,0.3,16.0,0.0,1.0125924208305521,11.169265159135794
AAPL,2026-02-26,3.0,0.25,0.3778083917743254,0.04748288665267171,11.169265159135794
AAPL,2026-02-26,3.0,0.5,0.3401391161364609,0.04022054512950847,11.169265159135794
AAPL,2026-02-26,3.0,1.0,0.2747267428427335,0.029852557683050295,11.169265159135794
AAPL,2026-02-26,3.0,2.0,0.21222056699601294,0.03392221424266609,11.169265159135794
AAPL,2026-02-26,3.0,4.0,0.1501434028048853,0.09274082522488988,11.169265159135794
AAPL,2026-02-26,3.0,8.0,0.08875791122324442,0.15859576594906222,11.169265159135794
AAPL,2026-02-26,3.0,16.0,0.037727445429886215,0.3340317149847269,11.169265159135794
AAPL,2026-03-26,0.03,0.25,0.3176214350715051,0.022679277576047683,11.086332621490772
AAPL,2026-03-26,0.03,0.5,0.28793710927608174,0.04044781277649806,11.086332621490772
AAPL,2026-03-26,0.03,1.0,0.2888688659996756,0.1208835781962082,11.086332621490772
AAPL,2026-03-26,0.03,2.0,0.2907321735173815,0.4618312920331613,11.086332621490772
AAPL,2026-03-26,0.03,4.0,0.29445790404549654,1.8640070519122864,11.086332621490772
AAPL,2026-03-26,0.03,8.0,0.2995238921004683,5.330451523099834,11.086332621490772
AAPL,2026-03-26,0.03,16.0,0.30256752030466555,6.807867951924991,11.086332621490772
AAPL,2026-03-26,0.3,0.25,0.3522312692546363,0.01874347474022064,11.086332621490772
AAPL,2026-03-26,0.3,0.5,0.3216518396406812,0.02177216000665455,11.086332621490772
AAPL,2026-03-26,0.3,1.0,0.2878702860053623,0.03698754792644995,11.086332621490772
AAPL,2026-03-26,0.3,2.0,0.2887352999555238,0.10566607969433703,11.086332621490772
AAPL,2026-03-26,0.3,4.0,0.2904650414290779,0.39820789703688936,11.086332621490772
AAPL,2026-03-26,0.3,8.0,0.29392436708159625,1.604028609860609,11.086332621490772
AAPL,2026-03-26,0.3,16.0,0.299056050319471,4.881774711158139,11.086332621490772
AAPL,2026-03-26,3.0,0.25,0.3754242913571141,0.020579023390627654,11.086332621490772
AAPL,2026-03-26,3.0,0.5,0.35459812633243903,0.018732324531802156,11.086332621490772
AAPL,2026-03-26,3.0,1.0,0.32539333580932706,0.02101127526229267,11.086332621490772
AAPL,2026-03-26,3.0,2.0,0.2882372163827428,0.03402639532614488,11.086332621490772
AAPL,2026-03-26,3.0,4.0,0.28861130822370684,0.09264364803440289,11.086332621490772
AAPL,2026-03-26,3.0,8.0,0.29021705796544395,0.34356213934035107,11.086332621490772
AAPL,2026-03-26,3.0,16.0,0.29342855744891816,1.380337877958064,11.086332621490772
AAPL,2026-04-24,0.03,0.25,0.3289705586774354,0.04119813626694112,12.34986936391618
AAPL,2026-04-24,0.03,0.5,0.3016824068695414,0.05281706187056707,12.34986936391618
AAPL,2026-04-24,0.03,1.0,0.27870150872168664,0.12281550220785512,12.34986936391618
AAPL,2026-04-24,0.03,2.0,0.2771721356125875,0.3296680400821557,12.34986936391618
AAPL,2026-04-24,0.03,4.0,0.27411166331463876,1.1224912125831061,12.34986936391618
AAPL,2026-04-24,0.03,8.0,0.26604545433244586,2.698018083844516,12.34986936391618
AAPL,2026-04-24,0.03,16.0,0.24313699773308647,4.217383342777808,12.34986936391618
AAPL,2026-04-24,0.3,0.25,0.3587335062086269,0.04263992096095509,12.34986936391618
AAPL,2026-04-24,0.3,0.5,0.3310354818936926,0.04105737243401576,12.34986936391618
AAPL,2026-04-24,0.3,1.0,0.30559957557706185,0.049825353838020205,12.34986936391618
AAPL,2026-04-24,0.3,2.0,0.2788111017277159,0.11284420247427107,12.34986936391618
AAPL,2026-04-24,0.3,4.0,0.2773915171017882,0.2922580069537349,12.34986936391618
AAPL,2026-04-24,0.3,8.0,0.27455042629304016,0.9777802002156295,12.34986936391618
AAPL,2026-04-24,0.3,16.0,0.26743989944970303,2.5542819675136155,12.34986936391618
AAPL,2026-04-24,3.0,0.25,0.3776966625673014,0.04550488203540968,12.34986936391618
AAPL,2026-04-24,3.0,0.5,0.3611576752030787,0.04294500161138643,12.34986936391618
AAPL,2026-04-24,3.0,1.0,0.333890186593636,0.040922651258207106,12.34986936391618
AAPL,2026-04-24,3.0,2.0,0.30923100181732577,0.04744192999714199,12.34986936391618
AAPL,2026-04-24,3.0,4.0,0.27891283886232143,0.1041695950264146,12.34986936391618
AAPL,2026-04-24,3.0,8.0,0.2775951728359033,0.25985501628673185,12.34986936391618
AAPL,2026-04-24,3.0,16.0,0.27495773776127036,0.852744027353662,12.34986936391618
AAPL,2026-05-22,0.03,0.25,0.5147942693401241,0.34938583331245193,12.818193117759188
AAPL,2026-05-22,0.03,0.5,0.47353163251142827,0.5332143827360392,12.818193117759188
AAPL,2026-05-22,0.03,1.0,0.44865191932302484,0.9986673975884188,12.818193117759188
AAPL,2026-05-22,0.03,2.0,0.399149898521479,1.6150221509185398,12.818193117759188
AAPL,2026-05-22,0.03,4.0,0.3338472317473419,2.9706739925612253,12.818193117759188
AAPL,2026-05-22,0.03,8.0,0.33657286842405704,6.737238520796139,12.818193117759188
AAPL,2026-05-22,0.03,16.0,0.3369661081789459,9.805040999758221,12.818193117759188
AAPL,2026-05-22,0.3,0.25,0.5694856791011705,0.2858767425746947,12.818193117759188
AAPL,2026-05-22,0.3,0.5,0.5205107365312586,0.3382251664632354,12.818193117759188
AAPL,2026-05-22,0.3,1.0,0.47557247601053454,0.504619779134401,12.818193117759188
AAPL,2026-05-22,0.3,2.0,0.45220357613099615,0.9443888557595368,12.818193117759188
AAPL,2026-05-22,0.3,4.0,0.4060773312201404,1.587356937963673,12.818193117759188
AAPL,2026-05-22,0.3,8.0,0.33345665538725977,2.6022686190438065,12.818193117759188
AAPL,2026-05-22,0.3,16.0,0.33639199791904406,6.5349731473124075,12.818193117759188
AAPL,2026-05-22,3.0,0.25,0.613687722103863,0.27058437614443753,12.818193117759188
AAPL,2026-05-22,3.0,0.5,0.5753417946110603,0.28359047696790823,12.818193117759188
AAPL,2026-05-22,3.0,1.0,0.5258192619879565,0.3281902467932395,12.818193117759188
AAPL,2026-05-22,3.0,2.0,0.4795710463284166,0.478244327387266,12.818193117759188
AAPL,2026-05-22,3.0,4.0,0.4554753430314754,0.878813137974667,12.818193117759188
AAPL,2026-05-22,3.0,8.0,0.4125081900720825,1.5758515264696966,12.818193117759188
AAPL,2026-05-22,3.0,16.0,0.33309407641293365,2.3185666208517337,12.818193117759188
MSFT,2024-10-16,0.03,0.25,0.6632669617646229,0.43111471529510936,13.764666066857739
MSFT,2024-10-16,0.03,0.5,0.5823185842031141,0.3328388328524167,13.764666066857739
MSFT,2024-10-16,0.03,1.0,0.48777049890783863,0.25440721333270633,13.764666066857739
MSFT,2024-10-16,0.03,2.0,0.4331776365746992,0.5003822971327567,13.764666066857739
MSFT,2024-10-16,0.03,4.0,0.43639820254664846,3.2213098642909332,13.764666066857739
MSFT,2024-10-16,0.03,8.0,0.43989736090540393,13.62684903125754,13.764666066857739
MSFT,2024-10-16,0.03,16.0,0.44150534106563255,13.967243617475795,13.764666066857739
MSFT,2024-10-16,0.3,0.25,0.738300711331716,0.4852919379272338,13.764666066857739
MSFT,2024-10-16,0.3,0.5,0.6716847470275886,0.43743683559662616,13.764666066857739
MSFT,2024-10-16,0.3,1.0,0.5904484050769733,0.34730291777612804,13.764666066857739
MSFT,2024-10-16,0.3,2.0,0.4949852220523886,0.2519811845545485,13.764666066857739
MSFT,2024-10-16,0.3,4.0,0.4329467792134125,0.42295502328794554,13.764666066857739
MSFT,2024-10-16,0.3,8.0,0.4359364878240751,2.643197607493111,13.764666066857739
MSFT,2024-10-16,0.3,16.0,0.4397285262046478,13.596397265169905,13.764666066857739
MSFT,2024-10-16,3.0,0.25,0.7907469070866319,0.5159676458062633,13.764666066857739
MSFT,2024-10-16,3.0,0.5,0.7451107086391249,0.48916503530990135,13.764666066857739
MSFT,2024-10-16,3.0,1.0,0.6794969631631351,0.44352565780129666,13.764666066857739
MSFT,2024-10-16,3.0,2.0,0.5979954622344484,0.36188878885760345,13.764666066857739
MSFT,2024-10-16,3.0,4.0,0.5016825824668929,0.2540680919654837,13.764666066857739
MSFT,2024-10-16,3.0,8.0,0.4327324702233515,0.3651605167174201,13.764666066857739
MSFT,2024-10-16,3.0,16.0,0.43550786984395295,2.1628561578215706,13.764666066857739
MSFT,2024-11-13,0.03,0.25,0.5876808106814417,0.1834077108623154,17.923192700591994
MSFT,2024-11-13,0.03,0.5,0.4757259334407077,0.17396373670533968,17.923192700591994
MSFT,2024-11-13,0.03,1.0,0.33626473769486287,0.2628228648757744,17.923192700591994
MSFT,2024-11-13,0.03,2.0,0.3020299171691163,0.7860443834844321,17.923192700591994
MSFT,2024-11-13,0.03,4.0,0.23228671953940752,2.2157959194438224,17.923192700591994
MSFT,2024-11-13,0.03,8.0,0.08975117331155277,7.233051930083151,17.923192700591994
MSFT,2024-11-13,0.03,16.0,0.0,10.700134656724977,17.923192700591994
MSFT,2024-11-13,0.3,0.25,0.6773414915477893,0.2027038830663715,17.923192700591994
MSFT,2024-11-13,0.3,0.5,0.597310515426888,0.18484066415831057,17.923192700591994
MSFT,2024-11-13,0.3,1.0,0.4916912164421974,0.17254339736613794,17.923192700591994
MSFT,2024-11-13,0.3,2.0,0.35199105995734503,0.2444472855240618,17.923192700591994
MSFT,2024-11-13,0.3,4.0,0.3068595969230371,0.6877958912079,17.923192700591994
MSFT,2024-11-13,0.3,8.0,0.24236027311045333,1.9210743963732442,17.923192700591994
MSFT,2024-11-13,0.3,16.0,0.11049979517661355,6.503491863338297,17.923192700591994
MSFT,2024-11-13,3.0,0.25,0.7534306279393223,0.21617380774901165,17.923192700591994
MSFT,2024-11-13,3.0,0.5,0.6870760849638473,0.20434681897635337,17.923192700591994
MSFT,2024-11-13,3.0,1.0,0.6073206770678191,0.18659442483754948,17.923192700591994
MSFT,2024-11-13,3.0,2.0,0.5065120723032337,0.17219723228176348,17.923192700591994
MSFT,2024-11-13,3.0,4.0,0.36671879682286435,0.23076962043088958,17.923192700591994
MSFT,2024-11-13,3.0,8.0,0.31135393768205494,0.5922672177863221,17.923192700591994
MSFT,2024-11-13,3.0,16.0,0.2517117318644866,1.679691223624303,17.923192700591994
MSFT,2024-12-12,0.03,0.25,0.4392003616362457,0.9943283429667289,19.035701166487016
MSFT,2024-12-12,0.03,0.5,0.3623253149268144,0.8548407374805713,19.035701166487016
MSFT,2024-12-12,0.03,1.0,0.2666702068359887,0.514492950626792,19.035701166487016
MSFT,2024-12-12,0.03,2.0,0.1728797353319645,0.5332059513271272,19.035701166487016
MSFT,2024-12-12,0.03,4.0,0.0874253687816578,1.3197810299844612,19.035701166487016
MSFT,2024-12-12,0.03,8.0,0.0,5.303178326636267,19.035701166487016
MSFT,2024-12-12,0.03,16.0,0.0,5.303178326636267,19.035701166487016
MSFT,2024-12-12,0.3,0.25,0.4928900592781235,0.8494438828475327,19.035701166487016
MSFT,2024-12-12,0.3,0.5,0.4454494308747586,0.973459740195488,19.035701166487016
MSFT,2024-12-12,0.3,1.0,0.3716572788197032,0.8823160677758892,19.035701166487016
MSFT,2024-12-12,0.3,2.0,0.2767492160007287,0.5582505014566963,19.035701166487016
MSFT,2024-12-12,0.3,4.0,0.17907046772134472,0.46537838762916656,19.035701166487016
MSFT,2024-12-12,0.3,8.0,0.09959524813501164,1.0612200144580812,19.035701166487016
MSFT,2024-12-12,0.3,16.0,0.0,5.303178326636267,19.035701166487016
MSFT,2024-12-12,3.0,0.25,0.5382674384930938,0.8021575999228545,19.035701166487016
MSFT,2024-12-12,3.0,0.5,0.49680438433450247,0.8410840939766729,19.035701166487016
MSFT,2024-12-12,3.0,1.0,0.4512505528743494,0.9545134096763277,19.035701166487016
MSFT,2024-12-12,3.0,2.0,0.38031921675772123,0.9094712506559021,19.035701166487016
MSFT,2024-12-12,3.0,4.0,0.28612373631590887,0.6025009170434372,19.035701166487016
MSFT,2024-12-12,3.0,8.0,0.1848367430234171,0.41484705455485754,19.035701166487016
MSFT,2024-12-12,3.0,16.0,0.1109057306126866,0.878467090511529,19.035701166487016
MSFT,2025-01-14,0.03,0.25,0.4443895977998913,0.5120559908361509,14.622916728898387
MSFT,2025-01-14,0.03,0.5,0.36742241782227575,0.5143919987005983,14.622916728898387
MSFT,2025-01-14,0.03,1.0,0.3392374431823727,0.6434936753981324,14.622916728898387
MSFT,2025-01-14,0.03,2.0,0.3070158006813455,1.574518871903183,14.622916728898387
MSFT,2025-01-14,0.03,4.0,0.2459700454526244,4.636763281993391,14.622916728898387
MSFT,2025-01-14,0.03,8.0,0.12575396640396533,11.85875670605938,14.622916728898387
MSFT,2025-01-14,0.03,16.0,0.0,20.837243212103928,14.622916728898387
MSFT,2025-01-14,0.3,0.25,0.514126677100769,0.47022416759630126,14.622916728898387
MSFT,2025-01-14,0.3,0.5,0.4522475560476663,0.5140354295874089,14.622916728898387
MSFT,2025-01-14,0.3,1.0,0.3745776222253115,0.5108219552707832,14.622916728898387
MSFT,2025-01-14,0.3,2.0,0.34155709039053717,0.610169057037054,14.622916728898387
MSFT,2025-01-14,0.3,4.0,0.31158959825166677,1.3924273815057293,14.622916728898387
MSFT,2025-01-14,0.3,8.0,0.2545440192287989,4.082051306226332,14.622916728898387
MSFT,2025-01-14,0.3,16.0,0.14330831846000425,11.129018191588237,14.622916728898387
MSFT,2025-01-14,3.0,0.25,0.5645157789273476,0.43588093012498436,14.622916728898387
MSFT,2025-01-14,3.0,0.5,0.5195314403024777,0.46543656372238273,14.622916728898387
MSFT,2025-01-14,3.0,1.0,0.4595422382992399,0.5161720000641178,14.622916728898387
MSFT,2025-01-14,3.0,2.0,0.3828716305314722,0.5083395723116364,14.622916728898387
MSFT,2025-01-14,3.0,4.0,0.3437104601064046,0.5833275564963645,14.622916728898387
MSFT,2025-01-14,3.0,8.0,0.31584092784076595,1.235214967348545,14.622916728898387
MSFT,2025-01-14,3.0,16.0,0.262503391416635,3.6197028798169195,14.622916728898387
MSFT,2025-02-12,0.03,0.25,0.32492084567740886,0.08905665117383445,18.11812591264653
MSFT,2025-02-12,0.03,0.5,0.25301633285522807,0.10053889041003737,18.11812591264653
MSFT,2025-02-12,0.03,1.0,0.2017310692428785,0.2030153108931646,18.11812591264653
MSFT,2025-02-12,0.03,2.0,0.1619126911301567,0.5014887908027799,18.11812591264653
MSFT,2025-02-12,0.03,4.0,0.08407755283779571,0.934718191021365,18.11812591264653
MSFT,2025-02-12,0.03,8.0,0.0,2.7798958365521793,18.11812591264653
MSFT,2025-02-12,0.03,16.0,0.0,2.7798958365521793,18.11812591264653
MSFT,2025-02-12,0.3,0.25,0.3894992902134081,0.07616847123455099,18.11812591264653
MSFT,2025-02-12,0.3,0.5,0.33195986476130745,0.08690375312458659,18.11812591264653
MSFT,2025-02-12,0.3,1.0,0.2620326185674255,0.10235494534028472,18.11812591264653
MSFT,2025-02-12,0.3,2.0,0.2046453937197815,0.18105737898239835,18.11812591264653
MSFT,2025-02-12,0.3,4.0,0.16754230598729525,0.46394865017355397,18.11812591264653
MSFT,2025-02-12,0.3,8.0,0.09515760925765152,0.8201393542791667,18.11812591264653
MSFT,2025-02-12,0.3,16.0,0.0,2.7798958365521793,18.11812591264653
MSFT,2025-02-12,3.0,0.25,0.4349969554068538,0.07356379697183167,18.11812591264653
MSFT,2025-02-12,3.0,0.5,0.39443652561600046,0.07570025111761065,18.11812591264653
MSFT,2025-02-12,3.0,1.0,0.33884740666823215,0.08500989330293385,18.11812591264653
MSFT,2025-02-12,3.0,2.0,0.2703828654659289,0.10472238976515512,18.11812591264653
MSFT,2025-02-12,3.0,4.0,0.20737699366954915,0.16023373588531714,18.11812591264653
MSFT,2025-02-12,3.0,8.0,0.1727683774789822,0.4378642177043202,18.11812591264653
MSFT,2025-02-12,3.0,16.0,0.10544342248849195,0.7521544567027405,18.11812591264653
MSFT,2025-03-13,0.03,0.25,0.7387218102244868,1.5852219686698419,17.961472720129667
MSFT,2025-03-13,0.03,0.5,0.6807721476139046,1.6171150785770685,17.961472720129667
MSFT,2025-03-13,0.03,1.0,0.6055778787165554,1.9411845049238232,17.961472720129667
MSFT,2025-03-13,0.03,2.0,0.45666379612381625,3.3831712809908367,17.961472720129667
MSFT,2025-03-13,0.03,4.0,0.4332307015910014,9.101967055443469,17.961472720129667
MSFT,2025-03-13,0.03,8.0,0.44061084592500377,31.567989669591388,17.961472720129667
MSFT,2025-03-13,0.03,16.0,0.4418854690273636,31.82097581871543,17.961472720129667
MSFT,2025-03-13,0.3,0.25,0.7905876216514894,1.6073116281360191,17.961472720129667
MSFT,2025-03-13,0.3,0.5,0.7456607571704443,1.5863913147508861,17.961472720129667
MSFT,2025-03-13,0.3,1.0,0.6861771796049484,1.6060113822462656,17.961472720129667
MSFT,2025-03-13,0.3,2.0,0.6164246175353353,1.8813931403405162,17.961472720129667
MSFT,2025-03-13,0.3,4.0,0.47784618193303585,3.079535158131442,17.961472720129667
MSFT,2025-03-13,0.3,8.0,0.43257236246408187,8.03187280526119,17.961472720129667
MSFT,2025-03-13,0.3,16.0,0.4402626468233266,30.025735946211945,17.961472720129667
MSFT,2025-03-13,3.0,0.25,0.8147426957806659,1.6208610591903965,17.961472720129667
MSFT,2025-03-13,3.0,0.5,0.7938189706555059,1.6086837034364343,17.961472720129667
MSFT,2025-03-13,3.0,1.0,0.7521023048907842,1.5880484926859446,17.961472720129667
MSFT,2025-03-13,3.0,2.0,0.6912059718266602,1.5964234275375013,17.961472720129667
MSFT,2025-03-13,3.0,4.0,0.6264894388079195,1.8337620821413907,17.961472720129667
MSFT,2025-03-13,3.0,8.0,0.49766240783049553,2.83035833398288,17.961472720129667
MSFT,2025-03-13,3.0,16.0,0.43196121455603376,7.137875797773407,17.961472720129667
MSFT,2025-04-10,0.03,0.25,0.5136752953823174,0.3455215486570152,23.241684315811916
MSFT,2025-04-10,0.03,0.5,0.49905401842918284,0.46962489370470534,23.241684315811916
MSFT,2025-04-10,0.03,1.0,0.469419951090576,0.7796050646325909,23.241684315811916
MSFT,2025-04-10,0.03,2.0,0.4423888749498563,1.6872153586086176,23.241684315811916
MSFT,2025-04-10,0.03,4.0,0.4476421941487109,4.954193089595868,23.241684315811916
MSFT,2025-04-10,0.03,8.0,0.4576453940756159,16.8309675551241,23.241684315811916
MSFT,2025-04-10,0.03,16.0,0.46337769268060125,19.050122231616424,23.241684315811916
MSFT,2025-04-10,0.3,0.25,0.5214726645297361,0.290728189670351,23.241684315811916
MSFT,2025-04-10,0.3,0.5,0.5147171673002805,0.3377379359444539,23.241684315811916
MSFT,2025-04-10,0.3,1.0,0.5011613419733977,0.45005585342543475,23.241684315811916
MSFT,2025-04-10,0.3,2.0,0.473692664944368,0.7313092581745692,23.241684315811916
MSFT,2025-04-10,0.3,4.0,0.4420123052975631,1.5294598662911234,23.241684315811916
MSFT,2025-04-10,0.3,8.0,0.44688905484412456,4.3636398476633556,23.241684315811916
MSFT,2025-04-10,0.3,16.0,0.45649554901440187,15.132876582594474,23.241684315811916
MSFT,2025-04-10,3.0,0.25,0.5266684181936873,0.26384444793442413,23.241684315811916
MSFT,2025-04-10,3.0,0.5,0.5219657305932957,0.2870326211802875,23.241684315811916
MSFT,2025-04-10,3.0,1.0,0.5156843555123749,0.33066028617969756,23.241684315811916
MSFT,2025-04-10,3.0,2.0,0.503117607859725,0.4324970466450749,23.241684315811916
MSFT,2025-04-10,3.0,4.0,0.4776591011269647,0.6889700449139814,23.241684315811916
MSFT,2025-04-10,3.0,8.0,0.44166272899893083,1.392163830929842,23.241684315811916
MSFT,2025-04-10,3.0,16.0,0.44618990224685995,3.8520235448021576,23.241684315811916
MSFT,2025-05-09,0.03,0.25,0.4863829006975165,0.048730925279366066,30.77552265271693
MSFT,2025-05-09,0.03,0.5,0.4817155930760313,0.05059537722428287,30.77552265271693
MSFT,2025-05-09,0.03,1.0,0.4827398527070722,0.06802170107250496,30.77552265271693
MSFT,2025-05-09,0.03,2.0,0.4847883719691542,0.1866286998724666,30.77552265271693
MSFT,2025-05-09,0.03,4.0,0.48888459748733093,0.7587532834580113,30.77552265271693
MSFT,2025-05-09,0.03,8.0,0.4970503415232731,3.2374047789073175,30.77552265271693
MSFT,2025-05-09,0.03,16.0,0.5029071646368477,6.370120128929525,30.77552265271693
MSFT,2025-05-09,0.3,0.25,0.49613575203511684,0.046326047426308185,30.77552265271693
MSFT,2025-05-09,0.3,0.5,0.4874776204293693,0.048325421570091655,30.77552265271693
MSFT,2025-05-09,0.3,1.0,0.48164217185822233,0.05041856232657233,30.77552265271693
MSFT,2025-05-09,0.3,2.0,0.4825930102714544,0.06380905817039252,30.77552265271693
MSFT,2025-05-09,0.3,4.0,0.48449468709791843,0.16276736164142466,30.77552265271693
MSFT,2025-05-09,0.3,8.0,0.48829801899373,0.6493931382135599,30.77552265271693
MSFT,2025-05-09,0.3,16.0,0.49588294838142727,2.773052559675754,30.77552265271693
MSFT,2025-05-09,3.0,0.25,0.5133426089415956,0.045650407981925815,30.77552265271693
MSFT,2025-05-09,3.0,0.5,0.49774854468490226,0.046154078165734906,30.77552265271693
MSFT,2025-05-09,3.0,1.0,0.4884953309902305,0.047960413284825094,30.77552265271693
MSFT,2025-05-09,3.0,2.0,0.48157401363727587,0.05038281878881934,30.77552265271693
MSFT,2025-05-09,3.0,4.0,0.48245669382956147,0.06041197441234109,30.77552265271693
MSFT,2025-05-09,3.0,8.0,0.4842220542141326,0.14267080739514745,30.77552265271693
MSFT,2025-05-09,3.0,16.0,0.4877527749832749,0.5559905603037968,30.77552265271693
MSFT,2025-06-09,0.03,0.25,0.5097440127031269,0.11924575681366144,29.976895633718105
MSFT,2025-06-09,0.03,0.5,0.5102612377052596,0.15538384945936598,29.976895633718105
MSFT,2025-06-09,0.03,1.0,0.5112955381348301,0.268953911786113,29.976895633718105
MSFT,2025-06-09,0.03,2.0,0.5133639942739905,0.6611694084635097,29.976895633718105
MSFT,2025-06-09,0.03,4.0,0.5174781419450472,2.094424008087718,29.976895633718105
MSFT,2025-06-09,0.03,8.0,0.5256036679458012,7.528203600865586,29.976895633718105
MSFT,2025-06-09,0.03,16.0,0.5284299073297163,14.494419775950051,29.976895633718105
MSFT,2025-06-09,0.3,0.25,0.5291222882105984,0.10582534438872472,29.976895633718105
MSFT,2025-06-09,0.3,0.5,0.5099582344356285,0.11718934161191666,29.976895633718105
MSFT,2025-06-09,0.3,1.0,0.5101870967405883,0.1493578501195996,29.976895633718105
MSFT,2025-06-09,0.3,2.0,0.5111472562054873,0.24929087356397098,29.976895633718105
MSFT,2025-06-09,0.3,4.0,0.5130675751352854,0.5915105116100352,29.976895633718105
MSFT,2025-06-09,0.3,8.0,0.5168895812588062,1.8358543037130597,29.976895633718105
MSFT,2025-06-09,0.3,16.0,0.5244971010903676,6.5555562881173435,29.976895633718105
MSFT,2025-06-09,3.0,0.25,0.5537354033503769,0.09943613134785764,29.976895633718105
MSFT,2025-06-09,3.0,0.5,0.5318856715943122,0.1049323117761436,29.976895633718105
MSFT,2025-06-09,3.0,1.0,0.511163682200541,0.11536756230769872,29.976895633718105
MSFT,2025-06-09,3.0,2.0,0.5101182703658417,0.14401704196199702,29.976895633718105
MSFT,2025-06-09,3.0,4.0,0.5110096034559944,0.2320502622016429,29.976895633718105
MSFT,2025-06-09,3.0,8.0,0.5127922696362998,0.5307933086969386,29.976895633718105
MSFT,2025-06-09,3.0,16.0,0.5163432099169742,1.6117608602497369,29.976895633718105
MSFT,2025-07-09,0.03,0.25,0.5756677467609531,0.47872134799486177,12.589902723057813
MSFT,2025-07-09,0.03,0.5,0.45912990382805685,0.5674398216649114,12.589902723057813
MSFT,2025-07-09,0.03,1.0,0.4376576348482317,1.1285102864042464,12.589902723057813
MSFT,2025-07-09,0.03,2.0,0.40142462021648373,2.6084772872350523,12.589902723057813
MSFT,2025-07-09,0.03,4.0,0.33040294260581515,6.107250577945195,12.589902723057813
MSFT,2025-07-09,0.03,8.0,0.18001962428368795,11.125050312536862,12.589902723057813
MSFT,2025-07-09,0.03,16.0,0.0,17.24403763294124,12.589902723057813
MSFT,2025-07-09,0.3,0.25,0.7034256105361646,0.46312538825571126,12.589902723057813
MSFT,2025-07-09,0.3,0.5,0.5868059340299062,0.46165356429920623,12.589902723057813
MSFT,2025-07-09,0.3,1.0,0.4683552552220738,0.5560341789946489,12.589902723057813
MSFT,2025-07-09,0.3,2.0,0.4403326676811336,1.0312995846118194,12.589902723057813
MSFT,2025-07-09,0.3,4.0,0.4064801972733905,2.455266551038432,12.589902723057813
MSFT,2025-07-09,0.3,8.0,0.3407141438729937,5.461129090028345,12.589902723057813
MSFT,2025-07-09,0.3,16.0,0.20182098382849883,10.536862697291047,12.589902723057813
MSFT,2025-07-09,3.0,0.25,0.7869805208890116,0.47638344449566555,12.589902723057813
MSFT,2025-07-09,3.0,0.5,0.7128413216218054,0.464582353581868,12.589902723057813
MSFT,2025-07-09,3.0,1.0,0.5995111479646738,0.45409949954323553,12.589902723057813
MSFT,2025-07-09,3.0,2.0,0.4799045743381239,0.5465087650295991,12.589902723057813
MSFT,2025-07-09,3.0,4.0,0.44281594818648246,0.9463191914976566,12.589902723057813
MSFT,2025-07-09,3.0,8.0,0.411173379276352,2.325467466708568,12.589902723057813
MSFT,2025-07-09,3.0,16.0,0.35023324322440585,4.903900161391142,12.589902723057813
MSFT,2025-08-06,0.03,0.25,0.6939721951278589,0.14152221296176395,16.35303418641834
MSFT,2025-08-06,0.03,0.5,0.5264896067254737,0.1979555152465788,16.35303418641834
MSFT,2025-08-06,0.03,1.0,0.3353210582711985,0.3324811171640186,16.35303418641834
MSFT,2025-08-06,0.03,2.0,0.1949266378753104,0.463191502686103,16.35303418641834
MSFT,2025-08-06,0.03,4.0,0.07043923232460474,1.3705469000990786,16.35303418641834
MSFT,2025-08-06,0.03,8.0,0.0,2.903142271086708,16.35303418641834
MSFT,2025-08-06,0.03,16.0,0.0,2.903142271086708,16.35303418641834
MSFT,2025-08-06,0.3,0.25,0.8358807939696241,0.13928069227516546,16.35303418641834
MSFT,2025-08-06,0.3,0.5,0.7112450208091473,0.13988981665646114,16.35303418641834
MSFT,2025-08-06,0.3,1.0,0.5425546559433769,0.18413647038162778,16.35303418641834
MSFT,2025-08-06,0.3,2.0,0.3560615409265908,0.3167770072062994,16.35303418641834
MSFT,2025-08-06,0.3,4.0,0.20341504830416496,0.4586896153935103,16.35303418641834
MSFT,2025-08-06,0.3,8.0,0.08835705679890302,1.0894240949634582,16.35303418641834
MSFT,2025-08-06,0.3,16.0,0.0,2.903142271086708,16.35303418641834
MSFT,2025-08-06,3.0,0.25,0.9237534020289463,0.15125983590091738,16.35303418641834
MSFT,2025-08-06,3.0,0.5,0.847026511710663,0.140638675586876,16.35303418641834
MSFT,2025-08-06,3.0,1.0,0.7272787661146575,0.13868892558453852,16.35303418641834
MSFT,2025-08-06,3.0,2.0,0.5590378701131167,0.17268317601641903,16.35303418641834
MSFT,2025-08-06,3.0,4.0,0.37522605168631484,0.2944017675387973,16.35303418641834
MSFT,2025-08-06,3.0,8.0,0.21129499051650377,0.463888560339927,16.35303418641834
MSFT,2025-08-06,3.0,16.0,0.10499049159941033,0.875396446584195,16.35303418641834
MSFT,2025-09-04,0.03,0.25,0.707622909837728,0.19317519277842943,14.611806830381193
MSFT,2025-09-04,0.03,0.5,0.5924709201076677,0.24655603727993428,14.611806830381193
MSFT,2025-09-04,0.03,1.0,0.5017290722182088,0.4266242238163326,14.611806830381193
MSFT,2025-09-04,0.03,2.0,0.4931792294260856,1.114874880498216,14.611806830381193
MSFT,2025-09-04,0.03,4.0,0.4760604270319352,4.479163341302274,14.611806830381193
MSFT,2025-09-04,0.03,8.0,0.43763374764652724,9.420808851575446,14.611806830381193
MSFT,2025-09-04,0.03,16.0,0.3549716997710925,11.002031325584868,14.611806830381193
MSFT,2025-09-04,0.3,0.25,0.8081272477463611,0.17400960623046843,14.611806830381193
MSFT,2025-09-04,0.3,0.5,0.7172754240425887,0.1872839837833037,14.611806830381193
MSFT,2025-09-04,0.3,1.0,0.6070775819582447,0.23726607723340568,14.611806830381193
MSFT,2025-09-04,0.3,2.0,0.5023419440437193,0.4028881742520358,14.611806830381193
MSFT,2025-09-04,0.3,4.0,0.4944049730771065,0.9752792526120306,14.611806830381193
MSFT,2025-09-04,0.3,8.0,0.4785273505192871,3.8413269076309806,14.611806830381193
MSFT,2025-09-04,0.3,16.0,0.4433926120677836,9.230719028146142,14.611806830381193
MSFT,2025-09-04,3.0,0.25,0.8757689673815476,0.17583048181911257,14.611806830381193
MSFT,2025-09-04,3.0,0.5,0.8171807284039263,0.1746325728094537,14.611806830381193
MSFT,2025-09-04,3.0,1.0,0.7262288616367981,0.18224308510207185,14.611806830381193
MSFT,2025-09-04,3.0,2.0,0.620642023700396,0.22947250363381205,14.611806830381193
MSFT,2025-09-04,3.0,4.0,0.5104532516563933,0.3832726402428502,14.611806830381193
MSFT,2025-09-04,3.0,8.0,0.49554285268579656,0.8579506671473957,14.611806830381193
MSFT,2025-09-04,3.0,16.0,0.4808067903612611,3.2908842669163434,14.611806830381193
MSFT,2025-10-02,0.03,0.25,0.5699196828825109,0.19371627877273012,18.191835540512173
MSFT,2025-10-02,0.03,0.5,0.47291574703871714,0.23964966355039835,18.191835540512173
MSFT,2025-10-02,0.03,1.0,0.380673351706902,0.44484105450840516,18.191835540512173
MSFT,2025-10-02,0.03,2.0,0.3315755808848537,1.3526108758906206,18.191835540512173
MSFT,2025-10-02,0.03,4.0,0.23703092384200158,3.136828434834374,18.191835540512173
MSFT,2025-10-02,0.03,8.0,0.05085370884878845,8.664581500133796,18.191835540512173
MSFT,2025-10-02,0.03,16.0,0.0,10.297196589052568,18.191835540512173
MSFT,2025-10-02,0.3,0.25,0.6399227205324679,0.1653505301072523,18.191835540512173
MSFT,2025-10-02,0.3,0.5,0.57907249237137,0.19271971874502072,18.191835540512173
MSFT,2025-10-02,0.3,1.0,0.4839499920621426,0.23408790457456188,18.191835540512173
MSFT,2025-10-02,0.3,2.0,0.38427559327812405,0.40270507901352864,18.191835540512173
MSFT,2025-10-02,0.3,4.0,0.3384331933989416,1.212428172749056,18.191835540512173
MSFT,2025-10-02,0.3,8.0,0.2504326430382354,2.8411015412412874,18.191835540512173
MSFT,2025-10-02,0.3,16.0,0.07817425847859191,7.980752149647936,18.191835540512173
MSFT,2025-10-02,3.0,0.25,0.6793712134139344,0.14762523701611147,18.191835540512173
MSFT,2025-10-02,3.0,0.5,0.645201938043925,0.16266343815069806,18.191835540512173
MSFT,2025-10-02,3.0,1.0,0.5875692080353042,0.19211800426437964,18.191835540512173
MSFT,2025-10-02,3.0,2.0,0.49421437988988637,0.22381929546541635,18.191835540512173
MSFT,2025-10-02,3.0,4.0,0.38761961812871604,0.3676315911885253,18.191835540512173
MSFT,2025-10-02,3.0,8.0,0.34487290733953513,1.0768791989147688,18.191835540512173
MSFT,2025-10-02,3.0,16.0,0.26287369707272606,2.614791032209379,18.191835540512173
MSFT,2025-10-30,0.03,0.25,0.3674143328925814,0.06676475788918518,16.597870680001193
MSFT,2025-10-30,0.03,0.5,0.28790649745537783,0.08923417766822687,16.597870680001193
MSFT,2025-10-30,0.03,1.0,0.23198885723251206,0.18509470996751468,16.597870680001193
MSFT,2025-10-30,0.03,2.0,0.1704778529018612,0.33134162451087745,16.597870680001193
MSFT,2025-10-30,0.03,4.0,0.0509718928850204,0.8113394630858345,16.597870680001193
MSFT,2025-10-30,0.03,8.0,0.0,1.5472316983625731,16.597870680001193
MSFT,2025-10-30,0.03,16.0,0.0,1.5472316983625731,16.597870680001193
MSFT,2025-10-30,0.3,0.25,0.42726147773696854,0.059111926094924334,16.597870680001193
MSFT,2025-10-30,0.3,0.5,0.3752297384255228,0.06644072496121392,16.597870680001193
MSFT,2025-10-30,0.3,1.0,0.29682374535721806,0.08614457952081495,16.597870680001193
MSFT,2025-10-30,0.3,2.0,0.23645348309178685,0.17034126129944782,16.597870680001193
MSFT,2025-10-30,0.3,4.0,0.17917762519954353,0.3287602265424383,16.597870680001193
MSFT,2025-10-30,0.3,8.0,0.06803554159406824,0.7067287859723822,16.597870680001193
MSFT,2025-10-30,0.3,16.0,0.0,1.5472316983625731,16.597870680001193
MSFT,2025-10-30,3.0,0.25,0.4627579739410842,0.05223450333777775,16.597870680001193
MSFT,2025-10-30,3.0,0.5,0.43155711145047637,0.057935646229356874,16.597870680001193
MSFT,2025-10-30,3.0,1.0,0.38248491823589403,0.06632595826299176,16.597870680001193
MSFT,2025-10-30,3.0,2.0,0.30510460828225067,0.08394962159623515,16.597870680001193
MSFT,2025-10-30,3.0,4.0,0.24064529094433795,0.15160728518998148,16.597870680001193
MSFT,2025-10-30,3.0,8.0,0.18735154424938272,0.3231867954294832,16.597870680001193
MSFT,2025-10-30,3.0,16.0,0.08394148766222692,0.6616546863349705,16.597870680001193
MSFT,2025-11-28,0.03,0.25,0.476713911402512,1.6206545343107406,19.719295495509183
MSFT,2025-11-28,0.03,0.5,0.3512578435778674,0.8783101294632819,19.719295495509183
MSFT,2025-11-28,0.03,1.0,0.24176243852783835,0.270670624202755,19.719295495509183
MSFT,2025-11-28,0.03,2.0,0.1757881366776025,0.4923481691183307,19.719295495509183
MSFT,2025-11-28,0.03,4.0,0.07728228126267322,1.9543804100552185,19.719295495509183
MSFT,2025-11-28,0.03,8.0,0.0,4.26102418279821,19.719295495509183
MSFT,2025-11-28,0.03,16.0,0.0,4.26102418279821,19.719295495509183
MSFT,2025-11-28,0.3,0.25,0.5602212827923888,2.1288774809971094,19.719295495509183
MSFT,2025-11-28,0.3,0.5,0.48578100548711667,1.6832965073047363,19.719295495509183
MSFT,2025-11-28,0.3,1.0,0.36922742852551693,0.9664503496758894,19.719295495509183
MSFT,2025-11-28,0.3,2.0,0.25242031789620945,0.29463325635775683,19.719295495509183
MSFT,2025-11-28,0.3,4.0,0.1829227568073853,0.4585148889446549,19.719295495509183
MSFT,2025-11-28,0.3,8.0,0.09118552865409459,1.6547214776866532,19.719295495509183
MSFT,2025-11-28,0.3,16.0,0.0,4.26102418279821,19.719295495509183
MSFT,2025-11-28,3.0,0.25,0.6092220850862415,2.3971750051073695,19.719295495509183
MSFT,2025-11-28,3.0,0.5,0.5661575451023927,2.1636979254360047,19.719295495509183
MSFT,2025-11-28,3.0,1.0,0.49595001834242586,1.7426800966832439,19.719295495509183
MSFT,2025-11-28,3.0,2.0,0.3859085002499359,1.053996029643217,19.719295495509183
MSFT,2025-11-28,3.0,4.0,0.2623261594152876,0.3303472764524043,19.719295495509183
MSFT,2025-11-28,3.0,8.0,0.18954595143267905,0.43726233922429897,19.719295495509183
MSFT,2025-11-28,3.0,16.0,0.10412662253044398,1.4115750521980248,19.719295495509183
MSFT,2025-12-29,0.03,0.25,0.42884650128377816,2.8812637756551736,20.451175757834896
MSFT,2025-12-29,0.03,0.5,0.36857423654635185,2.201843385146409,20.451175757834896
MSFT,2025-12-29,0.03,1.0,0.2975177570281819,1.177078963534563,20.451175757834896
MSFT,2025-12-29,0.03,2.0,0.17374867984992376,0.47490917176537645,20.451175757834896
MSFT,2025-12-29,0.03,4.0,0.08014842639500942,1.172095329395417,20.451175757834896
MSFT,2025-12-29,0.03,8.0,0.0,5.568636884518431,20.451175757834896
MSFT,2025-12-29,0.03,16.0,0.0,5.568636884518431,20.451175757834896
MSFT,2025-12-29,0.3,0.25,0.4632805385421913,3.2862575651761885,20.451175757834896
MSFT,2025-12-29,0.3,0.5,0.4331916859005776,2.9335046707343833,20.451175757834896
MSFT,2025-12-29,0.3,1.0,0.37671073977730735,2.2921063571608666,20.451175757834896
MSFT,2025-12-29,0.3,2.0,0.30763724616468546,1.301060203719344,20.451175757834896
MSFT,2025-12-29,0.3,4.0,0.180579381804612,0.41031214163720525,20.451175757834896
MSFT,2025-12-29,0.3,8.0,0.0933349151354888,0.8702729953122416,20.451175757834896
MSFT,2025-12-29,0.3,16.0,0.0,5.568636884518431,20.451175757834896
MSFT,2025-12-29,3.0,0.25,0.4844137863345759,3.484554909391832,20.451175757834896
MSFT,2025-12-29,3.0,0.5,0.4661076422323046,3.312303996257195,20.451175757834896
MSFT,2025-12-29,3.0,1.0,0.437225397980042,2.9826163370892376,20.451175757834896
MSFT,2025-12-29,3.0,2.0,0.3848109785872539,2.3780516888625245,20.451175757834896
MSFT,2025-12-29,3.0,4.0,0.31703910852612777,1.4242919979369049,20.451175757834896
MSFT,2025-12-29,3.0,8.0,0.19461699788914819,0.4113962362818359,20.451175757834896
MSFT,2025-12-29,3.0,16.0,0.1057030443466646,0.6841409885888229,20.451175757834896
MSFT,2026-01-28,0.03,0.25,0.25305702330638596,2.1803702911527725,19.01978534433254
MSFT,2026-01-28,0.03,0.5,0.2366692799891311,1.6672106102203963,19.01978534433254
MSFT,2026-01-28,0.03,1.0,0.2123063217033364,0.8675270860838148,19.01978534433254
MSFT,2026-01-28,0.03,2.0,0.16358040513174685,0.1879016656347444,19.01978534433254
MSFT,2026-01-28,0.03,4.0,0.06860799400732155,2.0791275304212755,19.01978534433254
MSFT,2026-01-28,0.03,8.0,0.0,6.088334465253714,19.01978534433254
MSFT,2026-01-28,0.03,16.0,0.0,6.088334465253714,19.01978534433254
MSFT,2026-01-28,0.3,0.25,0.26304249949301767,2.48696275879592,19.01978534433254
MSFT,2026-01-28,0.3,0.5,0.2543368697699907,2.220094380315412,19.01978534433254
MSFT,2026-01-28,0.3,1.0,0.23841567124830218,1.7363095580587127,19.01978534433254
MSFT,2026-01-28,0.3,2.0,0.2157991042216783,0.9633475416658218,19.01978534433254
MSFT,2026-01-28,0.3,4.0,0.17056597016843078,0.21003281642029267,19.01978534433254
MSFT,2026-01-28,0.3,8.0,0.08174870526246487,1.6343262144103923,19.01978534433254
MSFT,2026-01-28,0.3,16.0,0.0,6.088334465253714,19.01978534433254
MSFT,2026-01-28,3.0,0.25,0.268912985451943,2.636973283670864,19.01978534433254
MSFT,2026-01-28,3.0,0.5,0.2637340757141419,2.5067297787167337,19.01978534433254
MSFT,2026-01-28,3.0,1.0,0.25552497398083207,2.2573239675705605,19.01978534433254
MSFT,2026-01-28,3.0,2.0,0.24015445771594093,1.8018052017409694,19.01978534433254
MSFT,2026-01-28,3.0,4.0,0.21904151628875312,1.0579392924824818,19.01978534433254
MSFT,2026-01-28,3.0,8.0,0.1770507943025804,0.2531372348302763,19.01978534433254
MSFT,2026-01-28,3.0,16.0,0.09422083780420039,1.2165132593652224,19.01978534433254
MSFT,2026-02-26,0.03,0.25,0.6281708302279114,0.2596155420778131,26.0533037249541
MSFT,2026-02-26,0.03,0.5,0.5748700952488671,0.37252200663786,26.0533037249541
MSFT,2026-02-26,0.03,1.0,0.5251501373275187,0.6819535824212574,26.0533037249541
MSFT,2026-02-26,0.03,2.0,0.4643132348658336,1.0975563402555208,26.0533037249541
MSFT,2026-02-26,0.03,4.0,0.3978317718952468,2.2971572064807475,26.0533037249541
MSFT,2026-02-26,0.03,8.0,0.38644058814381244,10.43437004912097,26.0533037249541
MSFT,2026-02-26,0.03,16.0,0.35441653309769755,16.103127925202042,26.0533037249541
MSFT,2026-02-26,0.3,0.25,0.6696630472466556,0.21432295793165707,26.0533037249541
MSFT,2026-02-26,0.3,0.5,0.6330284114331621,0.2527408773596557,26.0533037249541
MSFT,2026-02-26,0.3,1.0,0.57989416529772,0.35490998338757956,26.0533037249541
MSFT,2026-02-26,0.3,2.0,0.5295031902721354,0.6332621366811484,26.0533037249541
MSFT,2026-02-26,0.3,4.0,0.47307668714703105,1.053305147378376,26.0533037249541
MSFT,2026-02-26,0.3,8.0,0.3986307771932105,2.0184358220513365,26.0533037249541
MSFT,2026-02-26,0.3,16.0,0.3882379809056903,8.91663867399277,26.0533037249541
MSFT,2026-02-26,3.0,0.25,0.6975898726636113,0.1977848106710092,26.0533037249541
MSFT,2026-02-26,3.0,0.5,0.6725860571576409,0.2119707797941789,26.0533037249541
MSFT,2026-02-26,3.0,1.0,0.6375385845010924,0.24658507647347697,26.0533037249541
MSFT,2026-02-26,3.0,2.0,0.5845580987853286,0.339434445799588,26.0533037249541
MSFT,2026-02-26,3.0,4.0,0.5335525400304867,0.5911602696312417,26.0533037249541
MSFT,2026-02-26,3.0,8.0,0.48121331604075673,1.0219475549965649,26.0533037249541
MSFT,2026-02-26,3.0,16.0,0.3993725080070155,1.7978610385406704,26.0533037249541
MSFT,2026-03-26,0.03,0.25,0.45776514237700405,0.07520794944096677,24.76846976547369
MSFT,2026-03-26,0.03,0.5,0.4268525696394299,0.10637065479098747,24.76846976547369
MSFT,2026-03-26,0.03,1.0,0.4183449010766662,0.2227963170227247,24.76846976547369
MSFT,2026-03-26,0.03,2.0,0.4203572179502131,0.6797479004890029,24.76846976547369
MSFT,2026-03-26,0.03,4.0,0.4243638850202003,2.481218821015214,24.76846976547369
MSFT,2026-03-26,0.03,8.0,0.4322090406272538,9.37284754939129,24.76846976547369
MSFT,2026-03-26,0.03,16.0,0.43625864973573514,20.459951363433287,24.76846976547369
MSFT,2026-03-26,0.3,0.25,0.48414317160372056,0.06658992971230872,24.76846976547369
MSFT,2026-03-26,0.3,0.5,0.4609438439762935,0.07398108788373985,24.76846976547369
MSFT,2026-03-26,0.3,1.0,0.429706962524859,0.10078501833606919,24.76846976547369
MSFT,2026-03-26,0.3,2.0,0.4182006194339456,0.20157517476876,24.76846976547369
MSFT,2026-03-26,0.3,4.0,0.42006889809725695,0.5960431978734506,24.76846976547369
MSFT,2026-03-26,0.3,8.0,0.423790938137751,2.1505956515310127,24.76846976547369
MSFT,2026-03-26,0.3,16.0,0.4312075508163225,8.307392682344986,24.76846976547369
MSFT,2026-03-26,3.0,0.25,0.5011730649088495,0.061354410587305244,24.76846976547369
MSFT,2026-03-26,3.0,0.5,0.4861271982504406,0.06595704964633448,24.76846976547369
MSFT,2026-03-26,3.0,1.0,0.4638962268009952,0.07295084275053693,24.76846976547369
MSFT,2026-03-26,3.0,2.0,0.4323567461536092,0.0959859774342236,24.76846976547369
MSFT,2026-03-26,3.0,4.0,0.4180666802215962,0.18326372350857667,24.76846976547369
MSFT,2026-03-26,3.0,8.0,0.4198012456552591,0.5238430718645978,24.76846976547369
MSFT,2026-03-26,3.0,16.0,0.423259061367385,1.8654542821474678,24.76846976547369
MSFT,2026-04-24,0.03,0.25,0.49045860572601874,0.4206923697656045,22.17914666317715
MSFT,2026-04-24,0.03,0.5,0.4193974703583264,0.5547650052153211,22.17914666317715
MSFT,2026-04-24,0.03,1.0,0.34996306098490715,0.9482078737871141,22.17914666317715
MSFT,2026-04-24,0.03,2.0,0.2976766242792867,1.7012932162824839,22.17914666317715
MSFT,2026-04-24,0.03,4.0,0.23377845673814823,5.616897103327297,22.17914666317715
MSFT,2026-04-24,0.03,8.0,0.11251586692945005,15.445993358749565,22.17914666317715
MSFT,2026-04-24,0.03,16.0,0.0,20.24550421308637,22.17914666317715
MSFT,2026-04-24,0.3,0.25,0.5458808325611282,0.3562918278032467,22.17914666317715
MSFT,2026-04-24,0.3,0.5,0.49663269712090335,0.4141182817455174,22.17914666317715
MSFT,2026-04-24,0.3,1.0,0.42913198939913444,0.5308470579750977,22.17914666317715
MSFT,2026-04-24,0.3,2.0,0.35782875875062553,0.9126620512828172,22.17914666317715
MSFT,2026-04-24,0.3,4.0,0.3024202950091388,1.5315037084339247,22.17914666317715
MSFT,2026-04-24,0.3,8.0,0.24272942073831488,4.880546375277074,22.17914666317715
MSFT,2026-04-24,0.3,16.0,0.13020202967735794,14.843679149521403,22.17914666317715
MSFT,2026-04-24,3.0,0.25,0.5772692902622619,0.3291070205557009,22.17914666317715
MSFT,2026-04-24,3.0,0.5,0.5500801857180918,0.3523805322680109,22.17914666317715
MSFT,2026-04-24,3.0,1.0,0.5023692914185658,0.40779049799645484,22.17914666317715
MSFT,2026-04-24,3.0,2.0,0.43816871637521554,0.5100401798748606,22.17914666317715
MSFT,2026-04-24,3.0,4.0,0.36507650960437216,0.8606407346711872,22.17914666317715
MSFT,2026-04-24,3.0,8.0,0.3068239288271424,1.3906981544479715,22.17914666317715
MSFT,2026-04-24,3.0,16.0,0.25103875964896366,4.261133782451173,22.17914666317715
MSFT,2026-05-22,0.03,0.25,0.4360603193923699,0.24099350948832265,21.869744418858815
MSFT,2026-05-22,0.03,0.5,0.38183167500063553,0.3567626524107861,21.869744418858815
MSFT,2026-05-22,0.03,1.0,0.32668595312389787,0.6735119107362502,21.869744418858815
MSFT,2026-05-22,0.03,2.0,0.2820809293220224,1.6657464756565725,21.869744418858815
MSFT,2026-05-22,0.03,4.0,0.2278009902224298,5.001941499080875,21.869744418858815
MSFT,2026-05-22,0.03,8.0,0.1269838835442401,12.588097943518505,21.869744418858815
MSFT,2026-05-22,0.03,16.0,0.0,18.133496763217956,21.869744418858815
MSFT,2026-05-22,0.3,0.25,0.5018456270920088,0.19201021226254159,21.869744418858815
MSFT,2026-05-22,0.3,0.5,0.44443133068235274,0.2334767268474633,21.869744418858815
MSFT,2026-05-22,0.3,1.0,0.38743771789916237,0.3373555478746599,21.869744418858815
MSFT,2026-05-22,0.3,2.0,0.3323576969398933,0.6219276459683131,21.869744418858815
MSFT,2026-05-22,0.3,4.0,0.2861946671882408,1.4899499808632939,21.869744418858815
MSFT,2026-05-22,0.3,8.0,0.23523050446998608,4.5492959628833365,21.869744418858815
MSFT,2026-05-22,0.3,16.0,0.14164687135936835,11.971795647286733,21.869744418858815
MSFT,2026-05-22,3.0,0.25,0.5365779106154185,0.17452289505401153,21.869744418858815
MSFT,2026-05-22,3.0,0.5,0.5064051036156513,0.1894468117129028,21.869744418858815
MSFT,2026-05-22,3.0,1.0,0.4524557743403044,0.2267617280074325,21.869744418858815
MSFT,2026-05-22,3.0,2.0,0.3926300235955575,0.3196207031282594,21.869744418858815
MSFT,2026-05-22,3.0,4.0,0.33762287749258074,0.5781339507808101,21.869744418858815
MSFT,2026-05-22,3.0,8.0,0.2900354117228492,1.3396336924093388,21.869744418858815
MSFT,2026-05-22,3.0,16.0,0.24225281445330238,4.067583872615506,21.869744418858815
GOOGL,2024-10-16,0.03,0.25,0.2575487705973329,0.0386542582715482,6.8298320010423135
GOOGL,2024-10-16,0.03,0.5,0.22704977519415284,0.049144420319513764,6.8298320010423135
GOOGL,2024-10-16,0.03,1.0,0.20353439487380545,0.11522738715632036,6.8298320010423135
GOOGL,2024-10-16,0.03,2.0,0.1815734975089331,0.3254648367100982,6.8298320010423135
GOOGL,2024-10-16,0.03,4.0,0.18408868459060534,1.2268533254866485,6.8298320010423135
GOOGL,2024-10-16,0.03,8.0,0.18631314692403383,3.5821870306625816,6.8298320010423135
GOOGL,2024-10-16,0.03,16.0,0.18709576609517076,6.154375695273598,6.8298320010423135
GOOGL,2024-10-16,0.3,0.25,0.28766874920093,0.03607296450049809,6.8298320010423135
GOOGL,2024-10-16,0.3,0.5,0.2607795228508806,0.03845496673877759,6.8298320010423135
GOOGL,2024-10-16,0.3,1.0,0.23013995335544488,0.04646362974228664,6.8298320010423135
GOOGL,2024-10-16,0.3,2.0,0.20674266417015563,0.10501961061413821,6.8298320010423135
GOOGL,2024-10-16,0.3,4.0,0.1813903830062693,0.2872134803633104,6.8298320010423135
GOOGL,2024-10-16,0.3,8.0,0.18373873095671592,1.0583681782126595,6.8298320010423135
GOOGL,2024-10-16,0.3,16.0,0.1861812535888553,3.2776331310584754,6.8298320010423135
GOOGL,2024-10-16,3.0,0.25,0.30698771273267594,0.0327253123611967,6.8298320010423135
GOOGL,2024-10-16,3.0,0.5,0.29025403105696057,0.03555581207073826,6.8298320010423135
GOOGL,2024-10-16,3.0,1.0,0.2637771081606055,0.038367700298651594,6.8298320010423135
GOOGL,2024-10-16,3.0,2.0,0.23348025816599444,0.044368531576890885,6.8298320010423135
GOOGL,2024-10-16,3.0,4.0,0.209720957558388,0.09661945910858277,6.8298320010423135
GOOGL,2024-10-16,3.0,8.0,0.18122039456010192,0.25497502080911183,6.8298320010423135
GOOGL,2024-10-16,3.0,16.0,0.18341200504843508,0.9133833351888623,6.8298320010423135
GOOGL,2024-11-13,0.03,0.25,0.27892519675040817,0.14745083715887802,6.881564430792632
GOOGL,2024-11-13,0.03,0.5,0.23465488137935314,0.206029589846697,6.881564430792632
GOOGL,2024-11-13,0.03,1.0,0.20882994909101069,0.3179492513571996,6.881564430792632
GOOGL,2024-11-13,0.03,2.0,0.19303170775337675,0.7052332042837042,6.881564430792632
GOOGL,2024-11-13,0.03,4.0,0.1944721156840896,2.6604195325441546,6.881564430792632
GOOGL,2024-11-13,0.03,8.0,0.19326746514349255,4.4878021133596055,6.881564430792632
GOOGL,2024-11-13,0.03,16.0,0.1893712266457218,6.389957706728793,6.881564430792632
GOOGL,2024-11-13,0.3,0.25,0.3115330280712047,0.11735443292700774,6.881564430792632
GOOGL,2024-11-13,0.3,0.5,0.28280062973798004,0.14411159341706192,6.881564430792632
GOOGL,2024-11-13,0.3,1.0,0.23884126031071623,0.19560538559134247,6.881564430792632
GOOGL,2024-11-13,0.3,2.0,0.21194291668558185,0.31109634613523085,6.881564430792632
GOOGL,2024-11-13,0.3,4.0,0.19292515169748298,0.6173460782882073,6.881564430792632
GOOGL,2024-11-13,0.3,8.0,0.19430510144674928,2.3497429090068827,6.881564430792632
GOOGL,2024-11-13,0.3,16.0,0.1935185628226863,4.214638981104222,6.881564430792632
GOOGL,2024-11-13,3.0,0.25,0.32988009972822935,0.10323477738728624,6.881564430792632
GOOGL,2024-11-13,3.0,0.5,0.31398557460753174,0.1153896076011577,6.881564430792632
GOOGL,2024-11-13,3.0,1.0,0.28639758322848424,0.1411360044060557,6.881564430792632
GOOGL,2024-11-13,3.0,2.0,0.24324681249257085,0.1870180489972186,6.881564430792632
GOOGL,2024-11-13,3.0,4.0,0.21483273981085382,0.3063200556533648,6.881564430792632
GOOGL,2024-11-13,3.0,8.0,0.1928262338176449,0.5426319806080199,6.881564430792632
GOOGL,2024-11-13,3.0,16.0,0.19410726568707318,2.0222955692123326,6.881564430792632
GOOGL,2024-12-12,0.03,0.25,0.23580264009389298,0.11733320537499653,12.090746416124238
GOOGL,2024-12-12,0.03,0.5,0.18561420805457157,0.10982351286149104,12.090746416124238
GOOGL,2024-12-12,0.03,1.0,0.15795930564320299,0.1538075824800893,12.090746416124238
GOOGL,2024-12-12,0.03,2.0,0.14095097270015294,0.40880881370589994,12.090746416124238
GOOGL,2024-12-12,0.03,4.0,0.10782624102629751,1.6775069101147246,12.090746416124238
GOOGL,2024-12-12,0.03,8.0,0.03987827985381252,5.737339560954649,12.090746416124238
GOOGL,2024-12-12,0.03,16.0,0.0,7.305220339279299,12.090746416124238
GOOGL,2024-12-12,0.3,0.25,0.2780570315790708,0.1268823663837983,12.090746416124238
GOOGL,2024-12-12,0.3,0.5,0.23939600748621104,0.11840744276291973,12.090746416124238
GOOGL,2024-12-12,0.3,1.0,0.19281314370955815,0.1099069420194765,12.090746416124238
GOOGL,2024-12-12,0.3,2.0,0.15921793905379192,0.14158244441185558,12.090746416124238
GOOGL,2024-12-12,0.3,4.0,0.14335483706251437,0.358171425554502,12.090746416124238
GOOGL,2024-12-12,0.3,8.0,0.11257594064091386,1.422256104365716,12.090746416124238
GOOGL,2024-12-12,0.3,16.0,0.04983751253818284,5.344989296525051,12.090746416124238
GOOGL,2024-12-12,3.0,0.25,0.30375493942180476,0.13379256615595891,12.090746416124238
GOOGL,2024-12-12,3.0,0.5,0.2814903516790739,0.12782527970516452,12.090746416124238
GOOGL,2024-12-12,3.0,1.0,0.2433718240712982,0.11938734120044736,12.090746416124238
GOOGL,2024-12-12,3.0,2.0,0.19949406821327292,0.11029740396746651,12.090746416124238
GOOGL,2024-12-12,3.0,4.0,0.1603863508106323,0.13200883088864623,12.090746416124238
GOOGL,2024-12-12,3.0,8.0,0.14558638705888569,0.3173420763776891,12.090746416124238
GOOGL,2024-12-12,3.0,16.0,0.11698517117975746,1.2083662987668247,12.090746416124238
GOOGL,2025-01-14,0.03,0.25,0.1651797278547488,0.06562077770683658,10.27553083614856
GOOGL,2025-01-14,0.03,0.5,0.14878123401124987,0.06428108407311989,10.27553083614856
GOOGL,2025-01-14,0.03,1.0,0.13398684934681665,0.1142654513487372,10.27553083614856
GOOGL,2025-01-14,0.03,2.0,0.1157076385452657,0.3486681178672868,10.27553083614856
GOOGL,2025-01-14,0.03,4.0,0.08146807710950806,1.2930468730470643,10.27553083614856
GOOGL,2025-01-14,0.03,8.0,0.014650813027617421,4.548463797230103,10.27553083614856
GOOGL,2025-01-14,0.03,16.0,0.0,5.20484406657964,10.27553083614856
GOOGL,2025-01-14,0.3,0.25,0.18669440344039373,0.07147874837304188,10.27553083614856
GOOGL,2025-01-14,0.3,0.5,0.16668719980991487,0.06620930611881246,10.27553083614856
GOOGL,2025-01-14,0.3,1.0,0.15098422453628493,0.06337237970907424,10.27553083614856
GOOGL,2025-01-14,0.3,2.0,0.1353449296124135,0.10282067069015234,10.27553083614856
GOOGL,2025-01-14,0.3,4.0,0.11824940729679884,0.3102867426574984,10.27553083614856
GOOGL,2025-01-14,0.3,8.0,0.08619648942317522,1.1171592240308583,10.27553083614856
GOOGL,2025-01-14,0.3,16.0,0.024376426214392552,4.111438445163966,10.27553083614856
GOOGL,2025-01-14,3.0,0.25,0.20519384333951932,0.07603468686149441,10.27553083614856
GOOGL,2025-01-14,3.0,0.5,0.18891031082358398,0.07209528099470315,10.27553083614856
GOOGL,2025-01-14,3.0,1.0,0.16808661280873147,0.06684623185269804,10.27553083614856
GOOGL,2025-01-14,3.0,2.0,0.15302929978059643,0.06287483700145156,10.27553083614856
GOOGL,2025-01-14,3.0,4.0,0.13660565965160237,0.0934968849194351,10.27553083614856
GOOGL,2025-01-14,3.0,8.0,0.12065737215067945,0.26947993940333737,10.27553083614856
GOOGL,2025-01-14,3.0,16.0,0.09069216470314811,0.9571279086090708,10.27553083614856
GOOGL,2025-02-12,0.03,0.25,0.11277119175105378,0.013047109629529036,10.93380878415991
GOOGL,2025-02-12,0.03,0.5,0.09197134658463961,0.021583008694876085,10.93380878415991
GOOGL,2025-02-12,0.03,1.0,0.08125978602989764,0.05440970972483373,10.93380878415991
GOOGL,2025-02-12,0.03,2.0,0.06334611495327898,0.15883126777690712,10.93380878415991
GOOGL,2025-02-12,0.03,4.0,0.029338939476697624,0.23243984937150886,10.93380878415991
GOOGL,2025-02-12,0.03,8.0,0.0,0.5899571855157458,10.93380878415991
GOOGL,2025-02-12,0.03,16.0,0.0,0.5899571855157458,10.93380878415991
GOOGL,2025-02-12,0.3,0.25,0.12942306639728093,0.011712700077835415,10.93380878415991
GOOGL,2025-02-12,0.3,0.5,0.11430898627251922,0.012763845250563762,10.93380878415991
GOOGL,2025-02-12,0.3,1.0,0.09432240740508553,0.020007731275815094,10.93380878415991
GOOGL,2025-02-12,0.3,2.0,0.08257954144757158,0.048104116020970734,10.93380878415991
GOOGL,2025-02-12,0.3,4.0,0.06587346951943936,0.14642613089331233,10.93380878415991
GOOGL,2025-02-12,0.3,8.0,0.034125933280375324,0.21369987046970376,10.93380878415991
GOOGL,2025-02-12,0.3,16.0,0.0,0.5899571855157458,10.93380878415991
GOOGL,2025-02-12,3.0,0.25,0.14499788308693687,0.011675820421371368,10.93380878415991
GOOGL,2025-02-12,3.0,0.5,0.13101355394864003,0.011661998093027632,10.93380878415991
GOOGL,2025-02-12,3.0,1.0,0.1157365482483642,0.012547190553495348,10.93380878415991
GOOGL,2025-02-12,3.0,2.0,0.09719464079554896,0.018496577582371988,10.93380878415991
GOOGL,2025-02-12,3.0,4.0,0.08381104829954646,0.04272441914138995,10.93380878415991
GOOGL,2025-02-12,3.0,8.0,0.0682322858522401,0.13703183514938613,10.93380878415991
GOOGL,2025-02-12,3.0,16.0,0.03856978467752013,0.20779884677374375,10.93380878415991
GOOGL,2025-03-13,0.03,0.25,0.2686089960814502,0.26934636776496673,8.477589169033749
GOOGL,2025-03-13,0.03,0.5,0.2002096667494526,0.22136899313130762,8.477589169033749
GOOGL,2025-03-13,0.03,1.0,0.11032032250788806,0.17766303823045881,8.477589169033749
GOOGL,2025-03-13,0.03,2.0,0.0690457105261759,0.2457439081478957,8.477589169033749
GOOGL,2025-03-13,0.03,4.0,0.035040195914771984,0.5041490176389126,8.477589169033749
GOOGL,2025-03-13,0.03,8.0,0.0,1.82969276992974,8.477589169033749
GOOGL,2025-03-13,0.03,16.0,0.0,1.82969276992974,8.477589169033749
GOOGL,2025-03-13,0.3,0.25,0.31434240011433784,0.29826523525187426,8.477589169033749
GOOGL,2025-03-13,0.3,0.5,0.2741034320427584,0.27396133315465215,8.477589169033749
GOOGL,2025-03-13,0.3,1.0,0.20805351352735388,0.2265896077750967,8.477589169033749
GOOGL,2025-03-13,0.3,2.0,0.12309390965260449,0.17935049427040514,8.477589169033749
GOOGL,2025-03-13,0.3,4.0,0.07136944905699297,0.22759513336056783,8.477589169033749
GOOGL,2025-03-13,0.3,8.0,0.04017775300139987,0.4294294051758549,8.477589169033749
GOOGL,2025-03-13,0.3,16.0,0.0,1.82969276992974,8.477589169033749
GOOGL,2025-03-13,3.0,0.25,0.3391726140201773,0.279249305933001,8.477589169033749
GOOGL,2025-03-13,3.0,0.5,0.3174623204564956,0.2955805438123739,8.477589169033749
GOOGL,2025-03-13,3.0,1.0,0.27919977839583415,0.2782892903734009,8.477589169033749
GOOGL,2025-03-13,3.0,2.0,0.21534298115008882,0.2320239044348099,8.477589169033749
GOOGL,2025-03-13,3.0,4.0,0.13495185754382358,0.18337032386959554,8.477589169033749
GOOGL,2025-03-13,3.0,8.0,0.07358936394930052,0.20919098370882308,8.477589169033749
GOOGL,2025-03-13,3.0,16.0,0.04494703852246791,0.39278430701131223,8.477589169033749
GOOGL,2025-04-10,0.03,0.25,0.21960000871425894,0.04755121866280463,9.556043361933732
GOOGL,2025-04-10,0.03,0.5,0.20354822296688982,0.04615190513485812,9.556043361933732
GOOGL,2025-04-10,0.03,1.0,0.17206123231671724,0.06447502154944809,9.556043361933732
GOOGL,2025-04-10,0.03,2.0,0.16921054213956419,0.21572665249534106,9.556043361933732
GOOGL,2025-04-10,0.03,4.0,0.171392090468296,1.114980752601863,9.556043361933732
GOOGL,2025-04-10,0.03,8.0,0.17441082200755542,3.8993500282823166,9.556043361933732
GOOGL,2025-04-10,0.03,16.0,0.17516609121495896,4.55889684133282,9.556043361933732
GOOGL,2025-04-10,0.3,0.25,0.2418664553746886,0.05201734326336889,9.556043361933732
GOOGL,2025-04-10,0.3,0.5,0.22155565359310903,0.0480084697519481,9.556043361933732
GOOGL,2025-04-10,0.3,1.0,0.2058469402800841,0.04558869708392697,9.556043361933732
GOOGL,2025-04-10,0.3,2.0,0.175861255897679,0.06049598018614606,9.556043361933732
GOOGL,2025-04-10,0.3,4.0,0.1690538452548375,0.18189091267156224,9.556043361933732
GOOGL,2025-04-10,0.3,8.0,0.1710794156771174,0.9369492149583515,9.556043361933732
GOOGL,2025-04-10,0.3,16.0,0.17423852628368228,3.7848136561712753,9.556043361933732
GOOGL,2025-04-10,3.0,0.25,0.2584823575905244,0.05229637401989595,9.556043361933732
GOOGL,2025-04-10,3.0,0.5,0.24384544121700974,0.052365453284172976,9.556043361933732
GOOGL,2025-04-10,3.0,1.0,0.22372221080733373,0.0484773345973829,9.556043361933732
GOOGL,2025-04-10,3.0,2.0,0.20798795891690913,0.0452773297805435,9.556043361933732
GOOGL,2025-04-10,3.0,4.0,0.1801902967261814,0.05763318525073282,9.556043361933732
GOOGL,2025-04-10,3.0,8.0,0.16890838075275566,0.15417849766907274,9.556043361933732
GOOGL,2025-04-10,3.0,16.0,0.17078915411326007,0.7864030622591371,9.556043361933732
GOOGL,2025-05-09,0.03,0.25,0.19007423411419536,0.014433394903520608,11.202758397932914
GOOGL,2025-05-09,0.03,0.5,0.17813066621697896,0.019916735931830663,11.202758397932914
GOOGL,2025-05-09,0.03,1.0,0.17266195613233787,0.04809066650760576,11.202758397932914
GOOGL,2025-05-09,0.03,2.0,0.17374403013797152,0.16635210118715799,11.202758397932914
GOOGL,2025-05-09,0.03,4.0,0.17590817814923887,0.6553198500803161,11.202758397932914
GOOGL,2025-05-09,0.03,8.0,0.17940987913478995,2.406192995172311,11.202758397932914
GOOGL,2025-05-09,0.03,16.0,0.18031990840119475,4.42619138404148,11.202758397932914
GOOGL,2025-05-09,0.3,0.25,0.20284533037009816,0.012309507677309178,11.202758397932914
GOOGL,2025-05-09,0.3,0.5,0.19111533523080892,0.01430808449533788,11.202758397932914
GOOGL,2025-05-09,0.3,1.0,0.179196666959305,0.018742798310885263,11.202758397932914
GOOGL,2025-05-09,0.3,2.0,0.17258439065104259,0.04284558292833908,11.202758397932914
GOOGL,2025-05-09,0.3,4.0,0.17358889917538095,0.14423044162248522,11.202758397932914
GOOGL,2025-05-09,0.3,8.0,0.17559791622405768,0.5645505613264106,11.202758397932914
GOOGL,2025-05-09,0.3,16.0,0.17910852679295486,2.1362618483440583,11.202758397932914
GOOGL,2025-05-09,3.0,0.25,0.21271021146160002,0.010602532508996461,11.202758397932914
GOOGL,2025-05-09,3.0,0.5,0.2040050114255118,0.0120583815942285,11.202758397932914
GOOGL,2025-05-09,3.0,1.0,0.192081807894316,0.014222106970483882,11.202758397932914
GOOGL,2025-05-09,3.0,2.0,0.18017919465004875,0.017672870049263167,11.202758397932914
GOOGL,2025-05-09,3.0,4.0,0.17251071509672614,0.03829322796300078,11.202758397932914
GOOGL,2025-05-09,3.0,8.0,0.17344488834663935,0.125242521538143,11.202758397932914
GOOGL,2025-05-09,3.0,16.0,0.17530989456657442,0.48647985597912147,11.202758397932914
GOOGL,2025-06-09,0.03,0.25,0.23005285611198703,0.01905954764306685,13.321901888015026
GOOGL,2025-06-09,0.03,0.5,0.21168624744524145,0.025812803642443503,13.321901888015026
GOOGL,2025-06-09,0.03,1.0,0.1960524079099101,0.03907212579020651,13.321901888015026
GOOGL,2025-06-09,0.03,2.0,0.19460321383566173,0.13000078446371324,13.321901888015026
GOOGL,2025-06-09,0.03,4.0,0.19669233967117103,0.5873343383242088,13.321901888015026
GOOGL,2025-06-09,0.03,8.0,0.19984253979125682,1.965902518360064,13.321901888015026
GOOGL,2025-06-09,0.03,16.0,0.2008678125840796,2.9818020257546265,13.321901888015026
GOOGL,2025-06-09,0.3,0.25,0.24807969079936543,0.015067241888645454,13.321901888015026
GOOGL,2025-06-09,0.3,0.5,0.23188072113537522,0.01844283468795644,13.321901888015026
GOOGL,2025-06-09,0.3,1.0,0.212794184177727,0.025303084908369296,13.321901888015026
GOOGL,2025-06-09,0.3,2.0,0.19829583811102114,0.03590388718459583,13.321901888015026
GOOGL,2025-06-09,0.3,4.0,0.19445221345940072,0.11125856855270268,13.321901888015026
GOOGL,2025-06-09,0.3,8.0,0.1963950627744352,0.4993408519101372,13.321901888015026
GOOGL,2025-06-09,0.3,16.0,0.19964811461978443,1.8821390614179678,13.321901888015026
GOOGL,2025-06-09,3.0,0.25,0.2587028773598142,0.013579850938497716,13.321901888015026
GOOGL,2025-06-09,3.0,0.5,0.24950067012589186,0.01485518399068035,13.321901888015026
GOOGL,2025-06-09,3.0,1.0,0.2335789347616798,0.017896641799245976,13.321901888015026
GOOGL,2025-06-09,3.0,2.0,0.21382270153089789,0.024951572841650317,13.321901888015026
GOOGL,2025-06-09,3.0,4.0,0.20038627456989613,0.03349843188160586,13.321901888015026
GOOGL,2025-06-09,3.0,8.0,0.19431203712733586,0.09554295994352993,13.321901888015026
GOOGL,2025-06-09,3.0,16.0,0.19611889396253693,0.4243796992476199,13.321901888015026
GOOGL,2025-07-09,0.03,0.25,0.2186838015509719,0.003971235907405356,10.738228185061542
GOOGL,2025-07-09,0.03,0.5,0.21166225532006136,0.008032192900147268,10.738228185061542
GOOGL,2025-07-09,0.03,1.0,0.21232302788962515,0.02092671481202047,10.738228185061542
GOOGL,2025-07-09,0.03,2.0,0.21364457302875273,0.08064972520654214,10.738228185061542
GOOGL,2025-07-09,0.03,4.0,0.21628766330700794,0.3358316122786945,10.738228185061542
GOOGL,2025-07-09,0.03,8.0,0.2204587108453877,1.2592780255733096,10.738228185061542
GOOGL,2025-07-09,0.03,16.0,0.22299089188429339,2.5699963140085713,10.738228185061542
GOOGL,2025-07-09,0.3,0.25,0.22340448729643964,0.002963830520790582,10.738228185061542
GOOGL,2025-07-09,0.3,0.5,0.21925966213233583,0.003772417834186577,10.738228185061542
GOOGL,2025-07-09,0.3,1.0,0.21184051281170244,0.007482024320784062,10.738228185061542
GOOGL,2025-07-09,0.3,2.0,0.21222829658267556,0.018383520617339305,10.738228185061542
GOOGL,2025-07-09,0.3,4.0,0.2134551104148535,0.06930925592305902,10.738228185061542
GOOGL,2025-07-09,0.3,8.0,0.21590873807920946,0.28813435013523503,10.738228185061542
GOOGL,2025-07-09,0.3,16.0,0.22010392507608392,1.127062510801659,10.738228185061542
GOOGL,2025-07-09,3.0,0.25,0.22698962389762806,0.0029386171756022594,10.738228185061542
GOOGL,2025-07-09,3.0,0.5,0.22382369241481692,0.002947709850595592,10.738228185061542
GOOGL,2025-07-09,3.0,1.0,0.21979424374117118,0.0036040261423894086,10.738228185061542
GOOGL,2025-07-09,3.0,2.0,0.21290368477962834,0.006781945193712253,10.738228185061542
GOOGL,2025-07-09,3.0,4.0,0.21214035582736934,0.016230713699944086,10.738228185061542
GOOGL,2025-07-09,3.0,8.0,0.21327922890424117,0.05961403855524749,10.738228185061542
GOOGL,2025-07-09,3.0,16.0,0.21555697505798477,0.24718550126751238,10.738228185061542
GOOGL,2025-08-06,0.03,0.25,0.22894968135801957,0.07044337512038178,9.210034216067067
GOOGL,2025-08-06,0.03,0.5,0.22472605359561806,0.11120447070423566,9.210034216067067
GOOGL,2025-08-06,0.03,1.0,0.2256459461217205,0.22875045324465296,9.210034216067067
GOOGL,2025-08-06,0.03,2.0,0.2274857311739254,0.603213910038786,9.210034216067067
GOOGL,2025-08-06,0.03,4.0,0.23116530127833512,1.909626790480214,9.210034216067067
GOOGL,2025-08-06,0.03,8.0,0.2366883207074482,5.981858757040905,9.210034216067067
GOOGL,2025-08-06,0.03,16.0,0.239174762627339,8.62752329252328,9.210034216067067
GOOGL,2025-08-06,0.3,0.25,0.23541846113941595,0.05417738231076557,9.210034216067067
GOOGL,2025-08-06,0.3,0.5,0.22981331844398728,0.0680569428267079,9.210034216067067
GOOGL,2025-08-06,0.3,1.0,0.22466011364497182,0.10456294520457843,9.210034216067067
GOOGL,2025-08-06,0.3,2.0,0.225514066220428,0.2090458085473916,9.210034216067067
GOOGL,2025-08-06,0.3,4.0,0.22722197137134037,0.5381182458524667,9.210034216067067
GOOGL,2025-08-06,0.3,8.0,0.23063778167316512,1.6766899629403798,9.210034216067067
GOOGL,2025-08-06,0.3,16.0,0.23609781065132995,5.342304102978426,9.210034216067067
GOOGL,2025-08-06,3.0,0.25,0.2423020732517715,0.04785711783104691,9.210034216067067
GOOGL,2025-08-06,3.0,0.5,0.23582158010696305,0.053286095997765286,9.210034216067067
GOOGL,2025-08-06,3.0,1.0,0.23061504809489164,0.06590033870338043,9.210034216067067
GOOGL,2025-08-06,3.0,2.0,0.2245989004172501,0.0986111579997191,9.210034216067067
GOOGL,2025-08-06,3.0,4.0,0.22539163976498455,0.19160827244640943,9.210034216067067
GOOGL,2025-08-06,3.0,8.0,0.2269771184604535,0.48110732688545693,9.210034216067067
GOOGL,2025-08-06,3.0,16.0,0.23014807585139135,1.474124737946184,9.210034216067067
GOOGL,2025-09-04,0.03,0.25,0.3107971031032112,0.0246247884500011,13.177849972881257
GOOGL,2025-09-04,0.03,0.5,0.2860804846278234,0.0473380792386183,13.177849972881257
GOOGL,2025-09-04,0.03,1.0,0.2631957679336826,0.10478479288650668,13.177849972881257
GOOGL,2025-09-04,0.03,2.0,0.26458072299672264,0.2935764374213144,13.177849972881257
GOOGL,2025-09-04,0.03,4.0,0.26735063312280277,1.09438626864169,13.177849972881257
GOOGL,2025-09-04,0.03,8.0,0.27150123800352555,3.751862417661003,13.177849972881257
GOOGL,2025-09-04,0.03,16.0,0.2739731568862982,6.803167687377191,13.177849972881257
GOOGL,2025-09-04,0.3,0.25,0.32810281911835126,0.017590300486454963,13.177849972881257
GOOGL,2025-09-04,0.3,0.5,0.31312354211828974,0.02358220382570024,13.177849972881257
GOOGL,2025-09-04,0.3,1.0,0.2895442841459581,0.043211808240839776,13.177849972881257
GOOGL,2025-09-04,0.3,2.0,0.263096491261775,0.09667053729562305,13.177849972881257
GOOGL,2025-09-04,0.3,4.0,0.2643821696529074,0.2578476047428657,13.177849972881257
GOOGL,2025-09-04,0.3,8.0,0.2669535264351723,0.9449273172980991,13.177849972881257
GOOGL,2025-09-04,0.3,16.0,0.2712688072138204,3.4552915005498317,13.177849972881257
GOOGL,2025-09-04,3.0,0.25,0.3386853058163156,0.015261916923827046,13.177849972881257
GOOGL,2025-09-04,3.0,0.5,0.32917702931545617,0.017234591459140167,13.177849972881257
GOOGL,2025-09-04,3.0,1.0,0.31528214723409287,0.022660830735102677,13.177849972881257
GOOGL,2025-09-04,3.0,2.0,0.29276305117403656,0.03967662113262824,13.177849972881257
GOOGL,2025-09-04,3.0,4.0,0.2657998374380446,0.08817515984883864,13.177849972881257
GOOGL,2025-09-04,3.0,8.0,0.2641978490562016,0.22727514910817195,13.177849972881257
GOOGL,2025-09-04,3.0,16.0,0.2665848852417606,0.8165629354699709,13.177849972881257
GOOGL,2025-10-02,0.03,0.25,0.3313245680668978,0.015139466726070555,13.665781172721077
GOOGL,2025-10-02,0.03,0.5,0.3087692967630292,0.03207517123960046,13.665781172721077
GOOGL,2025-10-02,0.03,1.0,0.2881734722947681,0.08713521508295702,13.665781172721077
GOOGL,2025-10-02,0.03,2.0,0.2900503126139345,0.30808802688906173,13.665781172721077
GOOGL,2025-10-02,0.03,4.0,0.29379459166233013,1.3363875960438696,13.665781172721077
GOOGL,2025-10-02,0.03,8.0,0.2999234531645149,4.517813890777685,13.665781172721077
GOOGL,2025-10-02,0.03,16.0,0.30388056124841933,7.534474657000538,13.665781172721077
GOOGL,2025-10-02,0.3,0.25,0.3532751154103473,0.010757479314683255,13.665781172721077
GOOGL,2025-10-02,0.3,0.5,0.33360866617183454,0.014495518705760664,13.665781172721077
GOOGL,2025-10-02,0.3,1.0,0.31048331949536934,0.028770283325884407,13.665781172721077
GOOGL,2025-10-02,0.3,2.0,0.2882024441342006,0.07867912207254096,13.665781172721077
GOOGL,2025-10-02,0.3,4.0,0.28978146513877584,0.2644108743595591,13.665781172721077
GOOGL,2025-10-02,0.3,8.0,0.2932585839340642,1.140978903951828,13.665781172721077
GOOGL,2025-10-02,0.3,16.0,0.2993738236561403,4.2358425664862605,13.665781172721077
GOOGL,2025-10-02,3.0,0.25,0.3654042231252541,0.009580517678065125,13.665781172721077
GOOGL,2025-10-02,3.0,0.5,0.3547252550550867,0.010528108855514513,13.665781172721077
GOOGL,2025-10-02,3.0,1.0,0.336097415377352,0.013950845938495276,13.665781172721077
GOOGL,2025-10-02,3.0,2.0,0.31207374940531074,0.02594428653221316,13.665781172721077
GOOGL,2025-10-02,3.0,4.0,0.29139832592232606,0.06935500624635675,13.665781172721077
GOOGL,2025-10-02,3.0,8.0,0.28953188925104767,0.22746080712133934,13.665781172721077
GOOGL,2025-10-02,3.0,16.0,0.2927609984368142,0.9739579197452365,13.665781172721077
GOOGL,2025-10-30,0.03,0.25,0.3804550086038774,0.083523283759318,17.60100731386492
GOOGL,2025-10-30,0.03,0.5,0.3455716882118657,0.13335097134164112,17.60100731386492
GOOGL,2025-10-30,0.03,1.0,0.305728665137932,0.2698430385323301,17.60100731386492
GOOGL,2025-10-30,0.03,2.0,0.30693868439602356,0.7920235355176836,17.60100731386492
GOOGL,2025-10-30,0.03,4.0,0.3093587229122067,2.9778158935615724,17.60100731386492
GOOGL,2025-10-30,0.03,8.0,0.3134169222780229,10.584476603015693,17.60100731386492
GOOGL,2025-10-30,0.03,16.0,0.3107236263499238,15.960174511921311,17.60100731386492
GOOGL,2025-10-30,0.3,0.25,0.4201840644703989,0.06252937902920959,17.60100731386492
GOOGL,2025-10-30,0.3,0.5,0.3843654143630423,0.08008495614111234,17.60100731386492
GOOGL,2025-10-30,0.3,1.0,0.349084213228476,0.12556377858355397,17.60100731386492
GOOGL,2025-10-30,0.3,2.0,0.3062556475708208,0.24676670808243628,17.60100731386492
GOOGL,2025-10-30,0.3,4.0,0.30676521063056617,0.6937980009294985,17.60100731386492
GOOGL,2025-10-30,0.3,8.0,0.3090117753812919,2.570997313380764,17.60100731386492
GOOGL,2025-10-30,0.3,16.0,0.31316249909346927,9.7588392540427,17.60100731386492
GOOGL,2025-10-30,3.0,0.25,0.4409269876774049,0.05647432440812993,17.60100731386492
GOOGL,2025-10-30,3.0,0.5,0.4229322609483944,0.061615402430948915,17.60100731386492
GOOGL,2025-10-30,3.0,1.0,0.38894119766918667,0.07696957709251834,17.60100731386492
GOOGL,2025-10-30,3.0,2.0,0.3523449526074528,0.1188294165085344,17.60100731386492
GOOGL,2025-10-30,3.0,4.0,0.3098198492047644,0.2255879422430797,17.60100731386492
GOOGL,2025-10-30,3.0,8.0,0.3066041718520317,0.6096128283560375,17.60100731386492
GOOGL,2025-10-30,3.0,16.0,0.30868969782422295,2.2213377428884344,17.60100731386492
GOOGL,2025-11-28,0.03,0.25,0.44944224519755926,0.04818049133829661,19.717792214299983
GOOGL,2025-11-28,0.03,0.5,0.4088325019940206,0.07048464480178288,19.717792214299983
GOOGL,2025-11-28,0.03,1.0,0.3592952273997804,0.14089544673167145,19.717792214299983
GOOGL,2025-11-28,0.03,2.0,0.33470519638694707,0.3275094287934767,19.717792214299983
GOOGL,2025-11-28,0.03,4.0,0.33618477121785934,1.501557445534248,19.717792214299983
GOOGL,2025-11-28,0.03,8.0,0.3378131098357414,5.0337016553454275,19.717792214299983
GOOGL,2025-11-28,0.03,16.0,0.3351546277668335,5.305046817591361,19.717792214299983
GOOGL,2025-11-28,0.3,0.25,0.4880102096120025,0.0441818358170113,19.717792214299983
GOOGL,2025-11-28,0.3,0.5,0.45384322783131725,0.04742524355217961,19.717792214299983
GOOGL,2025-11-28,0.3,1.0,0.4136457013946483,0.0661397416935511,19.717792214299983
GOOGL,2025-11-28,0.3,2.0,0.3631327384995224,0.1378148834622946,19.717792214299983
GOOGL,2025-11-28,0.3,4.0,0.33459405591380353,0.28390900948701364,19.717792214299983
GOOGL,2025-11-28,0.3,8.0,0.3359829781931366,1.2689660464502568,19.717792214299983
GOOGL,2025-11-28,0.3,16.0,0.3378915460249591,4.978149433393361,19.717792214299983
GOOGL,2025-11-28,3.0,0.25,0.5204445306668116,0.04358254693632745,19.717792214299983
GOOGL,2025-11-28,3.0,0.5,0.4919832256125676,0.04398189322581633,19.717792214299983
GOOGL,2025-11-28,3.0,1.0,0.45792762702382594,0.046806471279082905,19.717792214299983
GOOGL,2025-11-28,3.0,2.0,0.4181148016784612,0.06248460803206013,19.717792214299983
GOOGL,2025-11-28,3.0,4.0,0.3666487957576102,0.13227868649743557,19.717792214299983
GOOGL,2025-11-28,3.0,8.0,0.334489390080095,0.24838405809315559,19.717792214299983
GOOGL,2025-11-28,3.0,16.0,0.3357928988615874,1.0722881142676062,19.717792214299983
GOOGL,2025-12-29,0.03,0.25,0.3441919264895323,0.09324125761602259,17.996474951335426
GOOGL,2025-12-29,0.03,0.5,0.294810252226217,0.10643081872008085,17.996474951335426
GOOGL,2025-12-29,0.03,1.0,0.2408173458267391,0.16777060791744763,17.996474951335426
GOOGL,2025-12-29,0.03,2.0,0.2160039239007712,0.4080335223119031,17.996474951335426
GOOGL,2025-12-29,0.03,4.0,0.1684511523371611,1.0279037863098148,17.996474951335426
GOOGL,2025-12-29,0.03,8.0,0.07267030408778445,4.06042553410071,17.996474951335426
GOOGL,2025-12-29,0.03,16.0,0.0,6.808016555782544,17.996474951335426
GOOGL,2025-12-29,0.3,0.25,0.3861812205440559,0.08653011438747803,17.996474951335426
GOOGL,2025-12-29,0.3,0.5,0.3494137425639829,0.09189775319638774,17.996474951335426
GOOGL,2025-12-29,0.3,1.0,0.300978341815829,0.10361242132652734,17.996474951335426
GOOGL,2025-12-29,0.3,2.0,0.24266297103917775,0.15746204968409805,17.996474951335426
GOOGL,2025-12-29,0.3,4.0,0.2195014510910835,0.35554218637409324,17.996474951335426
GOOGL,2025-12-29,0.3,8.0,0.17526050714547614,0.9330381843831526,17.996474951335426
GOOGL,2025-12-29,0.3,16.0,0.08664767634066281,3.4857448090699013,17.996474951335426
GOOGL,2025-12-29,3.0,0.25,0.42275081622266186,0.08709259881401286,17.996474951335426
GOOGL,2025-12-29,3.0,0.5,0.39066180720241744,0.08645244710671626,17.996474951335426
GOOGL,2025-12-29,3.0,1.0,0.3542612472004528,0.09080580744062673,17.996474951335426
GOOGL,2025-12-29,3.0,2.0,0.30669701000858446,0.10162559514118877,17.996474951335426
GOOGL,2025-12-29,3.0,4.0,0.2443762977145956,0.14977288106502512,17.996474951335426
GOOGL,2025-12-29,3.0,8.0,0.2227739022965994,0.3131846618731907,17.996474951335426
GOOGL,2025-12-29,3.0,16.0,0.181581671191338,0.862723934887103,17.996474951335426
GOOGL,2026-01-28,0.03,0.25,0.23147083173186606,0.029797150252135585,16.11199264434446
GOOGL,2026-01-28,0.03,0.5,0.20381364894097065,0.045829532290596345,16.11199264434446
GOOGL,2026-01-28,0.03,1.0,0.17700297281315275,0.09447587288143587,16.11199264434446
GOOGL,2026-01-28,0.03,2.0,0.1439547535475411,0.252612821670306,16.11199264434446
GOOGL,2026-01-28,0.03,4.0,0.08043383311031702,0.6025247412301159,16.11199264434446
GOOGL,2026-01-28,0.03,8.0,0.0,1.5376827120932413,16.11199264434446
GOOGL,2026-01-28,0.03,16.0,0.0,1.5376827120932413,16.11199264434446
GOOGL,2026-01-28,0.3,0.25,0.26280542405317636,0.023710966270832346,16.11199264434446
GOOGL,2026-01-28,0.3,0.5,0.2347911674243505,0.02908255104055265,16.11199264434446
GOOGL,2026-01-28,0.3,1.0,0.2071553779974376,0.04262358395582189,16.11199264434446
GOOGL,2026-01-28,0.3,2.0,0.17942498628922,0.08624642442653875,16.11199264434446
GOOGL,2026-01-28,0.3,4.0,0.14862107459175639,0.22414827593421638,16.11199264434446
GOOGL,2026-01-28,0.3,8.0,0.08949017133992755,0.590752570183568,16.11199264434446
GOOGL,2026-01-28,0.3,16.0,0.0,1.5376827120932413,16.11199264434446
GOOGL,2026-01-28,3.0,0.25,0.281078061467297,0.022347178997034835,16.11199264434446
GOOGL,2026-01-28,3.0,0.5,0.2648511876910095,0.023445686929867048,16.11199264434446
GOOGL,2026-01-28,3.0,1.0,0.23835786299428893,0.028414680770599023,16.11199264434446
GOOGL,2026-01-28,3.0,2.0,0.21025756445212887,0.03996039982868954,16.11199264434446
GOOGL,2026-01-28,3.0,4.0,0.1816733844302947,0.0797586096915272,16.11199264434446
GOOGL,2026-01-28,3.0,8.0,0.15295290332233274,0.2021846348727464,16.11199264434446
GOOGL,2026-01-28,3.0,16.0,0.09784736322594786,0.5397767752978571,16.11199264434446
GOOGL,2026-02-26,0.03,0.25,0.5783172659916404,0.2283708380617027,12.823526277208245
GOOGL,2026-02-26,0.03,0.5,0.5314815538814563,0.36042305016988263,12.823526277208245
GOOGL,2026-02-26,0.03,1.0,0.48222248657040123,0.6418044923178043,12.823526277208245
GOOGL,2026-02-26,0.03,2.0,0.4329404301682115,1.3192405527367985,12.823526277208245
GOOGL,2026-02-26,0.03,4.0,0.3553070359653891,2.566408943866215,12.823526277208245
GOOGL,2026-02-26,0.03,8.0,0.35976558598545044,6.912386233140565,12.823526277208245
GOOGL,2026-02-26,0.03,16.0,0.36098185168786634,7.249538075386538,12.823526277208245
GOOGL,2026-02-26,0.3,0.25,0.6077891445168886,0.17282224277976144,12.823526277208245
GOOGL,2026-02-26,0.3,0.5,0.5821039297528656,0.22034669781312877,12.823526277208245
GOOGL,2026-02-26,0.3,1.0,0.5361067720295394,0.3389478533785372,12.823526277208245
GOOGL,2026-02-26,0.3,2.0,0.4857602552171232,0.6095931218126796,12.823526277208245
GOOGL,2026-02-26,0.3,4.0,0.43997610694973205,1.2165664967926413,12.823526277208245
GOOGL,2026-02-26,0.3,8.0,0.3548471519562224,2.2295361992000604,12.823526277208245
GOOGL,2026-02-26,0.3,16.0,0.35932944436090425,6.57610033677663,12.823526277208245
GOOGL,2026-02-26,3.0,0.25,0.627735448599914,0.15050297411415173,12.823526277208245
GOOGL,2026-02-26,3.0,0.5,0.6103019460401076,0.1695735604560952,12.823526277208245
GOOGL,2026-02-26,3.0,1.0,0.585619799280629,0.213104489610731,12.823526277208245
GOOGL,2026-02-26,3.0,2.0,0.5404004442113723,0.31991395429926023,12.823526277208245
GOOGL,2026-02-26,3.0,4.0,0.4890583721945476,0.5786840060325183,12.823526277208245
GOOGL,2026-02-26,3.0,8.0,0.446507450706935,1.1331833758178946,12.823526277208245
GOOGL,2026-02-26,3.0,16.0,0.36084651950593843,1.9982081184094382,12.823526277208245
GOOGL,2026-03-26,0.03,0.25,0.35208231324139205,0.05023044851001681,12.65442884915864
GOOGL,2026-03-26,0.03,0.5,0.3368214724383977,0.05828944004425915,12.65442884915864
GOOGL,2026-03-26,0.03,1.0,0.3379531233855174,0.16107953751923423,12.65442884915864
GOOGL,2026-03-26,0.03,2.0,0.3402164252797567,0.5501100342856973,12.65442884915864
GOOGL,2026-03-26,0.03,4.0,0.3447430290682354,2.0619722350846708,12.65442884915864
GOOGL,2026-03-26,0.03,8.0,0.351644965483172,4.7729634378873635,12.65442884915864
GOOGL,2026-03-26,0.03,16.0,0.3574931770302068,7.118917718919448,12.65442884915864
GOOGL,2026-03-26,0.3,0.25,0.3606307611105428,0.05333290885111303,12.65442884915864
GOOGL,2026-03-26,0.3,0.5,0.3531958004933572,0.05035787743332704,12.65442884915864
GOOGL,2026-03-26,0.3,1.0,0.33877906431124494,0.05572443445796802,12.65442884915864
GOOGL,2026-03-26,0.3,2.0,0.33779088485115727,0.14258813458097944,12.65442884915864
GOOGL,2026-03-26,0.3,4.0,0.3398919482110364,0.4793170628566834,12.65442884915864
GOOGL,2026-03-26,0.3,8.0,0.3440940749307948,1.7851456300165636,12.65442884915864
GOOGL,2026-03-26,0.3,16.0,0.35086960015581914,4.487458853254126,12.65442884915864
GOOGL,2026-03-26,3.0,0.25,0.36697951488975694,0.056127803029731325,12.65442884915864
GOOGL,2026-03-26,3.0,0.5,0.3612362500821682,0.053685874062389255,12.65442884915864
GOOGL,2026-03-26,3.0,1.0,0.35422947049237563,0.050556186371739864,12.65442884915864
GOOGL,2026-03-26,3.0,2.0,0.3408432252479745,0.05395691175366004,12.65442884915864
GOOGL,2026-03-26,3.0,4.0,0.3376402759372637,0.12654716668247443,12.65442884915864
GOOGL,2026-03-26,3.0,8.0,0.33959073038324933,0.418098409642842,12.65442884915864
GOOGL,2026-03-26,3.0,16.0,0.34349163927522064,1.546161453921609,12.65442884915864
GOOGL,2026-04-24,0.03,0.25,0.43704635770022315,0.889162335188317,19.213144195575783
GOOGL,2026-04-24,0.03,0.5,0.38152441909487117,1.014710231610923,19.213144195575783
GOOGL,2026-04-24,0.03,1.0,0.32607041526952824,1.4417366979196833,19.213144195575783
GOOGL,2026-04-24,0.03,2.0,0.30342839272248984,3.0220857405822614,19.213144195575783
GOOGL,2026-04-24,0.03,4.0,0.2768541699705518,7.596634802832178,19.213144195575783
GOOGL,2026-04-24,0.03,8.0,0.21809549978278453,18.78195296266247,19.213144195575783
GOOGL,2026-04-24,0.03,16.0,0.09001999663815367,33.36252707986485,19.213144195575783
GOOGL,2026-04-24,0.3,0.25,0.47932662941343557,0.8608685660726668,19.213144195575783
GOOGL,2026-04-24,0.3,0.5,0.44271443852573533,0.8838990005206798,19.213144195575783
GOOGL,2026-04-24,0.3,1.0,0.38706502563757533,0.9940387826002098,19.213144195575783
GOOGL,2026-04-24,0.3,2.0,0.3318094219203112,1.361236352011186,19.213144195575783
GOOGL,2026-04-24,0.3,4.0,0.3051749254718273,2.7619268012480385,19.213144195575783
GOOGL,2026-04-24,0.3,8.0,0.28092147661683653,6.8886110390483655,19.213144195575783
GOOGL,2026-04-24,0.3,16.0,0.22723157557163615,18.194622233426365,19.213144195575783
GOOGL,2026-04-24,3.0,0.25,0.5019112103997205,0.8581111802562653,19.213144195575783
GOOGL,2026-04-24,3.0,0.5,0.48195536875362216,0.8601546967735477,19.213144195575783
GOOGL,2026-04-24,3.0,1.0,0.4479635944256021,0.8792566190220993,19.213144195575783
GOOGL,2026-04-24,3.0,2.0,0.39220846912958696,0.9765658250052297,19.213144195575783
GOOGL,2026-04-24,3.0,4.0,0.3371548794268002,1.293118027681694,19.213144195575783
GOOGL,2026-04-24,3.0,8.0,0.30682432899531936,2.5333323255739484,19.213144195575783
GOOGL,2026-04-24,3.0,16.0,0.28469722963929134,6.276964015111278,19.213144195575783
GOOGL,2026-05-22,0.03,0.25,0.35516436680298374,0.11447363630759379,25.95565208982256
GOOGL,2026-05-22,0.03,0.5,0.285527675073608,0.12999284517399406,25.95565208982256
GOOGL,2026-05-22,0.03,1.0,0.1936714578040787,0.18236785334511849,25.95565208982256
GOOGL,2026-05-22,0.03,2.0,0.15921193385504284,0.440716886252706,25.95565208982256
GOOGL,2026-05-22,0.03,4.0,0.10540282721864207,1.0450928815445986,25.95565208982256
GOOGL,2026-05-22,0.03,8.0,0.0008180951165414292,5.492091150046247,25.95565208982256
GOOGL,2026-05-22,0.03,16.0,0.0,5.559327108666545,25.95565208982256
GOOGL,2026-05-22,0.3,0.25,0.3969574925069097,0.12121153701837302,25.95565208982256
GOOGL,2026-05-22,0.3,0.5,0.3601519992219762,0.11382677830107514,25.95565208982256
GOOGL,2026-05-22,0.3,1.0,0.29545815682492904,0.1295336706317306,25.95565208982256
GOOGL,2026-05-22,0.3,2.0,0.19994944453944785,0.16734467221614122,25.95565208982256
GOOGL,2026-05-22,0.3,4.0,0.16312433765217715,0.41707497207928024,25.95565208982256
GOOGL,2026-05-22,0.3,8.0,0.11315993837416953,0.9920235554952153,25.95565208982256
GOOGL,2026-05-22,0.3,16.0,0.015561910211512887,4.3764439619802715,25.95565208982256
GOOGL,2026-05-22,3.0,0.25,0.4204653224538007,0.13006143759380484,25.95565208982256
GOOGL,2026-05-22,3.0,0.5,0.39977326705711724,0.12246076431880128,25.95565208982256
GOOGL,2026-05-22,3.0,1.0,0.3647821070104084,0.1134512065146442,25.95565208982256
GOOGL,2026-05-22,3.0,2.0,0.30472867850315255,0.12545001721216328,25.95565208982256
GOOGL,2026-05-22,3.0,4.0,0.20851217680204578,0.15521545527981503,25.95565208982256
GOOGL,2026-05-22,3.0,8.0,0.1667562916076497,0.4047162055994026,25.95565208982256
GOOGL,2026-05-22,3.0,16.0,0.120355780030815,0.9657089100266362,25.95565208982256
AMZN,2024-10-16,0.03,0.25,0.24555523717361577,0.03250617031971713,10.091449613495811
AMZN,2024-10-16,0.03,0.5,0.2190181801861117,0.029214153267784815,10.091449613495811
AMZN,2024-10-16,0.03,1.0,0.20795963444256618,0.08430253114171954,10.091449613495811
AMZN,2024-10-16,0.03,2.0,0.20932418417050633,0.33136394123854845,10.091449613495811
AMZN,2024-10-16,0.03,4.0,0.21204249784671614,1.3896303212772905,10.091449613495811
AMZN,2024-10-16,0.03,8.0,0.21592906347621452,3.913966324033449,10.091449613495811
AMZN,2024-10-16,0.03,16.0,0.21757641610112488,6.113788417511674,10.091449613495811
AMZN,2024-10-16,0.3,0.25,0.2658607282648999,0.038980423535695446,10.091449613495811
AMZN,2024-10-16,0.3,0.5,0.24775636456385997,0.033113202763685685,10.091449613495811
AMZN,2024-10-16,0.3,1.0,0.2218316857026027,0.029217485142157575,10.091449613495811
AMZN,2024-10-16,0.3,2.0,0.2078617865931266,0.07382545584665565,10.091449613495811
AMZN,2024-10-16,0.3,4.0,0.20912857062903886,0.28438118105285665,10.091449613495811
AMZN,2024-10-16,0.3,8.0,0.21165334945377065,1.1917248954066126,10.091449613495811
AMZN,2024-10-16,0.3,16.0,0.2155496820092645,3.683566490268649,10.091449613495811
AMZN,2024-10-16,3.0,0.25,0.2806717568394838,0.042842177894579364,10.091449613495811
AMZN,2024-10-16,3.0,0.5,0.26770926197785055,0.03951968910295394,10.091449613495811
AMZN,2024-10-16,3.0,1.0,0.24979971022704323,0.03374937654276558,10.091449613495811
AMZN,2024-10-16,3.0,2.0,0.22444351286033332,0.02951749114562546,10.091449613495811
AMZN,2024-10-16,3.0,4.0,0.20777095269605622,0.06496543287787702,10.091449613495811
AMZN,2024-10-16,3.0,8.0,0.2089469791030831,0.24423033751643522,10.091449613495811
AMZN,2024-10-16,3.0,16.0,0.2112920960867078,1.0218464178364475,10.091449613495811
AMZN,2024-11-13,0.03,0.25,0.34560084388536094,0.060690516332349904,10.42080721853306
AMZN,2024-11-13,0.03,0.5,0.28294796841318737,0.0653453852557541,10.42080721853306
AMZN,2024-11-13,0.03,1.0,0.21237872794742033,0.11512570384163162,10.42080721853306
AMZN,2024-11-13,0.03,2.0,0.1755536721096494,0.35214036153517597,10.42080721853306
AMZN,2024-11-13,0.03,4.0,0.13394539480575607,1.7419484622114139,10.42080721853306
AMZN,2024-11-13,0.03,8.0,0.04843658629437112,5.578833692881663,10.42080721853306
AMZN,2024-11-13,0.03,16.0,0.0,6.911290557042912,10.42080721853306
AMZN,2024-11-13,0.3,0.25,0.3941851430424276,0.061385608442303,10.42080721853306
AMZN,2024-11-13,0.3,0.5,0.35008076330750765,0.060936660823807484,10.42080721853306
AMZN,2024-11-13,0.3,1.0,0.29194305546984345,0.06336781860840295,10.42080721853306
AMZN,2024-11-13,0.3,2.0,0.21702720353337357,0.1062449336257474,10.42080721853306
AMZN,2024-11-13,0.3,4.0,0.17853624634961968,0.3001587078809154,10.42080721853306
AMZN,2024-11-13,0.3,8.0,0.13991054328569663,1.4665338837990272,10.42080721853306
AMZN,2024-11-13,0.3,16.0,0.06089990006484479,5.00704705697122,10.42080721853306
AMZN,2024-11-13,3.0,0.25,0.42659844640208017,0.058563591983831015,10.42080721853306
AMZN,2024-11-13,3.0,0.5,0.39828682615109856,0.06144507386907328,10.42080721853306
AMZN,2024-11-13,3.0,1.0,0.35423897626984874,0.06130131555818364,10.42080721853306
AMZN,2024-11-13,3.0,2.0,0.300290956312116,0.062028022478920315,10.42080721853306
AMZN,2024-11-13,3.0,4.0,0.22192572517392298,0.09809629306854678,10.42080721853306
AMZN,2024-11-13,3.0,8.0,0.1813050230071531,0.2576077325732426,10.42080721853306
AMZN,2024-11-13,3.0,16.0,0.14544809660076347,1.233679706737198,10.42080721853306
AMZN,2024-12-12,0.03,0.25,0.26895288850471166,0.08462386673113326,12.599404468642428
AMZN,2024-12-12,0.03,0.5,0.21530743233554747,0.09138033659834142,12.599404468642428
AMZN,2024-12-12,0.03,1.0,0.17144718262273756,0.10963902712790158,12.599404468642428
AMZN,2024-12-12,0.03,2.0,0.12976577930162778,0.25054788538316336,12.599404468642428
AMZN,2024-12-12,0.03,4.0,0.07266127750650173,1.4690695799639533,12.599404468642428
AMZN,2024-12-12,0.03,8.0,0.0,4.149276076498861,12.599404468642428
AMZN,2024-12-12,0.03,16.0,0.0,4.149276076498861,12.599404468642428
AMZN,2024-12-12,0.3,0.25,0.3277063917659687,0.09715140959960986,12.599404468642428
AMZN,2024-12-12,0.3,0.5,0.2747181051070204,0.08411662795917003,12.599404468642428
AMZN,2024-12-12,0.3,1.0,0.22155122390201842,0.09323487464354656,12.599404468642428
AMZN,2024-12-12,0.3,2.0,0.17703412679885971,0.10360656763165221,12.599404468642428
AMZN,2024-12-12,0.3,4.0,0.13385770853541945,0.21235218354983915,12.599404468642428
AMZN,2024-12-12,0.3,8.0,0.08086272334704042,1.2218470426939052,12.599404468642428
AMZN,2024-12-12,0.3,16.0,0.0,4.149276076498861,12.599404468642428
AMZN,2024-12-12,3.0,0.25,0.36424642604008295,0.10037657057723605,12.599404468642428
AMZN,2024-12-12,3.0,0.5,0.33229116246340834,0.09749214660389106,12.599404468642428
AMZN,2024-12-12,3.0,1.0,0.28127295970545035,0.08560749203293434,12.599404468642428
AMZN,2024-12-12,3.0,2.0,0.22734807512052058,0.09532219554390388,12.599404468642428
AMZN,2024-12-12,3.0,4.0,0.18218639366039985,0.09748488796869398,12.599404468642428
AMZN,2024-12-12,3.0,8.0,0.13765619893539155,0.18285499922534296,12.599404468642428
AMZN,2024-12-12,3.0,16.0,0.08846257119567943,1.009462753658534,12.599404468642428
AMZN,2025-01-14,0.03,0.25,0.1947992048031235,0.030425368389445137,9.512648576195048
AMZN,2025-01-14,0.03,0.5,0.1821481648556525,0.05693319242735751,9.512648576195048
AMZN,2025-01-14,0.03,1.0,0.17237710294704525,0.15633919205589192,9.512648576195048
AMZN,2025-01-14,0.03,2.0,0.1539397555187052,0.47668944644786126,9.512648576195048
AMZN,2025-01-14,0.03,4.0,0.11930018317092281,1.3427742783272032,9.512648576195048
AMZN,2025-01-14,0.03,8.0,0.05118661524631858,2.980153549276041,9.512648576195048
AMZN,2025-01-14,0.03,16.0,0.0,4.792104582054197,9.512648576195048
AMZN,2025-01-14,0.3,0.25,0.23013580082798676,0.026122433107255875,9.512648576195048
AMZN,2025-01-14,0.3,0.5,0.1980931430242089,0.029179975397072466,9.512648576195048
AMZN,2025-01-14,0.3,1.0,0.18285529951361648,0.05243224569487481,9.512648576195048
AMZN,2025-01-14,0.3,2.0,0.1737447743074326,0.13903814380396287,9.512648576195048
AMZN,2025-01-14,0.3,4.0,0.15650821815700666,0.4198122427483101,9.512648576195048
AMZN,2025-01-14,0.3,8.0,0.12417880373849777,1.2042996545447588,9.512648576195048
AMZN,2025-01-14,0.3,16.0,0.06102951756832452,2.695067368629858,9.512648576195048
AMZN,2025-01-14,3.0,0.25,0.2575683087518563,0.028470367442863777,9.512648576195048
AMZN,2025-01-14,3.0,0.5,0.2336604140610837,0.02635290675919634,9.512648576195048
AMZN,2025-01-14,3.0,1.0,0.20115096439732905,0.02813974922472851,9.512648576195048
AMZN,2025-01-14,3.0,2.0,0.18351174518006966,0.04861556428265774,9.512648576195048
AMZN,2025-01-14,3.0,4.0,0.17502179565274953,0.12409803439636576,9.512648576195048
AMZN,2025-01-14,3.0,8.0,0.158948139340181,0.3679693106940993,9.512648576195048
AMZN,2025-01-14,3.0,16.0,0.12871622941236796,1.0918485462948795,9.512648576195048
AMZN,2025-02-12,0.03,0.25,0.12007542406320182,0.010967125169416333,10.223387707462779
AMZN,2025-02-12,0.03,0.5,0.10946924328522965,0.022963998666110753,10.223387707462779
AMZN,2025-02-12,0.03,1.0,0.09618977278707885,0.05160946148607628,10.223387707462779
AMZN,2025-02-12,0.03,2.0,0.07048296950904624,0.13228484210623467,10.223387707462779
AMZN,2025-02-12,0.03,4.0,0.02155035894076131,0.2389620338166538,10.223387707462779
AMZN,2025-02-12,0.03,8.0,0.0,0.3991678316007816,10.223387707462779
AMZN,2025-02-12,0.03,16.0,0.0,0.3991678316007816,10.223387707462779
AMZN,2025-02-12,0.3,0.25,0.1378920738956761,0.007978324690008613,10.223387707462779
AMZN,2025-02-12,0.3,0.5,0.12157376476457485,0.010341092475088876,10.223387707462779
AMZN,2025-02-12,0.3,1.0,0.11044366859455805,0.02072197412302101,10.223387707462779
AMZN,2025-02-12,0.3,2.0,0.09808590117749622,0.045962489479827555,10.223387707462779
AMZN,2025-02-12,0.3,4.0,0.07409236855905035,0.12789124242081806,10.223387707462779
AMZN,2025-02-12,0.3,8.0,0.02845424749259294,0.2102800916261068,10.223387707462779
AMZN,2025-02-12,0.3,16.0,0.0,0.3991678316007816,10.223387707462779
AMZN,2025-02-12,3.0,0.25,0.14993302743217557,0.008232498027107054,10.223387707462779
AMZN,2025-02-12,3.0,0.5,0.13922685545781285,0.007935807463746647,10.223387707462779
AMZN,2025-02-12,3.0,1.0,0.12365063403401487,0.009870393856686888,10.223387707462779
AMZN,2025-02-12,3.0,2.0,0.11134824492155172,0.0187903076822014,10.223387707462779
AMZN,2025-02-12,3.0,4.0,0.09984611085030767,0.04133058721870352,10.223387707462779
AMZN,2025-02-12,3.0,8.0,0.07747163869721442,0.11883996931772867,10.223387707462779
AMZN,2025-02-12,3.0,16.0,0.03487643628639643,0.18779948939980945,10.223387707462779
AMZN,2025-03-13,0.03,0.25,0.453787363636314,1.2808652086219139,9.093654942492845
AMZN,2025-03-13,0.03,0.5,0.3879706908272722,1.5147996151688965,9.093654942492845
AMZN,2025-03-13,0.03,1.0,0.3409680194879244,2.2264979336764616,9.093654942492845
AMZN,2025-03-13,0.03,2.0,0.28569191278426914,2.8624848971061834,9.093654942492845
AMZN,2025-03-13,0.03,4.0,0.23161608093217226,2.834627871485935,9.093654942492845
AMZN,2025-03-13,0.03,8.0,0.2071036531898951,7.013899009048705,9.093654942492845
AMZN,2025-03-13,0.03,16.0,0.2072982033390492,7.021717291908183,9.093654942492845
AMZN,2025-03-13,0.3,0.25,0.501102990461758,1.1914770492977167,9.093654942492845
AMZN,2025-03-13,0.3,0.5,0.45990620152444406,1.2671748251657389,9.093654942492845
AMZN,2025-03-13,0.3,1.0,0.394860145562534,1.4665254463401602,9.093654942492845
AMZN,2025-03-13,0.3,2.0,0.34575888009052697,2.1267198854898246,9.093654942492845
AMZN,2025-03-13,0.3,4.0,0.2896581651266681,2.9090644008898674,9.093654942492845
AMZN,2025-03-13,0.3,8.0,0.23923859882704757,2.868581800663763,9.093654942492845
AMZN,2025-03-13,0.3,16.0,0.20708970740071925,7.013895814151872,9.093654942492845
AMZN,2025-03-13,3.0,0.25,0.5231692107624023,1.1599360105556433,9.093654942492845
AMZN,2025-03-13,3.0,0.5,0.504054902702208,1.186920856345786,9.093654942492845
AMZN,2025-03-13,3.0,1.0,0.46581135143826485,1.2548997690621695,9.093654942492845
AMZN,2025-03-13,3.0,2.0,0.40262667947182457,1.434530940828911,9.093654942492845
AMZN,2025-03-13,3.0,4.0,0.3502069875832718,2.038854355711249,9.093654942492845
AMZN,2025-03-13,3.0,8.0,0.29357488825781025,2.960353402414222,9.093654942492845
AMZN,2025-03-13,3.0,16.0,0.24639183207901513,2.8190191946542953,9.093654942492845
AMZN,2025-04-10,0.03,0.25,0.24002658162458385,0.06262578703589322,15.870631619709977
AMZN,2025-04-10,0.03,0.5,0.22491597644726508,0.09317873275091207,15.870631619709977
AMZN,2025-04-10,0.03,1.0,0.21091995191820448,0.17237626226866268,15.870631619709977
AMZN,2025-04-10,0.03,2.0,0.2036381881067752,0.44011006343285447,15.870631619709977
AMZN,2025-04-10,0.03,4.0,0.20619976498086182,1.522348569939843,15.870631619709977
AMZN,2025-04-10,0.03,8.0,0.21110551976844516,5.724466164597545,15.870631619709977
AMZN,2025-04-10,0.03,16.0,0.21206857486971653,7.173709331511843,15.870631619709977
AMZN,2025-04-10,0.3,0.25,0.2577368126515376,0.048000774741195885,15.870631619709977
AMZN,2025-04-10,0.3,0.5,0.2422127418824217,0.06043062391921949,15.870631619709977
AMZN,2025-04-10,0.3,1.0,0.2259239654285446,0.08920613202335424,15.870631619709977
AMZN,2025-04-10,0.3,2.0,0.2129245532598058,0.1597682450148023,15.870631619709977
AMZN,2025-04-10,0.3,4.0,0.2034544539379861,0.3906791997131263,15.870631619709977
AMZN,2025-04-10,0.3,8.0,0.20583395700004642,1.3223067839197507,15.870631619709977
AMZN,2025-04-10,0.3,16.0,0.2105205291402658,5.069239613692546,15.870631619709977
AMZN,2025-04-10,3.0,0.25,0.2685174611557445,0.04231436441695473,15.870631619709977
AMZN,2025-04-10,3.0,0.5,0.2589843426070808,0.047252279932433555,15.870631619709977
AMZN,2025-04-10,3.0,1.0,0.24424239246424323,0.05845317047091089,15.870631619709977
AMZN,2025-04-10,3.0,2.0,0.22685969950852697,0.08574546336708778,15.870631619709977
AMZN,2025-04-10,3.0,4.0,0.214759292904982,0.14742259209010766,15.870631619709977
AMZN,2025-04-10,3.0,8.0,0.20328389024474514,0.34816321105458137,15.870631619709977
AMZN,2025-04-10,3.0,16.0,0.2054927682268322,1.1499641995042196,15.870631619709977
AMZN,2025-05-09,0.03,0.25,0.2304836395681637,0.056681548709290104,16.54147792874595
AMZN,2025-05-09,0.03,0.5,0.21844731073590473,0.08228906158237638,16.54147792874595
AMZN,2025-05-09,0.03,1.0,0.21613737184634224,0.14641644140956653,16.54147792874595
AMZN,2025-05-09,0.03,2.0,0.21730432830190766,0.3694832543161176,16.54147792874595
AMZN,2025-05-09,0.03,4.0,0.21963162754115279,1.2041410991693657,16.54147792874595
AMZN,2025-05-09,0.03,8.0,0.22376760779179009,4.003132347581277,16.54147792874595
AMZN,2025-05-09,0.03,16.0,0.22522734601886168,6.057262973323193,16.54147792874595
AMZN,2025-05-09,0.3,0.25,0.24392390942627573,0.045391202881395726,16.54147792874595
AMZN,2025-05-09,0.3,0.5,0.23224561672321653,0.054988761036146354,16.54147792874595
AMZN,2025-05-09,0.3,1.0,0.2194913018981812,0.07837017149936053,16.54147792874595
AMZN,2025-05-09,0.3,2.0,0.21605330932436512,0.13539718900328615,16.54147792874595
AMZN,2025-05-09,0.3,4.0,0.21713750229493367,0.3295598696116448,16.54147792874595
AMZN,2025-05-09,0.3,8.0,0.21929797552720479,1.0526564029117442,16.54147792874595
AMZN,2025-05-09,0.3,16.0,0.22344540440373167,3.7076819329417376,16.54147792874595
AMZN,2025-05-09,3.0,0.25,0.25540566999306175,0.041136064163376056,16.54147792874595
AMZN,2025-05-09,3.0,0.5,0.24504521580470817,0.044792169192439044,16.54147792874595
AMZN,2025-05-09,3.0,1.0,0.23388152323808703,0.05346060837606064,16.54147792874595
AMZN,2025-05-09,3.0,2.0,0.22045272197297935,0.0746441328735182,16.54147792874595
AMZN,2025-05-09,3.0,4.0,0.21597528708942615,0.12576508376362866,16.54147792874595
AMZN,2025-05-09,3.0,8.0,0.21698263474870833,0.29488181547022674,16.54147792874595
AMZN,2025-05-09,3.0,16.0,0.21898824043475412,0.9215646007390169,16.54147792874595
AMZN,2025-06-09,0.03,0.25,0.28054095334681045,0.22788326713873916,18.472526428091555
AMZN,2025-06-09,0.03,0.5,0.24701128795235155,0.17647068114503875,18.472526428091555
AMZN,2025-06-09,0.03,1.0,0.1942340583742616,0.13184853772742244,18.472526428091555
AMZN,2025-06-09,0.03,2.0,0.1503854758807054,0.2375001593059156,18.472526428091555
AMZN,2025-06-09,0.03,4.0,0.11038700894467103,1.130806748162161,18.472526428091555
AMZN,2025-06-09,0.03,8.0,0.03004232123815588,5.761511544114306,18.472526428091555
AMZN,2025-06-09,0.03,16.0,0.0,7.56564443168605,18.472526428091555
AMZN,2025-06-09,0.3,0.25,0.3161692773090332,0.2550237874166237,18.472526428091555
AMZN,2025-06-09,0.3,0.5,0.2841305656457849,0.23213174256958868,18.472526428091555
AMZN,2025-06-09,0.3,1.0,0.25173644872348566,0.1827129192248741,18.472526428091555
AMZN,2025-06-09,0.3,2.0,0.20116637452337618,0.13282703357621664,18.472526428091555
AMZN,2025-06-09,0.3,4.0,0.15325256561609535,0.21362354356890742,18.472526428091555
AMZN,2025-06-09,0.3,8.0,0.11612201119956111,0.9385280026234962,18.472526428091555
AMZN,2025-06-09,0.3,16.0,0.0417989510511195,5.071016187003848,18.472526428091555
AMZN,2025-06-09,3.0,0.25,0.3382323967995507,0.26432635983156877,18.472526428091555
AMZN,2025-06-09,3.0,0.5,0.31856167945127994,0.2561769132182313,18.472526428091555
AMZN,2025-06-09,3.0,1.0,0.2882176202267591,0.2361840300033635,18.472526428091555
AMZN,2025-06-09,3.0,2.0,0.25612289941794997,0.18889313256608123,18.472526428091555
AMZN,2025-06-09,3.0,4.0,0.2075982887078885,0.13528032966953038,18.472526428091555
AMZN,2025-06-09,3.0,8.0,0.15589664651364826,0.1950463811699656,18.472526428091555
AMZN,2025-06-09,3.0,16.0,0.12144558048336745,0.7792717980065099,18.472526428091555
AMZN,2025-07-09,0.03,0.25,0.3706987737782891,0.2699946105390842,10.006963358782608
AMZN,2025-07-09,0.03,0.5,0.31917141195099147,0.1883382048064429,10.006963358782608
AMZN,2025-07-09,0.03,1.0,0.27214589116409327,0.2000177866810758,10.006963358782608
AMZN,2025-07-09,0.03,2.0,0.22957636157297107,0.3922789329669498,10.006963358782608
AMZN,2025-07-09,0.03,4.0,0.23008100456264458,2.172123865431361,10.006963358782608
AMZN,2025-07-09,0.03,8.0,0.22913410147505547,6.249838276863783,10.006963358782608
AMZN,2025-07-09,0.03,16.0,0.22518003697138822,6.331445318945462,10.006963358782608
AMZN,2025-07-09,0.3,0.25,0.41775576387008556,0.32880088924575485,10.006963358782608
AMZN,2025-07-09,0.3,0.5,0.3744023636823317,0.2773136964248488,10.006963358782608
AMZN,2025-07-09,0.3,1.0,0.32655671995811614,0.1973840270965866,10.006963358782608
AMZN,2025-07-09,0.3,2.0,0.27582463706989274,0.195639523973675,10.006963358782608
AMZN,2025-07-09,0.3,4.0,0.2295401876364635,0.33865362916130076,10.006963358782608
AMZN,2025-07-09,0.3,8.0,0.23000865668962933,1.7987226474802354,10.006963358782608
AMZN,2025-07-09,0.3,16.0,0.22941753764920142,6.246299284741866,10.006963358782608
AMZN,2025-07-09,3.0,0.25,0.4489861533441857,0.3525493228138961,10.006963358782608
AMZN,2025-07-09,3.0,0.5,0.4218944032541859,0.3324112220972801,10.006963358782608
AMZN,2025-07-09,3.0,1.0,0.37844485018464874,0.2842131812347708,10.006963358782608
AMZN,2025-07-09,3.0,2.0,0.33341255342053616,0.2065927852834297,10.006963358782608
AMZN,2025-07-09,3.0,4.0,0.2791916919626575,0.18893481299784246,10.006963358782608
AMZN,2025-07-09,3.0,8.0,0.2348962513462497,0.33249509866141574,10.006963358782608
AMZN,2025-07-09,3.0,16.0,0.22994149487372478,1.4875090569939602,10.006963358782608
AMZN,2025-08-06,0.03,0.25,0.2598696671828837,0.08946090357173092,12.674106242682344
AMZN,2025-08-06,0.03,0.5,0.19083114929599407,0.10736786715134984,12.674106242682344
AMZN,2025-08-06,0.03,1.0,0.17262369440984848,0.15505784228632216,12.674106242682344
AMZN,2025-08-06,0.03,2.0,0.15230435624556138,0.37123340691730883,12.674106242682344
AMZN,2025-08-06,0.03,4.0,0.11093314374561784,1.3918838111323737,12.674106242682344
AMZN,2025-08-06,0.03,8.0,0.026887539307074083,4.91387372959345,12.674106242682344
AMZN,2025-08-06,0.03,16.0,0.0,5.607830808598511,12.674106242682344
AMZN,2025-08-06,0.3,0.25,0.3331347627800974,0.07750692630301104,12.674106242682344
AMZN,2025-08-06,0.3,0.5,0.2689269983739587,0.087475978137203,12.674106242682344
AMZN,2025-08-06,0.3,1.0,0.19494171777178393,0.10593274453943978,12.674106242682344
AMZN,2025-08-06,0.3,2.0,0.17406078609100328,0.14579023805970592,12.674106242682344
AMZN,2025-08-06,0.3,4.0,0.15526896565969833,0.3309417501086421,12.674106242682344
AMZN,2025-08-06,0.3,8.0,0.11686563542069729,1.193546760951027,12.674106242682344
AMZN,2025-08-06,0.3,16.0,0.03915716380100789,4.586368479740695,12.674106242682344
AMZN,2025-08-06,3.0,0.25,0.3706408694624934,0.075906776931334,12.674106242682344
AMZN,2025-08-06,3.0,0.5,0.33815478655610937,0.07718212644162871,12.674106242682344
AMZN,2025-08-06,3.0,1.0,0.2773420452759827,0.08559995601458652,12.674106242682344
AMZN,2025-08-06,3.0,2.0,0.199591986272612,0.10489575624614934,12.674106242682344
AMZN,2025-08-06,3.0,4.0,0.1753948638310285,0.13844386883361606,12.674106242682344
AMZN,2025-08-06,3.0,8.0,0.15802106525023463,0.2976015692364595,12.674106242682344
AMZN,2025-08-06,3.0,16.0,0.12237286197830591,1.025230231503719,12.674106242682344
AMZN,2025-09-04,0.03,0.25,0.4177373072742191,1.236689926682114,12.541805828113322
AMZN,2025-09-04,0.03,0.5,0.36195149862244547,1.0510255397853332,12.541805828113322
AMZN,2025-09-04,0.03,1.0,0.3216144026764953,1.054065334261418,12.541805828113322
AMZN,2025-09-04,0.03,2.0,0.2783096212529466,0.9466350377940088,12.541805828113322
AMZN,2025-09-04,0.03,4.0,0.24757870108450186,2.3020236808834147,12.541805828113322
AMZN,2025-09-04,0.03,8.0,0.2470821239202168,5.438015599740566,12.541805828113322
AMZN,2025-09-04,0.03,16.0,0.24207575324680186,5.438730975603883,12.541805828113322
AMZN,2025-09-04,0.3,0.25,0.47265528963417996,1.3529227590286217,12.541805828113322
AMZN,2025-09-04,0.3,0.5,0.4227167356560944,1.2516778674427511,12.541805828113322
AMZN,2025-09-04,0.3,1.0,0.36819520196267685,1.0750791719461983,12.541805828113322
AMZN,2025-09-04,0.3,2.0,0.32473635255324435,1.0729198033139116,12.541805828113322
AMZN,2025-09-04,0.3,4.0,0.28448498615153833,0.9556666492295691,12.541805828113322
AMZN,2025-09-04,0.3,8.0,0.24741428292523118,1.9261382974687813,12.541805828113322
AMZN,2025-09-04,0.3,16.0,0.2474409917507019,5.4379998274474985,12.541805828113322
AMZN,2025-09-04,3.0,0.25,0.5022808829260286,1.4121262880168837,12.541805828113322
AMZN,2025-09-04,3.0,0.5,0.47662480468433716,1.360574576773686,12.541805828113322
AMZN,2025-09-04,3.0,1.0,0.42860222853166485,1.2655366909976902,12.541805828113322
AMZN,2025-09-04,3.0,2.0,0.37398805299812377,1.0983233683329543,12.541805828113322
AMZN,2025-09-04,3.0,4.0,0.3276345140906478,1.092765151286641,12.541805828113322
AMZN,2025-09-04,3.0,8.0,0.29021768710289586,0.9731037995978586,12.541805828113322
AMZN,2025-09-04,3.0,16.0,0.24726165062680838,1.6217226574765282,12.541805828113322
AMZN,2025-10-02,0.03,0.25,0.39002842064587406,0.22385400343186565,14.170632280248588
AMZN,2025-10-02,0.03,0.5,0.3439014505139679,0.18560261695679448,14.170632280248588
AMZN,2025-10-02,0.03,1.0,0.29471568470872944,0.38687126541747835,14.170632280248588
AMZN,2025-10-02,0.03,2.0,0.24205304847551187,1.0312586573150393,14.170632280248588
AMZN,2025-10-02,0.03,4.0,0.22188779517798807,3.415926851387202,14.170632280248588
AMZN,2025-10-02,0.03,8.0,0.21287805899455542,9.762153980767561,14.170632280248588
AMZN,2025-10-02,0.03,16.0,0.18747919392063117,13.753051390753347,14.170632280248588
AMZN,2025-10-02,0.3,0.25,0.4303569002604841,0.2570827972851086,14.170632280248588
AMZN,2025-10-02,0.3,0.5,0.39487685175795917,0.2279470136180997,14.170632280248588
AMZN,2025-10-02,0.3,1.0,0.3492288553594306,0.18866260286599223,14.170632280248588
AMZN,2025-10-02,0.3,2.0,0.30155914513721266,0.35557128772470015,14.170632280248588
AMZN,2025-10-02,0.3,4.0,0.24925466502538945,0.9150211643473066,14.170632280248588
AMZN,2025-10-02,0.3,8.0,0.22241452168980677,2.970200556800693,14.170632280248588
AMZN,2025-10-02,0.3,16.0,0.21457840538455775,9.537060989509657,14.170632280248588
AMZN,2025-10-02,3.0,0.25,0.45060950153786217,0.276656078230685,14.170632280248588
AMZN,2025-10-02,3.0,0.5,0.43301192120152626,0.25951227606267485,14.170632280248588
AMZN,2025-10-02,3.0,1.0,0.39945865516220136,0.23173791519819645,14.170632280248588
AMZN,2025-10-02,3.0,2.0,0.35500716149604167,0.19215942208144804,14.170632280248588
AMZN,2025-10-02,3.0,4.0,0.3079187064193204,0.329096553480613,14.170632280248588
AMZN,2025-10-02,3.0,8.0,0.2559365818176626,0.8167979172704943,14.170632280248588
AMZN,2025-10-02,3.0,16.0,0.22290349126893183,2.589694831846774,14.170632280248588
AMZN,2025-10-30,0.03,0.25,0.3591408535239455,0.4008237649862157,9.982566259502043
AMZN,2025-10-30,0.03,0.5,0.30637661658538545,0.5400786307302324,9.982566259502043
AMZN,2025-10-30,0.03,1.0,0.2315233992367498,0.9300144330402194,9.982566259502043
AMZN,2025-10-30,0.03,2.0,0.17846094189390482,1.8020271479436205,9.982566259502043
AMZN,2025-10-30,0.03,4.0,0.1508045528729805,4.284111540839465,9.982566259502043
AMZN,2025-10-30,0.03,8.0,0.08971712736319822,7.2118433813329625,9.982566259502043
AMZN,2025-10-30,0.03,16.0,0.0,12.301547386524014,9.982566259502043
AMZN,2025-10-30,0.3,0.25,0.3931407945669372,0.3435744176920939,9.982566259502043
AMZN,2025-10-30,0.3,0.5,0.363683051129975,0.39240659867861005,9.982566259502043
AMZN,2025-10-30,0.3,1.0,0.31173195745153226,0.5168660737166577,9.982566259502043
AMZN,2025-10-30,0.3,2.0,0.24226148416525,0.8658243119878939,9.982566259502043
AMZN,2025-10-30,0.3,4.0,0.18036530939614775,1.6651500474776681,9.982566259502043
AMZN,2025-10-30,0.3,8.0,0.15489945147882125,3.847112953690816,9.982566259502043
AMZN,2025-10-30,0.3,16.0,0.0985898837933826,6.7962729144945575,9.982566259502043
AMZN,2025-10-30,3.0,0.25,0.4091418788872626,0.3221708515833147,9.982566259502043
AMZN,2025-10-30,3.0,0.5,0.3952566224406074,0.3404819648372818,9.982566259502043
AMZN,2025-10-30,3.0,1.0,0.3679047027521911,0.3847342560809091,9.982566259502043
AMZN,2025-10-30,3.0,2.0,0.3166565232864337,0.49651668042629143,9.982566259502043
AMZN,2025-10-30,3.0,4.0,0.2522240649715389,0.8085224770703309,9.982566259502043
AMZN,2025-10-30,3.0,8.0,0.1821331675828489,1.5480994898626583,9.982566259502043
AMZN,2025-10-30,3.0,16.0,0.15870081860755067,3.4704710277725828,9.982566259502043
AMZN,2025-11-28,0.03,0.25,0.32249802647578873,0.0696730880705955,15.092653987410687
AMZN,2025-11-28,0.03,0.5,0.2720489095160493,0.08680638542346862,15.092653987410687
AMZN,2025-11-28,0.03,1.0,0.20759063984461734,0.0913685316297179,15.092653987410687
AMZN,2025-11-28,0.03,2.0,0.16567450508610118,0.2634409989339678,15.092653987410687
AMZN,2025-11-28,0.03,4.0,0.10353401857894112,1.2878953682942438,15.092653987410687
AMZN,2025-11-28,0.03,8.0,0.0,3.9867170051627956,15.092653987410687
AMZN,2025-11-28,0.03,16.0,0.0,3.9867170051627956,15.092653987410687
AMZN,2025-11-28,0.3,0.25,0.3681376884337046,0.05403460386579401,15.092653987410687
AMZN,2025-11-28,0.3,0.5,0.328012688270629,0.0674887506604606,15.092653987410687
AMZN,2025-11-28,0.3,1.0,0.2773054388038584,0.08467194532109125,15.092653987410687
AMZN,2025-11-28,0.3,2.0,0.21509992969864355,0.0905945205480654,15.092653987410687
AMZN,2025-11-28,0.3,4.0,0.1701284870474146,0.22440284008473457,15.092653987410687
AMZN,2025-11-28,0.3,8.0,0.11244643812489713,1.086392992737984,15.092653987410687
AMZN,2025-11-28,0.3,16.0,0.0,3.9867170051627956,15.092653987410687
AMZN,2025-11-28,3.0,0.25,0.3911385552692548,0.04773279838161493,15.092653987410687
AMZN,2025-11-28,3.0,0.5,0.37121195796838935,0.053147686854322834,15.092653987410687
AMZN,2025-11-28,3.0,1.0,0.3331311629563021,0.06553107765183623,15.092653987410687
AMZN,2025-11-28,3.0,2.0,0.2833686417720165,0.08371306361984764,15.092653987410687
AMZN,2025-11-28,3.0,4.0,0.22396016705870878,0.09263019087174751,15.092653987410687
AMZN,2025-11-28,3.0,8.0,0.17426319763476356,0.19228550959635698,15.092653987410687
AMZN,2025-11-28,3.0,16.0,0.12071680094765436,0.9153671219299419,15.092653987410687
AMZN,2025-12-29,0.03,0.25,0.20814553748363535,0.11867625467760638,15.456599305375429
AMZN,2025-12-29,0.03,0.5,0.18020021625964172,0.18024323536733314,15.456599305375429
AMZN,2025-12-29,0.03,1.0,0.14842290886865483,0.3025189420287821,15.456599305375429
AMZN,2025-12-29,0.03,2.0,0.1288878271603857,0.5285286456098448,15.456599305375429
AMZN,2025-12-29,0.03,4.0,0.09191540604209177,1.1043576603573741,15.456599305375429
AMZN,2025-12-29,0.03,8.0,0.01868983754183193,3.9358410956557695,15.456599305375429
AMZN,2025-12-29,0.03,16.0,0.0,4.874543505015155,15.456599305375429
AMZN,2025-12-29,0.3,0.25,0.23671920883889724,0.08807725145082876,15.456599305375429
AMZN,2025-12-29,0.3,0.5,0.2116047173204603,0.11436901446076918,15.456599305375429
AMZN,2025-12-29,0.3,1.0,0.18267465162769797,0.17078631276392756,15.456599305375429
AMZN,2025-12-29,0.3,2.0,0.15077316051485323,0.28070402460990324,15.456599305375429
AMZN,2025-12-29,0.3,4.0,0.13156002954549736,0.5239264496488217,15.456599305375429
AMZN,2025-12-29,0.3,8.0,0.09710356974079083,0.9689145350879831,15.456599305375429
AMZN,2025-12-29,0.3,16.0,0.029500823961445013,3.4595454822487537,15.456599305375429
AMZN,2025-12-29,3.0,0.25,0.25303612282152005,0.07579606451057934,15.456599305375429
AMZN,2025-12-29,3.0,0.5,0.23890049574014022,0.08632358970545236,15.456599305375429
AMZN,2025-12-29,3.0,1.0,0.2148104950638883,0.11040939717264732,15.456599305375429
AMZN,2025-12-29,3.0,2.0,0.18497171394247136,0.16243059935749493,15.456599305375429
AMZN,2025-12-29,3.0,4.0,0.15529694488504645,0.2681056883656157,15.456599305375429
AMZN,2025-12-29,3.0,8.0,0.13403998317514754,0.524109458478095,15.456599305375429
AMZN,2025-12-29,3.0,16.0,0.1019750220105669,0.8560647001565056,15.456599305375429
AMZN,2026-01-28,0.03,0.25,0.11736249359311536,0.060369186231849885,9.310403049028784
AMZN,2026-01-28,0.03,0.5,0.10598778466766878,0.09471651812164966,9.310403049028784
AMZN,2026-01-28,0.03,1.0,0.09118126720254502,0.14831885260927324,9.310403049028784
AMZN,2026-01-28,0.03,2.0,0.0627985440925504,0.15967143804059167,9.310403049028784
AMZN,2026-01-28,0.03,4.0,0.008283573511683517,0.3761397253785745,9.310403049028784
AMZN,2026-01-28,0.03,8.0,0.0,0.47963146924087213,9.310403049028784
AMZN,2026-01-28,0.03,16.0,0.0,0.47963146924087213,9.310403049028784
AMZN,2026-01-28,0.3,0.25,0.1345822675063619,0.04288575537589141,9.310403049028784
AMZN,2026-01-28,0.3,0.5,0.11956283983881798,0.057820463506134616,9.310403049028784
AMZN,2026-01-28,0.3,1.0,0.10706947231032635,0.08951164621675273,9.310403049028784
AMZN,2026-01-28,0.3,2.0,0.09325523084797156,0.14541053277075883,9.310403049028784
AMZN,2026-01-28,0.3,4.0,0.06675290783446608,0.17348161376715013,9.310403049028784
AMZN,2026-01-28,0.3,8.0,0.016125244183771804,0.30779883666563773,9.310403049028784
AMZN,2026-01-28,0.3,16.0,0.0,0.47963146924087213,9.310403049028784
AMZN,2026-01-28,3.0,0.25,0.14335775253125005,0.03603963992496738,9.310403049028784
AMZN,2026-01-28,3.0,0.5,0.135716557836182,0.04191969125058886,9.310403049028784
AMZN,2026-01-28,3.0,1.0,0.12160546035164499,0.05551350927158622,9.310403049028784
AMZN,2026-01-28,3.0,2.0,0.10807362216704963,0.08489979403830993,9.310403049028784
AMZN,2026-01-28,3.0,4.0,0.09518052814755773,0.14360353871331136,9.310403049028784
AMZN,2026-01-28,3.0,8.0,0.07042381395216984,0.19029183820145346,9.310403049028784
AMZN,2026-01-28,3.0,16.0,0.02329072156643381,0.2547191999361111,9.310403049028784
AMZN,2026-02-26,0.03,0.25,0.33558552065781677,0.10126349877186165,9.919920984008744
AMZN,2026-02-26,0.03,0.5,0.2993576122765096,0.14838161341782033,9.919920984008744
AMZN,2026-02-26,0.03,1.0,0.27325732858799523,0.3187161178860647,9.919920984008744
AMZN,2026-02-26,0.03,2.0,0.24438942186718413,0.6265942849263192,9.919920984008744
AMZN,2026-02-26,0.03,4.0,0.24801757531592572,2.1725761170569857,9.919920984008744
AMZN,2026-02-26,0.03,8.0,0.2523183209496958,5.836101832537463,9.919920984008744
AMZN,2026-02-26,0.03,16.0,0.2548627171173821,6.442725698242646,9.919920984008744
AMZN,2026-02-26,0.3,0.25,0.3622342044677966,0.078172477309086,9.919920984008744
AMZN,2026-02-26,0.3,0.5,0.33828341419335484,0.09776148018853492,9.919920984008744
AMZN,2026-02-26,0.3,1.0,0.303762851950623,0.14040932321664107,9.919920984008744
AMZN,2026-02-26,0.3,2.0,0.27653503525275014,0.2894108690824704,9.919920984008744
AMZN,2026-02-26,0.3,4.0,0.2441293477253051,0.5656827723645951,9.919920984008744
AMZN,2026-02-26,0.3,8.0,0.2474974270321676,1.8711507405068657,9.919920984008744
AMZN,2026-02-26,0.3,16.0,0.2521214498102707,5.8073818572547875,9.919920984008744
AMZN,2026-02-26,3.0,0.25,0.37996939187482404,0.06978622528021662,9.919920984008744
AMZN,2026-02-26,3.0,0.5,0.3643113537364947,0.07719898491595653,9.919920984008744
AMZN,2026-02-26,3.0,1.0,0.34166114024996863,0.09455751881865836,9.919920984008744
AMZN,2026-02-26,3.0,2.0,0.3086875810356399,0.13443185631175728,9.919920984008744
AMZN,2026-02-26,3.0,4.0,0.279569725315,0.264186070339226,9.919920984008744
AMZN,2026-02-26,3.0,8.0,0.24388791627873363,0.5151132526778832,9.919920984008744
AMZN,2026-02-26,3.0,16.0,0.2470145641390247,1.6152350866034793,9.919920984008744
AMZN,2026-03-26,0.03,0.25,0.2601518864504702,0.04586459446681159,10.385301550661081
AMZN,2026-03-26,0.03,0.5,0.25007502324631103,0.06981319472702098,10.385301550661081
AMZN,2026-03-26,0.03,1.0,0.24690314599895558,0.14864520932941022,10.385301550661081
AMZN,2026-03-26,0.03,2.0,0.24903356130952564,0.4361362480204287,10.385301550661081
AMZN,2026-03-26,0.03,4.0,0.25329080101564205,1.5368069761238268,10.385301550661081
AMZN,2026-03-26,0.03,8.0,0.2594165323310392,3.8040425087711025,10.385301550661081
AMZN,2026-03-26,0.03,16.0,0.26432811969964215,5.337087632959846,10.385301550661081
AMZN,2026-03-26,0.3,0.25,0.26555148408200246,0.03793424821332682,10.385301550661081
AMZN,2026-03-26,0.3,0.5,0.26087421850937564,0.0446055147622384,10.385301550661081
AMZN,2026-03-26,0.3,1.0,0.2515196873641219,0.06564824787017967,10.385301550661081
AMZN,2026-03-26,0.3,2.0,0.24675043307168543,0.13476974712777426,10.385301550661081
AMZN,2026-03-26,0.3,4.0,0.24872813545498537,0.38415711254618423,10.385301550661081
AMZN,2026-03-26,0.3,8.0,0.2526808393701553,1.3359815367644865,10.385301550661081
AMZN,2026-03-26,0.3,16.0,0.25896986323755256,3.7125368891715427,10.385301550661081
AMZN,2026-03-26,3.0,0.25,0.2682722904949134,0.03427854278015987,10.385301550661081
AMZN,2026-03-26,3.0,0.5,0.2658867609238801,0.03755462589479521,10.385301550661081
AMZN,2026-03-26,3.0,1.0,0.2615447721931308,0.04349148052473346,10.385301550661081
AMZN,2026-03-26,3.0,2.0,0.2528607947316323,0.06200102099340096,10.385301550661081
AMZN,2026-03-26,3.0,4.0,0.24660866694809236,0.12269502875931261,10.385301550661081
AMZN,2026-03-26,3.0,8.0,0.24844460320779926,0.33912843644576707,10.385301550661081
AMZN,2026-03-26,3.0,16.0,0.2521146011376306,1.162444611181417,10.385301550661081
AMZN,2026-04-24,0.03,0.25,0.21375047534967867,0.038317070987216345,14.941545798069365
AMZN,2026-04-24,0.03,0.5,0.1851076610480166,0.061132734855468544,14.941545798069365
AMZN,2026-04-24,0.03,1.0,0.14533689339557898,0.14303692458305456,14.941545798069365
AMZN,2026-04-24,0.03,2.0,0.12057088413979047,0.4029114820911052,14.941545798069365
AMZN,2026-04-24,0.03,4.0,0.07328313273972398,1.1782683208053526,14.941545798069365
AMZN,2026-04-24,0.03,8.0,0.0,3.085738928186735,14.941545798069365
AMZN,2026-04-24,0.03,16.0,0.0,3.085738928186735,14.941545798069365
AMZN,2026-04-24,0.3,0.25,0.26464158911554553,0.035770288542701464,14.941545798069365
AMZN,2026-04-24,0.3,0.5,0.2190209169815605,0.03791138141550805,14.941545798069365
AMZN,2026-04-24,0.3,1.0,0.18813432209731748,0.056351958593340946,14.941545798069365
AMZN,2026-04-24,0.3,2.0,0.14900995430021965,0.12923097424743865,14.941545798069365
AMZN,2026-04-24,0.3,4.0,0.12404761579404805,0.36733253633478974,14.941545798069365
AMZN,2026-04-24,0.3,8.0,0.0799887105559857,1.0732032610016682,14.941545798069365
AMZN,2026-04-24,0.3,16.0,0.0,3.085738928186735,14.941545798069365
AMZN,2026-04-24,3.0,0.25,0.2932068809438813,0.03643047198486453,14.941545798069365
AMZN,2026-04-24,3.0,0.5,0.26819845243623136,0.03581169148162425,14.941545798069365
AMZN,2026-04-24,3.0,1.0,0.2244470047973061,0.03785072081460304,14.941545798069365
AMZN,2026-04-24,3.0,2.0,0.19094402532323065,0.0523214542591016,14.941545798069365
AMZN,2026-04-24,3.0,4.0,0.15459023287642915,0.11744134596754364,14.941545798069365
AMZN,2026-04-24,3.0,8.0,0.12732424237832957,0.3218110390131587,14.941545798069365
AMZN,2026-04-24,3.0,16.0,0.08622046091097516,0.9746173156595449,14.941545798069365
AMZN,2026-05-22,0.03,0.25,0.21713572789648777,0.03730536573262279,15.657792660448242
AMZN,2026-05-22,0.03,0.5,0.18346755143992619,0.05978966767325166,15.657792660448242
AMZN,2026-05-22,0.03,1.0,0.1454042665642274,0.1563580204321483,15.657792660448242
AMZN,2026-05-22,0.03,2.0,0.11772466475401712,0.4495582684419175,15.657792660448242
AMZN,2026-05-22,0.03,4.0,0.07127866875774733,0.8809981007768258,15.657792660448242
AMZN,2026-05-22,0.03,8.0,0.0,2.1136987751347402,15.657792660448242
AMZN,2026-05-22,0.03,16.0,0.0,2.1136987751347402,15.657792660448242
AMZN,2026-05-22,0.3,0.25,0.255361534017367,0.03409113446342922,15.657792660448242
AMZN,2026-05-22,0.3,0.5,0.22009836166960514,0.03665810996150429,15.657792660448242
AMZN,2026-05-22,0.3,1.0,0.18617977927307489,0.054841547845727326,15.657792660448242
AMZN,2026-05-22,0.3,2.0,0.1508587356073013,0.1396232288865056,15.657792660448242
AMZN,2026-05-22,0.3,4.0,0.12121159075621718,0.3969155727468939,15.657792660448242
AMZN,2026-05-22,0.3,8.0,0.07779362795840727,0.8163254762312794,15.657792660448242
AMZN,2026-05-22,0.3,16.0,0.0,2.1136987751347402,15.657792660448242
AMZN,2026-05-22,3.0,0.25,0.28150304581603053,0.034665822163145184,15.657792660448242
AMZN,2026-05-22,3.0,0.5,0.2587535131750505,0.034059134937109076,15.657792660448242
AMZN,2026-05-22,3.0,1.0,0.2236045315369156,0.036315806877165804,15.657792660448242
AMZN,2026-05-22,3.0,2.0,0.1886975885579863,0.05069093721901001,15.657792660448242
AMZN,2026-05-22,3.0,4.0,0.15593000468531595,0.1256266190250395,15.657792660448242
AMZN,2026-05-22,3.0,8.0,0.12446215447849902,0.35395833974135693,15.657792660448242
AMZN,2026-05-22,3.0,16.0,0.08384158033385247,0.7797706210149372,15.657792660448242
SPY,2024-10-16,0.03,0.25,0.7463245421614724,0.15152405956608178,16.015951920371617
SPY,2024-10-16,0.03,0.5,0.6655048021243876,0.1548014793418663,16.015951920371617
SPY,2024-10-16,0.03,1.0,0.5887629791994818,0.12211207108079711,16.015951920371617
SPY,2024-10-16,0.03,2.0,0.5902957312307947,0.5432432618649735,16.015951920371617
SPY,2024-10-16,0.03,4.0,0.5933422807866546,2.73045263191834,16.015951920371617
SPY,2024-10-16,0.03,8.0,0.5962188380200212,5.345904766050392,16.015951920371617
SPY,2024-10-16,0.03,16.0,0.5967149842619164,5.969069619533113,16.015951920371617
SPY,2024-10-16,0.3,0.25,0.7991782137603166,0.1208526266480956,16.015951920371617
SPY,2024-10-16,0.3,0.5,0.7521056879539012,0.14654174672533266,16.015951920371617
SPY,2024-10-16,0.3,1.0,0.6771277297924557,0.16344932908613996,16.015951920371617
SPY,2024-10-16,0.3,2.0,0.5886529497967612,0.10916874387659498,16.015951920371617
SPY,2024-10-16,0.3,4.0,0.5900760029727017,0.4552883454388597,16.015951920371617
SPY,2024-10-16,0.3,8.0,0.592907340096989,2.306929380869044,16.015951920371617
SPY,2024-10-16,0.3,16.0,0.5960500717557723,5.27375391778017,16.015951920371617
SPY,2024-10-16,3.0,0.25,0.8362673754498351,0.10722567553881701,16.015951920371617
SPY,2024-10-16,3.0,0.5,0.8032226396975934,0.11967441186324201,16.015951920371617
SPY,2024-10-16,3.0,1.0,0.757483724090382,0.14148005019963142,16.015951920371617
SPY,2024-10-16,3.0,2.0,0.6879135340025895,0.17205530093124544,16.015951920371617
SPY,2024-10-16,3.0,4.0,0.5885508075473541,0.0992197863445433,16.015951920371617
SPY,2024-10-16,3.0,8.0,0.5898720253268631,0.38190092591839025,16.015951920371617
SPY,2024-10-16,3.0,16.0,0.5925035769273019,1.9467459995901022,16.015951920371617
SPY,2024-11-13,0.03,0.25,0.9344770526930835,0.28326858721198467,16.56518663261622
SPY,2024-11-13,0.03,0.5,0.6882827531879852,0.2681259805260064,16.56518663261622
SPY,2024-11-13,0.03,1.0,0.3957534913243477,0.32802286903777395,16.56518663261622
SPY,2024-11-13,0.03,2.0,0.2912490371837567,0.5729070159917629,16.56518663261622
SPY,2024-11-13,0.03,4.0,0.13349220782052523,2.6407215027641837,16.56518663261622
SPY,2024-11-13,0.03,8.0,0.0,6.44250510310456,16.56518663261622
SPY,2024-11-13,0.03,16.0,0.0,6.44250510310456,16.56518663261622
SPY,2024-11-13,0.3,0.25,1.0901149785722497,0.3038068772125391,16.56518663261622
SPY,2024-11-13,0.3,0.5,0.9521810619026757,0.28595122356299,16.56518663261622
SPY,2024-11-13,0.3,1.0,0.7234613630781872,0.2753164929012054,16.56518663261622
SPY,2024-11-13,0.3,2.0,0.4227428860633977,0.30493253506652135,16.56518663261622
SPY,2024-11-13,0.3,4.0,0.30212652196623446,0.5226527414987346,16.56518663261622
SPY,2024-11-13,0.3,8.0,0.15602088995609292,2.144173588457459,16.56518663261622
SPY,2024-11-13,0.3,16.0,0.0,6.44250510310456,16.56518663261622
SPY,2024-11-13,3.0,0.25,1.197263713692507,0.28177786574330627,16.56518663261622
SPY,2024-11-13,3.0,0.5,1.1012279317719935,0.30020892915313624,16.56518663261622
SPY,2024-11-13,3.0,1.0,0.9707285999235529,0.28876602478263136,16.56518663261622
SPY,2024-11-13,3.0,2.0,0.7560936316272302,0.282210872953366,16.56518663261622
SPY,2024-11-13,3.0,4.0,0.44779762071274615,0.2894948451739428,16.56518663261622
SPY,2024-11-13,3.0,8.0,0.31222428434706284,0.49252914343722765,16.56518663261622
SPY,2024-11-13,3.0,16.0,0.17702250544397322,1.7435098203405113,16.56518663261622
SPY,2024-12-12,0.03,0.25,1.102488587708601,0.19875807203382878,14.115862550465101
SPY,2024-12-12,0.03,0.5,0.8348279168898742,0.1562760755102763,14.115862550465101
SPY,2024-12-12,0.03,1.0,0.5890814309290752,0.1708614674935041,14.115862550465101
SPY,2024-12-12,0.03,2.0,0.37559960885371335,0.47417217497601255,14.115862550465101
SPY,2024-12-12,0.03,4.0,0.1591890014896442,3.853178369438467,14.115862550465101
SPY,2024-12-12,0.03,8.0,0.0,4.802120392669967,14.115862550465101
SPY,2024-12-12,0.03,16.0,0.0,4.802120392669967,14.115862550465101
SPY,2024-12-12,0.3,0.25,1.3140139750511086,0.22320560901420786,14.115862550465101
SPY,2024-12-12,0.3,0.5,1.1277499184076087,0.20081453523216045,14.115862550465101
SPY,2024-12-12,0.3,1.0,0.8656580122774851,0.1611920108528763,14.115862550465101
SPY,2024-12-12,0.3,2.0,0.6082318320253975,0.15613613245152902,14.115862550465101
SPY,2024-12-12,0.3,4.0,0.3911124044944979,0.39584191257904416,14.115862550465101
SPY,2024-12-12,0.3,8.0,0.1902145927712134,3.106751059819024,14.115862550465101
SPY,2024-12-12,0.3,16.0,0.0,4.802120392669967,14.115862550465101
SPY,2024-12-12,3.0,0.25,1.4439332092061703,0.20667842446890541,14.115862550465101
SPY,2024-12-12,3.0,0.5,1.330875334806483,0.22115502940054996,14.115862550465101
SPY,2024-12-12,3.0,1.0,1.1511877134239157,0.20321074647121995,14.115862550465101
SPY,2024-12-12,3.0,2.0,0.8942781375755554,0.16738724377657005,14.115862550465101
SPY,2024-12-12,3.0,4.0,0.6260094896029766,0.14811086466404352,14.115862550465101
SPY,2024-12-12,3.0,8.0,0.40551320829937443,0.3427492265607563,14.115862550465101
SPY,2024-12-12,3.0,16.0,0.21901620038096642,2.4923200796797746,14.115862550465101
SPY,2025-01-14,0.03,0.25,0.6630597732286099,0.21761262526636535,15.460007786619194
SPY,2025-01-14,0.03,0.5,0.5454757471783483,0.39578777409554144,15.460007786619194
SPY,2025-01-14,0.03,1.0,0.5233439585465491,0.9974057601628445,15.460007786619194
SPY,2025-01-14,0.03,2.0,0.48681000311215816,2.71331404258403,15.460007786619194
SPY,2025-01-14,0.03,4.0,0.4180444886245237,3.7319615818256597,15.460007786619194
SPY,2025-01-14,0.03,8.0,0.2788655528701885,6.7051766495074965,15.460007786619194
SPY,2025-01-14,0.03,16.0,0.0,14.918111846817938,15.460007786619194
SPY,2025-01-14,0.3,0.25,0.7994407232090048,0.21902187888437605,15.460007786619194
SPY,2025-01-14,0.3,0.5,0.6765415128999654,0.20922124889184204,15.460007786619194
SPY,2025-01-14,0.3,1.0,0.5541236882551266,0.36243112473514427,15.460007786619194
SPY,2025-01-14,0.3,2.0,0.5260365513982886,0.8896241959501829,15.460007786619194
SPY,2025-01-14,0.3,4.0,0.4919506343387986,2.485661514780121,15.460007786619194
SPY,2025-01-14,0.3,8.0,0.4278329657584392,3.5647706835985047,15.460007786619194
SPY,2025-01-14,0.3,16.0,0.2989897672375779,6.142262415944003,15.460007786619194
SPY,2025-01-14,3.0,0.25,0.88111160268388,0.2516168977200557,15.460007786619194
SPY,2025-01-14,3.0,0.5,0.8093153167054192,0.22302979102249532,15.460007786619194
SPY,2025-01-14,3.0,1.0,0.6895246515275807,0.20186952957277632,15.460007786619194
SPY,2025-01-14,3.0,2.0,0.5621582048144901,0.33347953846475087,15.460007786619194
SPY,2025-01-14,3.0,4.0,0.5285361331811087,0.7968808388735348,15.460007786619194
SPY,2025-01-14,3.0,8.0,0.49676474292809086,2.243954641356421,15.460007786619194
SPY,2025-01-14,3.0,16.0,0.4369197829910102,3.438932830837413,15.460007786619194
SPY,2025-02-12,0.03,0.25,0.42236526458186097,0.05575800969509628,15.154054639451802
SPY,2025-02-12,0.03,0.5,0.3546588506671794,0.10218782405280426,15.154054639451802
SPY,2025-02-12,0.03,1.0,0.31586464356132354,0.287398148545594,15.154054639451802
SPY,2025-02-12,0.03,2.0,0.2400792870974337,0.7600692460392885,15.154054639451802
SPY,2025-02-12,0.03,4.0,0.09343681126415909,1.4139499917103708,15.154054639451802
SPY,2025-02-12,0.03,8.0,0.0,2.3868688276345966,15.154054639451802
SPY,2025-02-12,0.03,16.0,0.0,2.3868688276345966,15.154054639451802
SPY,2025-02-12,0.3,0.25,0.4945482662538136,0.04877289351144139,15.154054639451802
SPY,2025-02-12,0.3,0.5,0.43045393659964676,0.054079464813912195,15.154054639451802
SPY,2025-02-12,0.3,1.0,0.35819355580266415,0.09399141673113146,15.154054639451802
SPY,2025-02-12,0.3,2.0,0.3213323108839779,0.2627868559437752,15.154054639451802
SPY,2025-02-12,0.3,4.0,0.25085970134598085,0.6835569286692095,15.154054639451802
SPY,2025-02-12,0.3,8.0,0.11423073051840718,1.2081520811243494,15.154054639451802
SPY,2025-02-12,0.3,16.0,0.0,2.3868688276345966,15.154054639451802
SPY,2025-02-12,3.0,0.25,0.5401306108149597,0.05033778030899441,15.154054639451802
SPY,2025-02-12,3.0,0.5,0.5005245710244345,0.04880039041864465,15.154054639451802
SPY,2025-02-12,3.0,1.0,0.4389932693710699,0.05263207808417578,15.154054639451802
SPY,2025-02-12,3.0,2.0,0.36335149561566854,0.08718575650723794,15.154054639451802
SPY,2025-02-12,3.0,4.0,0.32648109792126523,0.23133648552847336,15.154054639451802
SPY,2025-02-12,3.0,8.0,0.26087236399436464,0.6208189752250227,15.154054639451802
SPY,2025-02-12,3.0,16.0,0.1336061326874421,1.05163741366036,15.154054639451802
SPY,2025-03-13,0.03,0.25,1.3082653294330855,3.374435622128898,17.402283472699736
SPY,2025-03-13,0.03,0.5,1.187525031708688,3.439698469792502,17.402283472699736
SPY,2025-03-13,0.03,1.0,1.068279507166374,4.324450790927978,17.402283472699736
SPY,2025-03-13,0.03,2.0,0.8798414468820259,6.766577798721974,17.402283472699736
SPY,2025-03-13,0.03,4.0,0.7159256676005514,7.965291443498205,17.402283472699736
SPY,2025-03-13,0.03,8.0,0.586481117496338,21.79403614237593,17.402283472699736
SPY,2025-03-13,0.03,16.0,0.5867553372164812,27.476824405533456,17.402283472699736
SPY,2025-03-13,0.3,0.25,1.413450754055519,3.4500636313826303,17.402283472699736
SPY,2025-03-13,0.3,0.5,1.3221013544776852,3.3806256708350135,17.402283472699736
SPY,2025-03-13,0.3,1.0,1.1993420986399088,3.394759174747412,17.402283472699736
SPY,2025-03-13,0.3,2.0,1.081794979509445,4.226059045238549,17.402283472699736
SPY,2025-03-13,0.3,4.0,0.906774981962745,6.327067732226643,17.402283472699736
SPY,2025-03-13,0.3,8.0,0.7364505179191467,7.556578928722118,17.402283472699736
SPY,2025-03-13,0.3,16.0,0.5862362551594537,17.823369397688907,17.402283472699736
SPY,2025-03-13,3.0,0.25,1.4691862738430899,3.5028681836304383,17.402283472699736
SPY,2025-03-13,3.0,0.5,1.420896116633348,3.4566364129085048,17.402283472699736
SPY,2025-03-13,3.0,1.0,1.3349455823474055,3.3874002938871683,17.402283472699736
SPY,2025-03-13,3.0,2.0,1.210721677889507,3.3602063049392243,17.402283472699736
SPY,2025-03-13,3.0,4.0,1.0943515824702739,4.116314966169709,17.402283472699736
SPY,2025-03-13,3.0,8.0,0.9318493874226932,5.8918526043082755,17.402283472699736
SPY,2025-03-13,3.0,16.0,0.7555041011292197,7.301820767492457,17.402283472699736
SPY,2025-04-10,0.03,0.25,0.6294219590673846,0.057759366226132175,32.68138631671046
SPY,2025-04-10,0.03,0.5,0.6072907500269578,0.07930751477556536,32.68138631671046
SPY,2025-04-10,0.03,1.0,0.5730721458895605,0.158350846576021,32.68138631671046
SPY,2025-04-10,0.03,2.0,0.5754421759646837,0.5030272401843351,32.68138631671046
SPY,2025-04-10,0.03,4.0,0.5801466742468313,2.046521922612958,32.68138631671046
SPY,2025-04-10,0.03,8.0,0.5895048859883965,8.550349452960145,32.68138631671046
SPY,2025-04-10,0.03,16.0,0.5961063552364507,15.816045698598321,32.68138631671046
SPY,2025-04-10,0.3,0.25,0.6556838467604194,0.05176570433389948,32.68138631671046
SPY,2025-04-10,0.3,0.5,0.6318483632591313,0.056661829564738635,32.68138631671046
SPY,2025-04-10,0.3,1.0,0.6099251550247289,0.07520698292886992,32.68138631671046
SPY,2025-04-10,0.3,2.0,0.5757594703582845,0.14488917304336288,32.68138631671046
SPY,2025-04-10,0.3,4.0,0.5751048372993098,0.4363817491544623,32.68138631671046
SPY,2025-04-10,0.3,8.0,0.579472605816101,1.7549214751398736,32.68138631671046
SPY,2025-04-10,0.3,16.0,0.5882018665276489,7.352872670749613,32.68138631671046
SPY,2025-04-10,3.0,0.25,0.6688710608726409,0.05106302756938363,32.68138631671046
SPY,2025-04-10,3.0,0.5,0.6574490109937368,0.05159028293508941,32.68138631671046
SPY,2025-04-10,3.0,1.0,0.6345893253498842,0.05571256020828949,32.68138631671046
SPY,2025-04-10,3.0,2.0,0.6123747129258834,0.07176822979617871,32.68138631671046
SPY,2025-04-10,3.0,4.0,0.5807000185732336,0.13405295541914203,32.68138631671046
SPY,2025-04-10,3.0,8.0,0.5747916798228403,0.3797821576995686,32.68138631671046
SPY,2025-04-10,3.0,16.0,0.5788468561158675,1.5052935589005663,32.68138631671046
SPY,2025-05-09,0.03,0.25,0.6225641569477081,0.10969229481660824,38.47444972496273
SPY,2025-05-09,0.03,0.5,0.6041047892985553,0.13000830061494273,38.47444972496273
SPY,2025-05-09,0.03,1.0,0.6042371688692343,0.170979549892374,38.47444972496273
SPY,2025-05-09,0.03,2.0,0.6061760981502684,0.3884439767176518,38.47444972496273
SPY,2025-05-09,0.03,4.0,0.6100112282485011,1.3603918097743095,38.47444972496273
SPY,2025-05-09,0.03,8.0,0.6176293893429619,5.432482799401367,38.47444972496273
SPY,2025-05-09,0.03,16.0,0.6227638612520106,9.528101277932125,38.47444972496273
SPY,2025-05-09,0.3,0.25,0.6502403809944943,0.09851899669479319,38.47444972496273
SPY,2025-05-09,0.3,0.5,0.6238886963577468,0.1087229669561657,38.47444972496273
SPY,2025-05-09,0.3,1.0,0.6067490106611926,0.12623649335035506,38.47444972496273
SPY,2025-05-09,0.3,2.0,0.6040978006707465,0.16240385269645735,38.47444972496273
SPY,2025-05-09,0.3,4.0,0.6059002224133776,0.3462066663316955,38.47444972496273
SPY,2025-05-09,0.3,8.0,0.6094633248246115,1.1774446926613633,38.47444972496273
SPY,2025-05-09,0.3,16.0,0.6165429882952258,4.675436784676806,38.47444972496273
SPY,2025-05-09,3.0,0.25,0.672926289530795,0.09390333354616907,38.47444972496273
SPY,2025-05-09,3.0,0.5,0.6524821233650312,0.09786183435305383,38.47444972496273
SPY,2025-05-09,3.0,1.0,0.625631149303116,0.10769401962214296,38.47444972496273
SPY,2025-05-09,3.0,2.0,0.6092036883312761,0.12296533212416026,38.47444972496273
SPY,2025-05-09,3.0,4.0,0.6039684226959743,0.15528729764104152,38.47444972496273
SPY,2025-05-09,3.0,8.0,0.605643423034642,0.3102882393868028,38.47444972496273
SPY,2025-05-09,3.0,16.0,0.6089533588730396,1.0203770981841176,38.47444972496273
SPY,2025-06-09,0.03,0.25,0.6547569614453371,0.12458901341034888,37.347098933324595
SPY,2025-06-09,0.03,0.5,0.6250136902423993,0.14114986648092284,37.347098933324595
SPY,2025-06-09,0.03,1.0,0.6228812575430945,0.1758928301603863,37.347098933324595
SPY,2025-06-09,0.03,2.0,0.6186163921444853,0.37090333530073766,37.347098933324595
SPY,2025-06-09,0.03,4.0,0.610048454446742,1.2487921185368303,37.347098933324595
SPY,2025-06-09,0.03,8.0,0.592761258016964,4.914195762659904,37.347098933324595
SPY,2025-06-09,0.03,16.0,0.5485590022527054,6.8684843796630695,37.347098933324595
SPY,2025-06-09,0.3,0.25,0.6897576544668181,0.11369663801143122,37.347098933324595
SPY,2025-06-09,0.3,0.5,0.6584309463894866,0.12332655402963062,37.347098933324595
SPY,2025-06-09,0.3,1.0,0.6251665334763545,0.14026595343081813,37.347098933324595
SPY,2025-06-09,0.3,2.0,0.6231869726194945,0.16834262187127644,37.347098933324595
SPY,2025-06-09,0.3,4.0,0.6192278222972853,0.332668550920048,37.347098933324595
SPY,2025-06-09,0.3,8.0,0.6112798681525518,1.08368713370318,37.347098933324595
SPY,2025-06-09,0.3,16.0,0.5952488762067805,4.232775174752665,37.347098933324595
SPY,2025-06-09,3.0,0.25,0.7183565065031157,0.10945059926217521,37.347098933324595
SPY,2025-06-09,3.0,0.5,0.6929265805485856,0.11308441299295939,37.347098933324595
SPY,2025-06-09,3.0,1.0,0.6618445446009885,0.12191508813183183,37.347098933324595
SPY,2025-06-09,3.0,2.0,0.6253082560507641,0.13963121761286185,37.347098933324595
SPY,2025-06-09,3.0,4.0,0.6234707733564715,0.16210335479539706,37.347098933324595
SPY,2025-06-09,3.0,8.0,0.6197954237712395,0.3002534229580286,37.347098933324595
SPY,2025-06-09,3.0,16.0,0.6124223239206661,0.9420388869796521,37.347098933324595
SPY,2025-07-09,0.03,0.25,0.7451089725840281,0.05495310077675555,15.913984644349574
SPY,2025-07-09,0.03,0.5,0.683738086112203,0.07094996874032752,15.913984644349574
SPY,2025-07-09,0.03,1.0,0.6433961885802734,0.15213507801491707,15.913984644349574
SPY,2025-07-09,0.03,2.0,0.6449845400332159,0.5876999452064442,15.913984644349574
SPY,2025-07-09,0.03,4.0,0.6481197079734826,2.652839304032048,15.913984644349574
SPY,2025-07-09,0.03,8.0,0.6505065545990039,6.645826291538799,15.913984644349574
SPY,2025-07-09,0.03,16.0,0.6505091702625152,7.374140871176575,15.913984644349574
SPY,2025-07-09,0.3,0.25,0.8194663292666309,0.046649138740917244,15.913984644349574
SPY,2025-07-09,0.3,0.5,0.7514616563723029,0.05512781967821692,15.913984644349574
SPY,2025-07-09,0.3,1.0,0.6898780068888537,0.06731566763540801,15.913984644349574
SPY,2025-07-09,0.3,2.0,0.6432808290461351,0.13621748102199482,15.913984644349574
SPY,2025-07-09,0.3,4.0,0.6447591872873872,0.5010079666516601,15.913984644349574
SPY,2025-07-09,0.3,8.0,0.6476711775531805,2.258803763526819,15.913984644349574
SPY,2025-07-09,0.3,16.0,0.6504235855149076,6.486518408215593,15.913984644349574
SPY,2025-07-09,3.0,0.25,0.8738302070016151,0.04453885824205001,15.913984644349574
SPY,2025-07-09,3.0,0.5,0.8266003768626253,0.046278945089344006,15.913984644349574
SPY,2025-07-09,3.0,1.0,0.7573654071956006,0.0553317041168679,15.913984644349574
SPY,2025-07-09,3.0,2.0,0.6955708802888789,0.06377489819070442,15.913984644349574
SPY,2025-07-09,3.0,4.0,0.6431737387410335,0.12331536223165576,15.913984644349574
SPY,2025-07-09,3.0,8.0,0.6445499883296547,0.4278940914543423,15.913984644349574
SPY,2025-07-09,3.0,16.0,0.6472547987950985,1.9224027223680773,15.913984644349574
SPY,2025-08-06,0.03,0.25,0.7313508864736612,0.022135570059037882,12.202324985733437
SPY,2025-08-06,0.03,0.5,0.6576912202861052,0.04011017438728846,12.202324985733437
SPY,2025-08-06,0.03,1.0,0.6587542139229314,0.13220882120941171,12.202324985733437
SPY,2025-08-06,0.03,2.0,0.6608773549608408,0.5484064277530736,12.202324985733437
SPY,2025-08-06,0.03,4.0,0.6650017444243085,2.2691953631257196,12.202324985733437
SPY,2025-08-06,0.03,8.0,0.6682378237348672,4.118748454371041,12.202324985733437
SPY,2025-08-06,0.03,16.0,0.6695132701842316,4.597657666807575,12.202324985733437
SPY,2025-08-06,0.3,0.25,0.790136997475613,0.020198766021340905,12.202324985733437
SPY,2025-08-06,0.3,0.5,0.7384301229873983,0.02169710196694867,12.202324985733437
SPY,2025-08-06,0.3,1.0,0.6576150225282578,0.03648159945051212,12.202324985733437
SPY,2025-08-06,0.3,2.0,0.6586018184072366,0.11425187007353065,12.202324985733437
SPY,2025-08-06,0.3,4.0,0.6605735168010682,0.46987133430257033,12.202324985733437
SPY,2025-08-06,0.3,8.0,0.6644910947347183,1.9701954228020804,12.202324985733437
SPY,2025-08-06,0.3,16.0,0.6680463212113987,4.075538000209726,12.202324985733437
SPY,2025-08-06,3.0,0.25,0.8390987346171422,0.020737876331054762,12.202324985733437
SPY,2025-08-06,3.0,0.5,0.7956001444570557,0.02017174579710162,12.202324985733437
SPY,2025-08-06,3.0,1.0,0.7450035540236183,0.021405029930451517,12.202324985733437
SPY,2025-08-06,3.0,2.0,0.6639978038095804,0.03323029146135827,12.202324985733437
SPY,2025-08-06,3.0,4.0,0.6584603469424483,0.0990061261095525,12.202324985733437
SPY,2025-08-06,3.0,8.0,0.6602910065749749,0.4025091457651371,12.202324985733437
SPY,2025-08-06,3.0,16.0,0.6639429750039989,1.693796206713615,12.202324985733437
SPY,2025-09-04,0.03,0.25,0.8435392382934779,0.10434436559769855,12.696842915713237
SPY,2025-09-04,0.03,0.5,0.7657637313151829,0.08638065976145885,12.696842915713237
SPY,2025-09-04,0.03,1.0,0.6685868765507443,0.11469736849843631,12.696842915713237
SPY,2025-09-04,0.03,2.0,0.6705757310452164,0.34027943784363457,12.696842915713237
SPY,2025-09-04,0.03,4.0,0.6744751359319282,1.8846856346295036,12.696842915713237
SPY,2025-09-04,0.03,8.0,0.6776443658060067,7.572208670216264,12.696842915713237
SPY,2025-09-04,0.03,16.0,0.6797664509883842,10.954403957965118,12.696842915713237
SPY,2025-09-04,0.3,0.25,0.9159161066854182,0.12789548489354405,12.696842915713237
SPY,2025-09-04,0.3,0.5,0.850477542109498,0.10688389231610622,12.696842915713237
SPY,2025-09-04,0.3,1.0,0.7727773161255382,0.08702756467625473,12.696842915713237
SPY,2025-09-04,0.3,2.0,0.6815593978774858,0.10495160190047993,12.696842915713237
SPY,2025-09-04,0.3,4.0,0.6702907402428231,0.28526145642375034,12.696842915713237
SPY,2025-09-04,0.3,8.0,0.6739815017204971,1.5852171844516318,12.696842915713237
SPY,2025-09-04,0.3,16.0,0.6774339514080535,6.594624390532848,12.696842915713237
SPY,2025-09-04,3.0,0.25,0.9797416684141655,0.13838126308421425,12.696842915713237
SPY,2025-09-04,3.0,0.5,0.9213687850681205,0.12970608891048374,12.696842915713237
SPY,2025-09-04,3.0,1.0,0.8569184928128284,0.10941969568088851,12.696842915713237
SPY,2025-09-04,3.0,2.0,0.7792881515134066,0.08832181204911822,12.696842915713237
SPY,2025-09-04,3.0,4.0,0.6946775875631164,0.09827154220818803,12.696842915713237
SPY,2025-09-04,3.0,8.0,0.6700261782176091,0.24098205661039812,12.696842915713237
SPY,2025-09-04,3.0,16.0,0.6734523776700692,1.3206676193682274,12.696842915713237
SPY,2025-10-02,0.03,0.25,1.40525991228891,0.2547284327353299,13.400212650296636
SPY,2025-10-02,0.03,0.5,1.2479080920319894,0.30342906066905245,13.400212650296636
SPY,2025-10-02,0.03,1.0,0.9962200916826625,0.5781583231821738,13.400212650296636
SPY,2025-10-02,0.03,2.0,0.803607986273388,1.378010531732382,13.400212650296636
SPY,2025-10-02,0.03,4.0,0.6770531019988426,5.493944664890754,13.400212650296636
SPY,2025-10-02,0.03,8.0,0.6701850595615072,10.78474890384539,13.400212650296636
SPY,2025-10-02,0.03,16.0,0.6572832242625549,10.880429146525456,13.400212650296636
SPY,2025-10-02,0.3,0.25,1.554795508502476,0.2624474773575294,13.400212650296636
SPY,2025-10-02,0.3,0.5,1.4170240459648613,0.2535785723281682,13.400212650296636
SPY,2025-10-02,0.3,1.0,1.2704809772097954,0.2904133636454708,13.400212650296636
SPY,2025-10-02,0.3,2.0,1.0241159739440624,0.5432364782417931,13.400212650296636
SPY,2025-10-02,0.3,4.0,0.830277469893327,1.2564935556610577,13.400212650296636
SPY,2025-10-02,0.3,8.0,0.6772477882231462,4.601035032072457,13.400212650296636
SPY,2025-10-02,0.3,16.0,0.6711002930160304,10.779013747574929,13.400212650296636
SPY,2025-10-02,3.0,0.25,1.6814746882324845,0.25861656239789116,13.400212650296636
SPY,2025-10-02,3.0,0.5,1.571727094786968,0.2652354928476204,13.400212650296636
SPY,2025-10-02,3.0,1.0,1.4311594347711858,0.2529945108617546,13.400212650296636
SPY,2025-10-02,3.0,2.0,1.2914276884066536,0.28071804718779014,13.400212650296636
SPY,2025-10-02,3.0,4.0,1.0499400325364683,0.5068286350323259,13.400212650296636
SPY,2025-10-02,3.0,8.0,0.8550352253670324,1.169329694350107,13.400212650296636
SPY,2025-10-02,3.0,16.0,0.6774013820881808,3.8686179859363263,13.400212650296636
SPY,2025-10-30,0.03,0.25,1.0412426283537444,0.1061183650031107,15.830294463126581
SPY,2025-10-30,0.03,0.5,0.852370319085417,0.1725499145089316,15.830294463126581
SPY,2025-10-30,0.03,1.0,0.5539472650142524,0.32486930972555933,15.830294463126581
SPY,2025-10-30,0.03,2.0,0.2932194463055289,0.7964995707401786,15.830294463126581
SPY,2025-10-30,0.03,4.0,0.0546547339657564,4.30376951147798,15.830294463126581
SPY,2025-10-30,0.03,8.0,0.0,5.958158210567129,15.830294463126581
SPY,2025-10-30,0.03,16.0,0.0,5.958158210567129,15.830294463126581
SPY,2025-10-30,0.3,0.25,1.1608849890756192,0.08730032499334585,15.830294463126581
SPY,2025-10-30,0.3,0.5,1.054746532221024,0.10235891837540297,15.830294463126581
SPY,2025-10-30,0.3,1.0,0.8794646453261084,0.15975307124463065,15.830294463126581
SPY,2025-10-30,0.3,2.0,0.5941389746056319,0.29795176444335464,15.830294463126581
SPY,2025-10-30,0.3,4.0,0.31253739634710037,0.6870658930832927,15.830294463126581
SPY,2025-10-30,0.3,8.0,0.08143858232043549,3.59971409131734,15.830294463126581
SPY,2025-10-30,0.3,16.0,0.0,5.958158210567129,15.830294463126581
SPY,2025-10-30,3.0,0.25,1.2856906217107689,0.08663701270248442,15.830294463126581
SPY,2025-10-30,3.0,0.5,1.1749339303018296,0.08642645448782324,15.830294463126581
SPY,2025-10-30,3.0,1.0,1.0672824461011334,0.09925303193770811,15.830294463126581
SPY,2025-10-30,3.0,2.0,0.9046181729729642,0.14927526580749081,15.830294463126581
SPY,2025-10-30,3.0,4.0,0.6314839969299665,0.2732252539025951,15.830294463126581
SPY,2025-10-30,3.0,8.0,0.33046892361084523,0.6042373110971773,15.830294463126581
SPY,2025-10-30,3.0,16.0,0.10630250460928677,3.011375408809306,15.830294463126581
SPY,2025-11-28,0.03,0.25,0.9411344291604458,0.07959770186832887,18.87182218396337
SPY,2025-11-28,0.03,0.5,0.7921813210715578,0.0683025207796204,18.87182218396337
SPY,2025-11-28,0.03,1.0,0.5969229834114161,0.11395272984378234,18.87182218396337
SPY,2025-11-28,0.03,2.0,0.5185806436924452,0.5738530619980803,18.87182218396337
SPY,2025-11-28,0.03,4.0,0.3618454239317604,3.0666753040386188,18.87182218396337
SPY,2025-11-28,0.03,8.0,0.0461300225085293,5.3530459639433134,18.87182218396337
SPY,2025-11-28,0.03,16.0,0.0,5.455793646708107,18.87182218396337
SPY,2025-11-28,0.3,0.25,1.0363922639451895,0.06813783563249577,18.87182218396337
SPY,2025-11-28,0.3,0.5,0.9532044350600695,0.08143269955210523,18.87182218396337
SPY,2025-11-28,0.3,1.0,0.8094819417114953,0.07038285056617383,18.87182218396337
SPY,2025-11-28,0.3,2.0,0.605371295583074,0.1034456417906457,18.87182218396337
SPY,2025-11-28,0.3,4.0,0.5298140761969319,0.47046140554513455,18.87182218396337
SPY,2025-11-28,0.3,8.0,0.38431732724768486,2.6066622294103263,18.87182218396337
SPY,2025-11-28,0.3,16.0,0.09148778695298827,5.259703902515167,18.87182218396337
SPY,2025-11-28,3.0,0.25,1.1340715566765995,0.07111036764964655,18.87182218396337
SPY,2025-11-28,3.0,0.5,1.044720556528028,0.06723088722051751,18.87182218396337
SPY,2025-11-28,3.0,1.0,0.9644167494681537,0.08225777261191115,18.87182218396337
SPY,2025-11-28,3.0,2.0,0.8255698578756268,0.07092388653620131,18.87182218396337
SPY,2025-11-28,3.0,4.0,0.6262914496232808,0.0919710656938688,18.87182218396337
SPY,2025-11-28,3.0,8.0,0.5402422711721256,0.3857956072028559,18.87182218396337
SPY,2025-11-28,3.0,16.0,0.40517839434792896,2.214272077950823,18.87182218396337
SPY,2025-12-29,0.03,0.25,0.8442647143083866,0.22007443679595456,15.979630770053845
SPY,2025-12-29,0.03,0.5,0.5886139090476058,0.24052709871547745,15.979630770053845
SPY,2025-12-29,0.03,1.0,0.34161115431702144,0.2541557448835292,15.979630770053845
SPY,2025-12-29,0.03,2.0,0.24909235194415902,0.5714894843307246,15.979630770053845
SPY,2025-12-29,0.03,4.0,0.06325373857938268,3.809466412312156,15.979630770053845
SPY,2025-12-29,0.03,8.0,0.0,5.603624803588267,15.979630770053845
SPY,2025-12-29,0.03,16.0,0.0,5.603624803588267,15.979630770053845
SPY,2025-12-29,0.3,0.25,1.0353536336389602,0.19920704068059472,15.979630770053845
SPY,2025-12-29,0.3,0.5,0.8682875356904526,0.2190874298333955,15.979630770053845
SPY,2025-12-29,0.3,1.0,0.619985782865735,0.23756095742800962,15.979630770053845
SPY,2025-12-29,0.3,2.0,0.3482180617100728,0.23982043136217113,15.979630770053845
SPY,2025-12-29,0.3,4.0,0.2623562606926416,0.47160029869885167,15.979630770053845
SPY,2025-12-29,0.3,8.0,0.08994578141131798,3.1303132979886796,15.979630770053845
SPY,2025-12-29,0.3,16.0,0.0,5.603624803588267,15.979630770053845
SPY,2025-12-29,3.0,0.25,1.1666042529820257,0.1895348493052941,15.979630770053845
SPY,2025-12-29,3.0,0.5,1.0505413956906975,0.19832063934568656,15.979630770053845
SPY,2025-12-29,3.0,1.0,0.8905920289561913,0.2177922206515589,15.979630770053845
SPY,2025-12-29,3.0,2.0,0.6491418828305587,0.23228147193143503,15.979630770053845
SPY,2025-12-29,3.0,4.0,0.3543474492486823,0.22750082818483222,15.979630770053845
SPY,2025-12-29,3.0,8.0,0.2746693828400447,0.39516728408562185,15.979630770053845
SPY,2025-12-29,3.0,16.0,0.11472447900232295,2.5653517612111703,15.979630770053845
SPY,2026-01-28,0.03,0.25,0.5827510866025215,0.10197927306657402,14.935989500829987
SPY,2026-01-28,0.03,0.5,0.42361927435507596,0.14133547063944052,14.935989500829987
SPY,2026-01-28,0.03,1.0,0.3065842995532298,0.2830996292474718,14.935989500829987
SPY,2026-01-28,0.03,2.0,0.20633523164280287,0.5209906009386839,14.935989500829987
SPY,2026-01-28,0.03,4.0,0.008425781146701946,2.8056414009983865,14.935989500829987
SPY,2026-01-28,0.03,8.0,0.0,2.9811874890996037,14.935989500829987
SPY,2026-01-28,0.03,16.0,0.0,2.9811874890996037,14.935989500829987
SPY,2026-01-28,0.3,0.25,0.7500694450133926,0.09874004685814596,14.935989500829987
SPY,2026-01-28,0.3,0.5,0.5972841284826129,0.10022656807684559,14.935989500829987
SPY,2026-01-28,0.3,1.0,0.44340579569508365,0.13754515278613968,14.935989500829987
SPY,2026-01-28,0.3,2.0,0.3138833317684248,0.26277729434312974,14.935989500829987
SPY,2026-01-28,0.3,4.0,0.22062435680441647,0.4746746614134327,14.935989500829987
SPY,2026-01-28,0.3,8.0,0.036536729797731655,2.2779673569235714,14.935989500829987
SPY,2026-01-28,0.3,16.0,0.0,2.9811874890996037,14.935989500829987
SPY,2026-01-28,3.0,0.25,0.8566891526650215,0.08891957508961636,14.935989500829987
SPY,2026-01-28,3.0,0.5,0.7629345006124312,0.09821441345625893,14.935989500829987
SPY,2026-01-28,3.0,1.0,0.6144266681265927,0.10046427988156008,14.935989500829987
SPY,2026-01-28,3.0,2.0,0.46181491871847263,0.13096539181037695,14.935989500829987
SPY,2026-01-28,3.0,4.0,0.3206411309086619,0.23767651482782812,14.935989500829987
SPY,2026-01-28,3.0,8.0,0.2338892055628647,0.4483186521507474,14.935989500829987
SPY,2026-01-28,3.0,16.0,0.0626581957343022,1.8659986988745372,14.935989500829987
SPY,2026-02-26,0.03,0.25,1.0792869730555497,0.16069347374892362,15.1024764585308
SPY,2026-02-26,0.03,0.5,1.0389517113647526,0.28786319928093457,15.1024764585308
SPY,2026-02-26,0.03,1.0,0.9863832696004042,0.5760913791359408,15.1024764585308
SPY,2026-02-26,0.03,2.0,0.8820591675065822,1.363836298843763,15.1024764585308
SPY,2026-02-26,0.03,4.0,0.7145791629010598,3.5582010416040433,15.1024764585308
SPY,2026-02-26,0.03,8.0,0.7157610639960652,5.299809554543893,15.1024764585308
SPY,2026-02-26,0.03,16.0,0.7162464805898008,5.896953786689095,15.1024764585308
SPY,2026-02-26,0.3,0.25,1.1834232917434568,0.12245544247621999,15.1024764585308
SPY,2026-02-26,0.3,0.5,1.0875677046335919,0.1542492558898638,15.1024764585308
SPY,2026-02-26,0.3,1.0,1.042695814735875,0.2692023473811116,15.1024764585308
SPY,2026-02-26,0.3,2.0,0.9938838653787851,0.5325382848291724,15.1024764585308
SPY,2026-02-26,0.3,4.0,0.8970086821585634,1.284334265432406,15.1024764585308
SPY,2026-02-26,0.3,8.0,0.7140558608614047,2.9396053197754073,15.1024764585308
SPY,2026-02-26,0.3,16.0,0.715668676832405,5.06857000021598,15.1024764585308
SPY,2026-02-26,3.0,0.25,1.250486554004125,0.10398868343897791,15.1024764585308
SPY,2026-02-26,3.0,0.5,1.191609230406174,0.1204843761670855,15.1024764585308
SPY,2026-02-26,3.0,1.0,1.0960201911860394,0.14881992536308297,15.1024764585308
SPY,2026-02-26,3.0,2.0,1.0461777163254367,0.2524063693288097,15.1024764585308
SPY,2026-02-26,3.0,4.0,1.0008468017008607,0.4966245871718234,15.1024764585308
SPY,2026-02-26,3.0,8.0,0.9107704885822061,1.1869945348435542,15.1024764585308
SPY,2026-02-26,3.0,16.0,0.7317246986201602,2.5434867322140136,15.1024764585308
SPY,2026-03-26,0.03,0.25,0.7686374308395905,0.11444235212801006,16.71888983993825
SPY,2026-03-26,0.03,0.5,0.7279219152978655,0.13309226309589955,16.71888983993825
SPY,2026-03-26,0.03,1.0,0.7096295517115865,0.3136410506809711,16.71888983993825
SPY,2026-03-26,0.03,2.0,0.7126074980470514,1.1103252516372342,16.71888983993825
SPY,2026-03-26,0.03,4.0,0.718563390717981,4.372114772680963,16.71888983993825
SPY,2026-03-26,0.03,8.0,0.725886509871625,7.85032501591364,16.71888983993825
SPY,2026-03-26,0.03,16.0,0.7319074378210473,9.63178310522486,16.71888983993825
SPY,2026-03-26,0.3,0.25,0.7904544781519895,0.12066342440460703,16.71888983993825
SPY,2026-03-26,0.3,0.5,0.7715560099226637,0.1146190383013332,16.71888983993825
SPY,2026-03-26,0.3,1.0,0.7337590734640123,0.12799884925475943,16.71888983993825
SPY,2026-03-26,0.3,2.0,0.7094160858676801,0.27789445979352445,16.71888983993825
SPY,2026-03-26,0.3,4.0,0.7121805663592384,0.9619589417037041,16.71888983993825
SPY,2026-03-26,0.3,8.0,0.717709527342355,3.767889640179266,16.71888983993825
SPY,2026-03-26,0.3,16.0,0.7252689308859958,7.728242253848023,16.71888983993825
SPY,2026-03-26,3.0,0.25,0.8011567165041232,0.12737351714810471,16.71888983993825
SPY,2026-03-26,3.0,0.5,0.7918091625601904,0.12142278470333469,16.71888983993825
SPY,2026-03-26,3.0,1.0,0.7742653787390655,0.11496428438755743,16.71888983993825
SPY,2026-03-26,3.0,2.0,0.7391778110968158,0.12399544338236095,16.71888983993825
SPY,2026-03-26,3.0,4.0,0.7092179217321933,0.24726798289231314,16.71888983993825
SPY,2026-03-26,3.0,8.0,0.7117842380882647,0.834458734286731,16.71888983993825
SPY,2026-03-26,3.0,16.0,0.7169168708004077,3.2479002108873303,16.71888983993825
SPY,2026-04-24,0.03,0.25,0.8872836211578214,0.09421982917889093,22.474745715361635
SPY,2026-04-24,0.03,0.5,0.7859080593057923,0.13279597243653454,22.474745715361635
SPY,2026-04-24,0.03,1.0,0.6853047476988836,0.24526959938355744,22.474745715361635
SPY,2026-04-24,0.03,2.0,0.6187362143215871,0.7015394859113105,22.474745715361635
SPY,2026-04-24,0.03,4.0,0.5322675586500724,3.010257482234321,22.474745715361635
SPY,2026-04-24,0.03,8.0,0.35673630074635965,11.538744319203433,22.474745715361635
SPY,2026-04-24,0.03,16.0,0.0,29.499138941238495,22.474745715361635
SPY,2026-04-24,0.3,0.25,0.9691861344987225,0.08970118130196182,22.474745715361635
SPY,2026-04-24,0.3,0.5,0.8958197598818616,0.09406576524932007,22.474745715361635
SPY,2026-04-24,0.3,1.0,0.7961215438422296,0.12381236538147546,22.474745715361635
SPY,2026-04-24,0.3,2.0,0.699754927799656,0.22939003249193737,22.474745715361635
SPY,2026-04-24,0.3,4.0,0.6249344806686197,0.6083743467831215,22.474745715361635
SPY,2026-04-24,0.3,8.0,0.5446640913441374,2.5636389531132613,22.474745715361635
SPY,2026-04-24,0.3,16.0,0.3823005019288141,10.149627685139855,22.474745715361635
SPY,2026-04-24,3.0,0.25,1.0484298421025544,0.09880344482340843,22.474745715361635
SPY,2026-04-24,3.0,0.5,0.977946078450216,0.0906763942190035,22.474745715361635
SPY,2026-04-24,3.0,1.0,0.903744331721641,0.09416647068298208,22.474745715361635
SPY,2026-04-24,3.0,2.0,0.8078633240646238,0.11605255739633669,22.474745715361635
SPY,2026-04-24,3.0,4.0,0.7131692867195437,0.21803657285246006,22.474745715361635
SPY,2026-04-24,3.0,8.0,0.6306884414414486,0.5305477893505623,22.474745715361635
SPY,2026-04-24,3.0,16.0,0.5561720128897951,2.18367622341986,22.474745715361635
SPY,2026-05-22,0.03,0.25,0.8750534419507093,0.2730151813290307,23.719884982278653
SPY,2026-05-22,0.03,0.5,0.7264262883210596,0.3117025729840355,23.719884982278653
SPY,2026-05-22,0.03,1.0,0.4914268666477335,0.3821357902976141,23.719884982278653
SPY,2026-05-22,0.03,2.0,0.35327855111134476,0.48876874882673926,23.719884982278653
SPY,2026-05-22,0.03,4.0,0.19921563259253694,3.0636508046091304,23.719884982278653
SPY,2026-05-22,0.03,8.0,0.0,11.359961702028716,23.719884982278653
SPY,2026-05-22,0.03,16.0,0.0,11.359961702028716,23.719884982278653
SPY,2026-05-22,0.3,0.25,1.0660022334218378,0.26464802203880017,23.719884982278653
SPY,2026-05-22,0.3,0.5,0.8975748970571956,0.2743768650788149,23.719884982278653
SPY,2026-05-22,0.3,1.0,0.7432508548892472,0.30013449852030144,23.719884982278653
SPY,2026-05-22,0.3,2.0,0.5250742732684534,0.38570002040511525,23.719884982278653
SPY,2026-05-22,0.3,4.0,0.3643221251760139,0.43691917170046357,23.719884982278653
SPY,2026-05-22,0.3,8.0,0.22130278072187506,2.482322185990521,23.719884982278653
SPY,2026-05-22,0.3,16.0,0.0,11.359961702028716,23.719884982278653
SPY,2026-05-22,3.0,0.25,1.1733080651507042,0.2663184955877446,23.719884982278653
SPY,2026-05-22,3.0,0.5,1.0783104426198933,0.2638505712292378,23.719884982278653
SPY,2026-05-22,3.0,1.0,0.921676941438282,0.2768855182627048,23.719884982278653
SPY,2026-05-22,3.0,2.0,0.758860041068579,0.2906425918919658,23.719884982278653
SPY,2026-05-22,3.0,4.0,0.556350563754865,0.37770998878142115,23.719884982278653
SPY,2026-05-22,3.0,8.0,0.3745740711883626,0.40467794949536323,23.719884982278653
SPY,2026-05-22,3.0,16.0,0.24180667274657253,2.0062311467757024,23.719884982278653
NVDA,2024-10-16,0.03,0.25,0.16036721357864456,0.041475529414105816,12.592085691099465
NVDA,2024-10-16,0.03,0.5,0.12509561400994296,0.05128592184606228,12.592085691099465
NVDA,2024-10-16,0.03,1.0,0.09092799152358333,0.06339781741260081,12.592085691099465
NVDA,2024-10-16,0.03,2.0,0.07865430896913084,0.18675488934949816,12.592085691099465
NVDA,2024-10-16,0.03,4.0,0.05697044066809109,0.7971332665613461,12.592085691099465
NVDA,2024-10-16,0.03,8.0,0.013378433627403496,3.5092505755390717,12.592085691099465
NVDA,2024-10-16,0.03,16.0,0.0,4.345285672107512,12.592085691099465
NVDA,2024-10-16,0.3,0.25,0.18379288804937413,0.03880589399987067,12.592085691099465
NVDA,2024-10-16,0.3,0.5,0.16312511240250632,0.040801352798354076,12.592085691099465
NVDA,2024-10-16,0.3,1.0,0.12963728973001076,0.049609061996816625,12.592085691099465
NVDA,2024-10-16,0.3,2.0,0.09413799075264724,0.059895454694571644,12.592085691099465
NVDA,2024-10-16,0.3,4.0,0.08023501381507613,0.16135355540415833,12.592085691099465
NVDA,2024-10-16,0.3,8.0,0.0600711921372732,0.677840064095839,12.592085691099465
NVDA,2024-10-16,0.3,16.0,0.01977783292336787,3.0325223217761548,12.592085691099465
NVDA,2024-10-16,3.0,0.25,0.19759692120881095,0.038802515758259874,12.592085691099465
NVDA,2024-10-16,3.0,0.5,0.18540848321062842,0.03874210145600946,12.592085691099465
NVDA,2024-10-16,3.0,1.0,0.16593286810234897,0.04024713458595892,12.592085691099465
NVDA,2024-10-16,3.0,2.0,0.13439625490849819,0.04822289503329371,12.592085691099465
NVDA,2024-10-16,3.0,4.0,0.0977417099685125,0.05600984844261221,12.592085691099465
NVDA,2024-10-16,3.0,8.0,0.08170241020751162,0.1402822574146407,12.592085691099465
NVDA,2024-10-16,3.0,16.0,0.062949674816306,0.5768057408228352,12.592085691099465
NVDA,2024-11-13,0.03,0.25,0.19312933415858452,0.05618960611813406,10.808904273790773
NVDA,2024-11-13,0.03,0.5,0.14904956482224435,0.056849234445573396,10.808904273790773
NVDA,2024-11-13,0.03,1.0,0.10312562173985677,0.086682870607341,10.808904273790773
NVDA,2024-11-13,0.03,2.0,0.054560051712216555,0.188060487841363,10.808904273790773
NVDA,2024-11-13,0.03,4.0,0.026911575054436032,0.8360730939359587,10.808904273790773
NVDA,2024-11-13,0.03,8.0,0.0,2.2564258309524874,10.808904273790773
NVDA,2024-11-13,0.03,16.0,0.0,2.2564258309524874,10.808904273790773
NVDA,2024-11-13,0.3,0.25,0.2252906653953657,0.06009351854976535,10.808904273790773
NVDA,2024-11-13,0.3,0.5,0.19742886319187528,0.056323082093157346,10.808904273790773
NVDA,2024-11-13,0.3,1.0,0.15429780078488908,0.05744576278859495,10.808904273790773
NVDA,2024-11-13,0.3,2.0,0.10672671363824485,0.0772253149488336,10.808904273790773
NVDA,2024-11-13,0.3,4.0,0.060456205041003665,0.16721430664271053,10.808904273790773
NVDA,2024-11-13,0.3,8.0,0.030995183571649713,0.6979486039640205,10.808904273790773
NVDA,2024-11-13,0.3,16.0,0.0,2.2564258309524874,10.808904273790773
NVDA,2024-11-13,3.0,0.25,0.24105512795607079,0.06389181125824485,10.808904273790773
NVDA,2024-11-13,3.0,0.5,0.2272860657871311,0.06053531010614186,10.808904273790773
NVDA,2024-11-13,3.0,1.0,0.20142042610961128,0.05657067917312922,10.808904273790773
NVDA,2024-11-13,3.0,2.0,0.1591724809244816,0.058118729736050374,10.808904273790773
NVDA,2024-11-13,3.0,4.0,0.11005910101068112,0.06938416635009399,10.808904273790773
NVDA,2024-11-13,3.0,8.0,0.06701110690237161,0.1490605475110939,10.808904273790773
NVDA,2024-11-13,3.0,16.0,0.034786069910518726,0.5879872686009616,10.808904273790773
NVDA,2024-12-12,0.03,0.25,0.3145428534375294,1.669764412497434,10.82151020867911
NVDA,2024-12-12,0.03,0.5,0.26815650055266954,1.7374522517057747,10.82151020867911
NVDA,2024-12-12,0.03,1.0,0.2081830169821039,1.3522304933663285,10.82151020867911
NVDA,2024-12-12,0.03,2.0,0.14555686868049805,0.9367461841774241,10.82151020867911
NVDA,2024-12-12,0.03,4.0,0.062303363109991225,1.1914520951979668,10.82151020867911
NVDA,2024-12-12,0.03,8.0,0.0145760148280779,4.6342409336972805,10.82151020867911
NVDA,2024-12-12,0.03,16.0,0.0,6.481119332806402,10.82151020867911
NVDA,2024-12-12,0.3,0.25,0.34822860750488227,1.5248185116316868,10.82151020867911
NVDA,2024-12-12,0.3,0.5,0.319051442131648,1.649520763765982,10.82151020867911
NVDA,2024-12-12,0.3,1.0,0.2738956968431065,1.769952151944327,10.82151020867911
NVDA,2024-12-12,0.3,2.0,0.21557786384613245,1.4022673400450951,10.82151020867911
NVDA,2024-12-12,0.3,4.0,0.15172706080269485,0.986793270212246,10.82151020867911
NVDA,2024-12-12,0.3,8.0,0.07173836035120762,1.046292674267802,10.82151020867911
NVDA,2024-12-12,0.3,16.0,0.021926422218570232,3.894863014005858,10.82151020867911
NVDA,2024-12-12,3.0,0.25,0.3642608179023584,1.4628327908969903,10.82151020867911
NVDA,2024-12-12,3.0,0.5,0.35031806003347254,1.5163360811901894,10.82151020867911
NVDA,2024-12-12,3.0,1.0,0.3232368451192427,1.630960804387527,10.82151020867911
NVDA,2024-12-12,3.0,2.0,0.2792254642772498,1.8009302933841107,10.82151020867911
NVDA,2024-12-12,3.0,4.0,0.22241210659646524,1.4492980304694525,10.82151020867911
NVDA,2024-12-12,3.0,8.0,0.15745495977382165,1.0413871559476762,10.82151020867911
NVDA,2024-12-12,3.0,16.0,0.0832140415737157,0.943897186626101,10.82151020867911
NVDA,2025-01-14,0.03,0.25,0.2117211344174048,0.837127925613719,9.761827920000083
NVDA,2025-01-14,0.03,0.5,0.17290925013703937,0.7806048023656239,9.761827920000083
NVDA,2025-01-14,0.03,1.0,0.1390204523409853,0.6954476497849382,9.761827920000083
NVDA,2025-01-14,0.03,2.0,0.10024373599942984,0.7217020206620827,9.761827920000083
NVDA,2025-01-14,0.03,4.0,0.06490087879909337,1.0418670581919753,9.761827920000083
NVDA,2025-01-14,0.03,8.0,0.026437582759871556,3.783853744372678,9.761827920000083
NVDA,2025-01-14,0.03,16.0,0.0,8.086966854730234,9.761827920000083
NVDA,2025-01-14,0.3,0.25,0.24157215631541534,0.7933821633772143,9.761827920000083
NVDA,2025-01-14,0.3,0.5,0.2146437726741569,0.8309178411955268,9.761827920000083
NVDA,2025-01-14,0.3,1.0,0.17837346178120433,0.8001758315193545,9.761827920000083
NVDA,2025-01-14,0.3,2.0,0.14372285298364756,0.6981756930678927,9.761827920000083
NVDA,2025-01-14,0.3,4.0,0.10570587381088523,0.7099645944048909,9.761827920000083
NVDA,2025-01-14,0.3,8.0,0.06767419491259574,1.0387508387475388,9.761827920000083
NVDA,2025-01-14,0.3,16.0,0.031972032718013334,3.105222423180557,9.761827920000083
NVDA,2025-01-14,3.0,0.25,0.25775044756298465,0.7770624770402491,9.761827920000083
NVDA,2025-01-14,3.0,0.5,0.2435453379900118,0.7910638827923823,9.761827920000083
NVDA,2025-01-14,3.0,1.0,0.21823358690265363,0.8250657445057197,9.761827920000083
NVDA,2025-01-14,3.0,2.0,0.18352499956332055,0.8193856986208161,9.761827920000083
NVDA,2025-01-14,3.0,4.0,0.1481192657212057,0.7031080285153708,9.761827920000083
NVDA,2025-01-14,3.0,8.0,0.11074045109982546,0.7076682882931652,9.761827920000083
NVDA,2025-01-14,3.0,16.0,0.07024871353349796,1.0655544164831314,9.761827920000083
NVDA,2025-02-12,0.03,0.25,0.11560333158488482,0.037400199604313664,14.643173766926132
NVDA,2025-02-12,0.03,0.5,0.09631122708593493,0.04804699789627365,14.643173766926132
NVDA,2025-02-12,0.03,1.0,0.07745916584722433,0.11029506077347931,14.643173766926132
NVDA,2025-02-12,0.03,2.0,0.06315785550358358,0.22324885575677908,14.643173766926132
NVDA,2025-02-12,0.03,4.0,0.04493367990229002,0.5091978062750132,14.643173766926132
NVDA,2025-02-12,0.03,8.0,0.011551757925665046,1.843561028611209,14.643173766926132
NVDA,2025-02-12,0.03,16.0,0.0,2.803936289590537,14.643173766926132
NVDA,2025-02-12,0.3,0.25,0.13308395157008662,0.04323413814876542,14.643173766926132
NVDA,2025-02-12,0.3,0.5,0.1177600263638173,0.03783909311001216,14.643173766926132
NVDA,2025-02-12,0.3,1.0,0.09776929775955706,0.044291351926090274,14.643173766926132
NVDA,2025-02-12,0.3,2.0,0.0796617906237074,0.09974567441223958,14.643173766926132
NVDA,2025-02-12,0.3,4.0,0.06451721704279743,0.20743545526066784,14.643173766926132
NVDA,2025-02-12,0.3,8.0,0.04751439206354132,0.4662149984859505,14.643173766926132
NVDA,2025-02-12,0.3,16.0,0.01626939131041494,1.5034707171697983,14.643173766926132
NVDA,2025-02-12,3.0,0.25,0.14397153036496188,0.0458549861051845,14.643173766926132
NVDA,2025-02-12,3.0,0.5,0.13426878991936048,0.04362400857907699,14.643173766926132
NVDA,2025-02-12,3.0,1.0,0.11983977725412638,0.03843659216144536,14.643173766926132
NVDA,2025-02-12,3.0,2.0,0.09912285067101766,0.04108948120684734,14.643173766926132
NVDA,2025-02-12,3.0,4.0,0.08170652633713998,0.09101801343741314,14.643173766926132
NVDA,2025-02-12,3.0,8.0,0.06577913651104901,0.19632823961175913,14.643173766926132
NVDA,2025-02-12,3.0,16.0,0.04992419782035572,0.43721353579064015,14.643173766926132
NVDA,2025-03-13,0.03,0.25,0.20345903354214917,0.18373049620376725,14.816336511744712
NVDA,2025-03-13,0.03,0.5,0.18796484317773038,0.17531702363755486,14.816336511744712
NVDA,2025-03-13,0.03,1.0,0.17126947045530347,0.2017414664162049,14.816336511744712
NVDA,2025-03-13,0.03,2.0,0.14220762337462506,0.3309772524044619,14.816336511744712
NVDA,2025-03-13,0.03,4.0,0.13001555626184635,0.6772049019133022,14.816336511744712
NVDA,2025-03-13,0.03,8.0,0.13203585734287845,3.3620842198153245,14.816336511744712
NVDA,2025-03-13,0.03,16.0,0.13261684482421854,5.294055731821755,14.816336511744712
NVDA,2025-03-13,0.3,0.25,0.21791450938437007,0.17263778169734312,14.816336511744712
NVDA,2025-03-13,0.3,0.5,0.2051422479448966,0.1851727246057335,14.816336511744712
NVDA,2025-03-13,0.3,1.0,0.18916423266066557,0.17527146923809853,14.816336511744712
NVDA,2025-03-13,0.3,2.0,0.17366683709450687,0.19419607062854383,14.816336511744712
NVDA,2025-03-13,0.3,4.0,0.14447296989160355,0.32321434230520735,14.816336511744712
NVDA,2025-03-13,0.3,8.0,0.12987073656846515,0.6038890480965841,14.816336511744712
NVDA,2025-03-13,0.3,16.0,0.13174621795611602,2.7866981839752896,14.816336511744712
NVDA,2025-03-13,3.0,0.25,0.22842889218391094,0.18097327839381372,14.816336511744712
NVDA,2025-03-13,3.0,0.5,0.21921553741874278,0.17373433224401943,14.816336511744712
NVDA,2025-03-13,3.0,1.0,0.2066823579509766,0.1820362427202362,14.816336511744712
NVDA,2025-03-13,3.0,2.0,0.1907590773162952,0.17546119309524955,14.816336511744712
NVDA,2025-03-13,3.0,4.0,0.17589448408166714,0.18865670132144832,14.816336511744712
NVDA,2025-03-13,3.0,8.0,0.1475156830325347,0.3088297646075779,14.816336511744712
NVDA,2025-03-13,3.0,16.0,0.12973629787412805,0.5500941289948607,14.816336511744712
NVDA,2025-04-10,0.03,0.25,0.14768494938871407,0.01801635016741867,12.346235826007966
NVDA,2025-04-10,0.03,0.5,0.14406336011288562,0.024672162014727383,12.346235826007966
NVDA,2025-04-10,0.03,1.0,0.13671187075577876,0.04826344412206067,12.346235826007966
NVDA,2025-04-10,0.03,2.0,0.13172727068018214,0.14007859102274345,12.346235826007966
NVDA,2025-04-10,0.03,4.0,0.13413034183125558,0.5686078950689841,12.346235826007966
NVDA,2025-04-10,0.03,8.0,0.13882967000561258,2.3930508022530543,12.346235826007966
NVDA,2025-04-10,0.03,16.0,0.14135002251389958,3.707529240591191,12.346235826007966
NVDA,2025-04-10,0.3,0.25,0.15323569239850926,0.015874752331937386,12.346235826007966
NVDA,2025-04-10,0.3,0.5,0.1479444914623993,0.017743762052749582,12.346235826007966
NVDA,2025-04-10,0.3,1.0,0.14458330268244762,0.023401924004328948,12.346235826007966
NVDA,2025-04-10,0.3,2.0,0.13775665458862396,0.04440151255271149,12.346235826007966
NVDA,2025-04-10,0.3,4.0,0.13155474004472928,0.12197637631094516,12.346235826007966
NVDA,2025-04-10,0.3,8.0,0.13378794876535788,0.48724686103777215,12.346235826007966
NVDA,2025-04-10,0.3,16.0,0.13821968723110636,2.0608929312768667,12.346235826007966
NVDA,2025-04-10,3.0,0.25,0.1578878320896545,0.015223361401918626,12.346235826007966
NVDA,2025-04-10,3.0,0.5,0.15374245381504392,0.015746038534186504,12.346235826007966
NVDA,2025-04-10,3.0,1.0,0.14818542898061332,0.017515327621986827,12.346235826007966
NVDA,2025-04-10,3.0,2.0,0.14506517771887567,0.022307531045678338,12.346235826007966
NVDA,2025-04-10,3.0,4.0,0.1387482466048655,0.040955938051756846,12.346235826007966
NVDA,2025-04-10,3.0,8.0,0.13139457679053446,0.10668683705431257,12.346235826007966
NVDA,2025-04-10,3.0,16.0,0.1334687643213509,0.4175741447388429,12.346235826007966
NVDA,2025-05-09,0.03,0.25,0.1486457251694957,0.013676596666412267,14.857361169998958
NVDA,2025-05-09,0.03,0.5,0.1486470955906432,0.018146394345685574,14.857361169998958
NVDA,2025-05-09,0.03,1.0,0.14924064928360087,0.035094441347199384,14.857361169998958
NVDA,2025-05-09,0.03,2.0,0.15042775666951608,0.10174332713954261,14.857361169998958
NVDA,2025-05-09,0.03,4.0,0.1528019714413465,0.366052265881501,14.857361169998958
NVDA,2025-05-09,0.03,8.0,0.15753776109721074,1.415994769489582,14.857361169998958
NVDA,2025-05-09,0.03,16.0,0.16236677556103765,3.265824043369695,14.857361169998958
NVDA,2025-05-09,0.3,0.25,0.1536417620316409,0.010965324941307556,14.857361169998958
NVDA,2025-05-09,0.3,0.5,0.14922761868753665,0.013296813012653626,14.857361169998958
NVDA,2025-05-09,0.3,1.0,0.14860454833636197,0.017350868541224643,14.857361169998958
NVDA,2025-05-09,0.3,2.0,0.1491555547750383,0.031994292585343205,14.857361169998958
NVDA,2025-05-09,0.3,4.0,0.15025756765239096,0.08950664100410077,14.857361169998958
NVDA,2025-05-09,0.3,8.0,0.1524615934070963,0.31743333916368954,14.857361169998958
NVDA,2025-05-09,0.3,16.0,0.15685979688592966,1.2230193734458537,14.857361169998958
NVDA,2025-05-09,3.0,0.25,0.1581962938602835,0.009859220080651404,14.857361169998958
NVDA,2025-05-09,3.0,0.5,0.154048795525637,0.010806766193189368,14.857361169998958
NVDA,2025-05-09,3.0,1.0,0.14976806361960115,0.012957733861003318,14.857361169998958
NVDA,2025-05-09,3.0,2.0,0.1485650509642874,0.016662578401064405,14.857361169998958
NVDA,2025-05-09,3.0,4.0,0.14907656003088915,0.029317211802261125,14.857361169998958
NVDA,2025-05-09,3.0,8.0,0.1500995781640927,0.07895047742688317,14.857361169998958
NVDA,2025-05-09,3.0,16.0,0.15214561443049973,0.27551300396505124,14.857361169998958
NVDA,2025-06-09,0.03,0.25,0.16998369430249055,0.02359857370204849,14.48592247338475
NVDA,2025-06-09,0.03,0.5,0.16855336977098978,0.03059169519229038,14.48592247338475
NVDA,2025-06-09,0.03,1.0,0.1692081160320354,0.05508175120366101,14.48592247338475
NVDA,2025-06-09,0.03,2.0,0.17051567252628275,0.14632649100161843,14.48592247338475
NVDA,2025-06-09,0.03,4.0,0.17312555541327418,0.49645763228958195,14.48592247338475
NVDA,2025-06-09,0.03,8.0,0.17814467696311867,1.8017272803963884,14.48592247338475
NVDA,2025-06-09,0.03,16.0,0.18129755481113208,3.4008510841523285,14.48592247338475
NVDA,2025-06-09,0.3,0.25,0.17855088052461515,0.020756124879103003,14.48592247338475
NVDA,2025-06-09,0.3,0.5,0.17053792298620346,0.023218555061979226,14.48592247338475
NVDA,2025-06-09,0.3,1.0,0.16850640454937515,0.02938030577188376,14.48592247338475
NVDA,2025-06-09,0.3,2.0,0.16911440054173837,0.05070651607624939,14.48592247338475
NVDA,2025-06-09,0.3,4.0,0.17032813196936267,0.12982243478794653,14.48592247338475
NVDA,2025-06-09,0.3,8.0,0.1727519187804451,0.4325273847190188,14.48592247338475
NVDA,2025-06-09,0.3,16.0,0.1775680994258606,1.6070488673919334,14.48592247338475
NVDA,2025-06-09,3.0,0.25,0.18565685197754042,0.01986422620260544,14.48592247338475
NVDA,2025-06-09,3.0,0.5,0.17941028243554807,0.02062087713239412,14.48592247338475
NVDA,2025-06-09,3.0,1.0,0.17145863055271515,0.02284395092796436,14.48592247338475
NVDA,2025-06-09,3.0,2.0,0.16846280589973223,0.028321084855361108,14.48592247338475
NVDA,2025-06-09,3.0,4.0,0.1690274027870785,0.04690507411566522,14.48592247338475
NVDA,2025-06-09,3.0,8.0,0.17015406357348456,0.11551930170924592,14.48592247338475
NVDA,2025-06-09,3.0,16.0,0.1724050652558915,0.377298833184796,14.48592247338475
NVDA,2025-07-09,0.03,0.25,0.22465341982976256,0.0310438941938025,8.495079507404808
NVDA,2025-07-09,0.03,0.5,0.1839378837816743,0.04520603234273064,8.495079507404808
NVDA,2025-07-09,0.03,1.0,0.1506720228875174,0.09291567108288666,8.495079507404808
NVDA,2025-07-09,0.03,2.0,0.1367660996614749,0.2696068638549131,8.495079507404808
NVDA,2025-07-09,0.03,4.0,0.11084742917051646,1.0430450577017796,8.495079507404808
NVDA,2025-07-09,0.03,8.0,0.05717016202444958,3.4923685229720856,8.495079507404808
NVDA,2025-07-09,0.03,16.0,0.0,5.4373188305699065,8.495079507404808
NVDA,2025-07-09,0.3,0.25,0.2532306058714605,0.027180881206484108,8.495079507404808
NVDA,2025-07-09,0.3,0.5,0.22794386122729235,0.030207915535302318,8.495079507404808
NVDA,2025-07-09,0.3,1.0,0.1871646644708346,0.04284559061865064,8.495079507404808
NVDA,2025-07-09,0.3,2.0,0.1527092803486601,0.08497809209003583,8.495079507404808
NVDA,2025-07-09,0.3,4.0,0.13862402892240072,0.23579850768975377,8.495079507404808
NVDA,2025-07-09,0.3,8.0,0.11456318361466787,0.8978583060836196,8.495079507404808
NVDA,2025-07-09,0.3,16.0,0.06509056447448476,3.1433412266593064,8.495079507404808
NVDA,2025-07-09,3.0,0.25,0.27458999491747843,0.02681506130108847,8.495079507404808
NVDA,2025-07-09,3.0,0.5,0.2557987121076222,0.027058605235747293,8.495079507404808
NVDA,2025-07-09,3.0,1.0,0.2309984364369786,0.02949780548712103,8.495079507404808
NVDA,2025-07-09,3.0,2.0,0.19209617976882082,0.04074913121482454,8.495079507404808
NVDA,2025-07-09,3.0,4.0,0.15755021092656668,0.07733772912469737,8.495079507404808
NVDA,2025-07-09,3.0,8.0,0.14034877766463183,0.20702015643461233,8.495079507404808
NVDA,2025-07-09,3.0,16.0,0.11801258448195193,0.7734073723375691,8.495079507404808
NVDA,2025-08-06,0.03,0.25,0.30729437953467126,0.06507468923934913,8.770910105613899
NVDA,2025-08-06,0.03,0.5,0.24924759117095985,0.08735785670399078,8.770910105613899
NVDA,2025-08-06,0.03,1.0,0.18295598280816644,0.1137065044230887,8.770910105613899
NVDA,2025-08-06,0.03,2.0,0.12931517337320297,0.23458039155162505,8.770910105613899
NVDA,2025-08-06,0.03,4.0,0.0781595766921635,1.1394154790772666,8.770910105613899
NVDA,2025-08-06,0.03,8.0,0.0,2.381739219520197,8.770910105613899
NVDA,2025-08-06,0.03,16.0,0.0,2.381739219520197,8.770910105613899
NVDA,2025-08-06,0.3,0.25,0.3388662218693494,0.05038049612885254,8.770910105613899
NVDA,2025-08-06,0.3,0.5,0.31144430542414947,0.06313778630913468,8.770910105613899
NVDA,2025-08-06,0.3,1.0,0.2575689183664508,0.08304277016685056,8.770910105613899
NVDA,2025-08-06,0.3,2.0,0.18782147451047934,0.1091424410826995,8.770910105613899
NVDA,2025-08-06,0.3,4.0,0.13298160273463952,0.2090838598034895,8.770910105613899
NVDA,2025-08-06,0.3,8.0,0.08549788282349816,0.9467709947782996,8.770910105613899
NVDA,2025-08-06,0.3,16.0,0.0,2.381739219520197,8.770910105613899
NVDA,2025-08-06,3.0,0.25,0.3572423772877809,0.04570701438407559,8.770910105613899
NVDA,2025-08-06,3.0,0.5,0.34117185232792735,0.04958151297771649,8.770910105613899
NVDA,2025-08-06,3.0,1.0,0.3153011590454435,0.061254877653346244,8.770910105613899
NVDA,2025-08-06,3.0,2.0,0.2652937542447366,0.07950704324026839,8.770910105613899
NVDA,2025-08-06,3.0,4.0,0.19229492762227535,0.10151611340547394,8.770910105613899
NVDA,2025-08-06,3.0,8.0,0.1363852142512943,0.19012835116887203,8.770910105613899
NVDA,2025-08-06,3.0,16.0,0.09230688552926845,0.7867827480246711,8.770910105613899
NVDA,2025-09-04,0.03,0.25,0.24340794320150777,0.026608308988206323,8.747425003325315
NVDA,2025-09-04,0.03,0.5,0.20170841008319162,0.037625160996054556,8.747425003325315
NVDA,2025-09-04,0.03,1.0,0.18703782984922712,0.08079177431412943,8.747425003325315
NVDA,2025-09-04,0.03,2.0,0.1881788006729897,0.30912543677206306,8.747425003325315
NVDA,2025-09-04,0.03,4.0,0.19043870171136335,1.322847522352319,8.747425003325315
NVDA,2025-09-04,0.03,8.0,0.19306202367690134,3.611460963930945,8.747425003325315
NVDA,2025-09-04,0.03,16.0,0.1942945741915023,6.505869742405512,8.747425003325315
NVDA,2025-09-04,0.3,0.25,0.2713729022879901,0.020912094969451508,8.747425003325315
NVDA,2025-09-04,0.3,0.5,0.24685902977705787,0.025742698278002466,8.747425003325315
NVDA,2025-09-04,0.3,1.0,0.20594740668919842,0.035328249850331346,8.747425003325315
NVDA,2025-09-04,0.3,2.0,0.1869559503555488,0.07157301510551249,8.747425003325315
NVDA,2025-09-04,0.3,4.0,0.188015618982946,0.2649665545599287,8.747425003325315
NVDA,2025-09-04,0.3,8.0,0.19011471220453005,1.131857516250075,8.747425003325315
NVDA,2025-09-04,0.3,16.0,0.19283186697440519,3.339740255478574,8.747425003325315
NVDA,2025-09-04,3.0,0.25,0.2878086142361804,0.01965407230691907,8.747425003325315
NVDA,2025-09-04,3.0,0.5,0.2735732426720128,0.020682659770374725,8.747425003325315
NVDA,2025-09-04,3.0,1.0,0.25006862131162133,0.02484696615618075,8.747425003325315
NVDA,2025-09-04,3.0,2.0,0.20987312376581652,0.03319661834399116,8.747425003325315
NVDA,2025-09-04,3.0,4.0,0.18687959770103707,0.06383604465387892,8.747425003325315
NVDA,2025-09-04,3.0,8.0,0.1878637086530307,0.22738086207900537,8.747425003325315
NVDA,2025-09-04,3.0,16.0,0.18981394698910503,0.9682366562554606,8.747425003325315
NVDA,2025-10-02,0.03,0.25,0.26878665440351757,0.103926858519574,9.156659314827607
NVDA,2025-10-02,0.03,0.5,0.20904685950454077,0.14850981028105098,9.156659314827607
NVDA,2025-10-02,0.03,1.0,0.1502700175208925,0.27228555054619147,9.156659314827607
NVDA,2025-10-02,0.03,2.0,0.12818531704128341,0.7079833860751665,9.156659314827607
NVDA,2025-10-02,0.03,4.0,0.09437552424837753,2.1624167978766597,9.156659314827607
NVDA,2025-10-02,0.03,8.0,0.024602233961395013,5.53976976046911,9.156659314827607
NVDA,2025-10-02,0.03,16.0,0.0,6.99725807828151,9.156659314827607
NVDA,2025-10-02,0.3,0.25,0.33206688762929293,0.0946524787743067,9.156659314827607
NVDA,2025-10-02,0.3,0.5,0.27623996394553274,0.10193056525488699,9.156659314827607
NVDA,2025-10-02,0.3,1.0,0.21429947652594944,0.1396673161609325,9.156659314827607
NVDA,2025-10-02,0.3,2.0,0.1586064315799291,0.26489521880143196,9.156659314827607
NVDA,2025-10-02,0.3,4.0,0.1306455380478497,0.6452031444443688,9.156659314827607
NVDA,2025-10-02,0.3,8.0,0.09916196810947592,1.8932535609606014,9.156659314827607
NVDA,2025-10-02,0.3,16.0,0.034872190173665774,5.04246078925652,9.156659314827607
NVDA,2025-10-02,3.0,0.25,0.36469057675957156,0.09536031098960009,9.156659314827607
NVDA,2025-10-02,3.0,0.5,0.3363646442990708,0.09448446534797124,9.156659314827607
NVDA,2025-10-02,3.0,1.0,0.28359639538227643,0.10028528624370948,9.156659314827607
NVDA,2025-10-02,3.0,2.0,0.22029691141552074,0.13188208351530697,9.156659314827607
NVDA,2025-10-02,3.0,4.0,0.1663891572663033,0.24527818003792154,9.156659314827607
NVDA,2025-10-02,3.0,8.0,0.13292940491830915,0.596505841122665,9.156659314827607
NVDA,2025-10-02,3.0,16.0,0.1036166381421321,1.6682777222812006,9.156659314827607
NVDA,2025-10-30,0.03,0.25,0.14702746140354203,0.023455538866875788,11.966935288510989
NVDA,2025-10-30,0.03,0.5,0.11987358462479364,0.03618321060235244,11.966935288510989
NVDA,2025-10-30,0.03,1.0,0.0924843169048593,0.08053490534487133,11.966935288510989
NVDA,2025-10-30,0.03,2.0,0.07361756613015011,0.2030191874779964,11.966935288510989
NVDA,2025-10-30,0.03,4.0,0.037650339722212246,0.49457510875933797,11.966935288510989
NVDA,2025-10-30,0.03,8.0,0.0,1.5562569866457152,11.966935288510989
NVDA,2025-10-30,0.03,16.0,0.0,1.5562569866457152,11.966935288510989
NVDA,2025-10-30,0.3,0.25,0.17534429980023092,0.021165322759776506,11.966935288510989
NVDA,2025-10-30,0.3,0.5,0.14970701439063502,0.023005113710302214,11.966935288510989
NVDA,2025-10-30,0.3,1.0,0.12288900862407613,0.03451244523575739,11.966935288510989
NVDA,2025-10-30,0.3,2.0,0.09385647867530855,0.07326154127063632,11.966935288510989
NVDA,2025-10-30,0.3,4.0,0.07626972412523465,0.18362675485459723,11.966935288510989
NVDA,2025-10-30,0.3,8.0,0.042702420911106743,0.428178765344264,11.966935288510989
NVDA,2025-10-30,0.3,16.0,0.0,1.5562569866457152,11.966935288510989
NVDA,2025-10-30,3.0,0.25,0.1938148760129704,0.021162366397283913,11.966935288510989
NVDA,2025-10-30,3.0,0.5,0.17764118545156354,0.02114824383237863,11.966935288510989
NVDA,2025-10-30,3.0,1.0,0.1525761485215845,0.02258770207389198,11.966935288510989
NVDA,2025-10-30,3.0,2.0,0.12568392240259862,0.0329868275574324,11.966935288510989
NVDA,2025-10-30,3.0,4.0,0.09513028082563404,0.06760322127149293,11.966935288510989
NVDA,2025-10-30,3.0,8.0,0.07873176951222689,0.16997099009670022,11.966935288510989
NVDA,2025-10-30,3.0,16.0,0.04743109392056919,0.37707592546379537,11.966935288510989
NVDA,2025-11-28,0.03,0.25,0.23276445766298956,0.026474114401820646,13.729111073674785
NVDA,2025-11-28,0.03,0.5,0.20855392103085924,0.03305692707268856,13.729111073674785
NVDA,2025-11-28,0.03,1.0,0.1799673236737267,0.0631073380087225,13.729111073674785
NVDA,2025-11-28,0.03,2.0,0.17265319037054055,0.19988300019640937,13.729111073674785
NVDA,2025-11-28,0.03,4.0,0.16485601751488843,0.925233934943326,13.729111073674785
NVDA,2025-11-28,0.03,8.0,0.14881226533242956,4.025475203633596,13.729111073674785
NVDA,2025-11-28,0.03,16.0,0.11235887770889781,4.883218021425048,13.729111073674785
NVDA,2025-11-28,0.3,0.25,0.2578297227872485,0.0222620000721015,13.729111073674785
NVDA,2025-11-28,0.3,0.5,0.23502335398804747,0.025720581089845315,13.729111073674785
NVDA,2025-11-28,0.3,1.0,0.21152325676099282,0.03157829584700849,13.729111073674785
NVDA,2025-11-28,0.3,2.0,0.1826883306746642,0.05854745800745961,13.729111073674785
NVDA,2025-11-28,0.3,4.0,0.17321168004160425,0.17091819314055223,13.729111073674785
NVDA,2025-11-28,0.3,8.0,0.16597589864841214,0.7849185171150015,13.729111073674785
NVDA,2025-11-28,0.3,16.0,0.15128056224001868,3.519517426933785,13.729111073674785
NVDA,2025-11-28,3.0,0.25,0.27527981337859353,0.021667947078073162,13.729111073674785
NVDA,2025-11-28,3.0,0.5,0.2600778749092887,0.02214064532475412,13.729111073674785
NVDA,2025-11-28,3.0,1.0,0.23759319238590607,0.024915161655843846,13.729111073674785
NVDA,2025-11-28,3.0,2.0,0.2142775117398471,0.030424204251467434,13.729111073674785
NVDA,2025-11-28,3.0,4.0,0.1852058425209725,0.054525633072679235,13.729111073674785
NVDA,2025-11-28,3.0,8.0,0.17373013592578374,0.14680374507487082,13.729111073674785
NVDA,2025-11-28,3.0,16.0,0.1670155042012796,0.6656687729664557,13.729111073674785
NVDA,2025-12-29,0.03,0.25,0.23325888024929461,0.1575400693501946,12.235291305532243
NVDA,2025-12-29,0.03,0.5,0.1926687603213424,0.15877832462076746,12.235291305532243
NVDA,2025-12-29,0.03,1.0,0.1333303113866633,0.22916942120342298,12.235291305532243
NVDA,2025-12-29,0.03,2.0,0.069497050460608,0.3107713056870381,12.235291305532243
NVDA,2025-12-29,0.03,4.0,0.030369706215632883,1.1503035066706786,12.235291305532243
NVDA,2025-12-29,0.03,8.0,0.0,2.823562711069633,12.235291305532243
NVDA,2025-12-29,0.03,16.0,0.0,2.823562711069633,12.235291305532243
NVDA,2025-12-29,0.3,0.25,0.2606571002034509,0.16997798983119738,12.235291305532243
NVDA,2025-12-29,0.3,0.5,0.23675694406330905,0.15861234891537845,12.235291305532243
NVDA,2025-12-29,0.3,1.0,0.19829131082896567,0.15681733143686338,12.235291305532243
NVDA,2025-12-29,0.3,2.0,0.13871197799429125,0.21253053285158743,12.235291305532243
NVDA,2025-12-29,0.3,4.0,0.07398968096142787,0.29091451813003927,12.235291305532243
NVDA,2025-12-29,0.3,8.0,0.035207071459032735,0.9658324050177943,12.235291305532243
NVDA,2025-12-29,0.3,16.0,0.0,2.823562711069633,12.235291305532243
NVDA,2025-12-29,3.0,0.25,0.2832016812228221,0.17853464118396617,12.235291305532243
NVDA,2025-12-29,3.0,0.5,0.26331250022087793,0.17102438351426286,12.235291305532243
NVDA,2025-12-29,3.0,1.0,0.24000425885098786,0.15977441399134598,12.235291305532243
NVDA,2025-12-29,3.0,2.0,0.20352136526007197,0.15525552669352702,12.235291305532243
NVDA,2025-12-29,3.0,4.0,0.14587361796195966,0.19927833820854343,12.235291305532243
NVDA,2025-12-29,3.0,8.0,0.08258379978359963,0.27424445398314773,12.235291305532243
NVDA,2025-12-29,3.0,16.0,0.03969768355860701,0.8157290399660987,12.235291305532243
NVDA,2026-01-28,0.03,0.25,0.22949399558891545,0.09453176243750015,10.280406358868323
NVDA,2026-01-28,0.03,0.5,0.17819771805404616,0.10400071947208578,10.280406358868323
NVDA,2026-01-28,0.03,1.0,0.13050190127697178,0.1775621625047773,10.280406358868323
NVDA,2026-01-28,0.03,2.0,0.07367623670514452,0.3224653432519494,10.280406358868323
NVDA,2026-01-28,0.03,4.0,0.02526529899701664,1.116288508084932,10.280406358868323
NVDA,2026-01-28,0.03,8.0,0.0,2.4009716679776676,10.280406358868323
NVDA,2026-01-28,0.03,16.0,0.0,2.4009716679776676,10.280406358868323
NVDA,2026-01-28,0.3,0.25,0.2717437714656403,0.10002936162219335,10.280406358868323
NVDA,2026-01-28,0.3,0.5,0.23337696146598647,0.09484715752249745,10.280406358868323
NVDA,2026-01-28,0.3,1.0,0.18418545647252899,0.1009910809201973,10.280406358868323
NVDA,2026-01-28,0.3,2.0,0.13513405285367922,0.16774196985500783,10.280406358868323
NVDA,2026-01-28,0.3,4.0,0.07726197169001492,0.31638336936645756,10.280406358868323
NVDA,2026-01-28,0.3,8.0,0.03217296419598118,0.9010989830926431,10.280406358868323
NVDA,2026-01-28,0.3,16.0,0.0,2.4009716679776676,10.280406358868323
NVDA,2026-01-28,3.0,0.25,0.29686141833181473,0.10545954547274486,10.280406358868323
NVDA,2026-01-28,3.0,0.5,0.27509963207314636,0.10066431937771073,10.280406358868323
NVDA,2026-01-28,3.0,1.0,0.2376887968548012,0.09521082752755566,10.280406358868323
NVDA,2026-01-28,3.0,2.0,0.19042981200392115,0.09868245136862018,10.280406358868323
NVDA,2026-01-28,3.0,4.0,0.1394878354455241,0.1527125621147548,10.280406358868323
NVDA,2026-01-28,3.0,8.0,0.08408859309367384,0.3064724628946836,10.280406358868323
NVDA,2026-01-28,3.0,16.0,0.03858547252675106,0.7416688279792732,10.280406358868323
NVDA,2026-02-26,0.03,0.25,0.29540187257980954,0.04891217481834991,10.14582047476916
NVDA,2026-02-26,0.03,0.5,0.26009532021826537,0.0750531585658386,10.14582047476916
NVDA,2026-02-26,0.03,1.0,0.23821695418844763,0.15474730703408282,10.14582047476916
NVDA,2026-02-26,0.03,2.0,0.20289515653336054,0.39918004615446917,10.14582047476916
NVDA,2026-02-26,0.03,4.0,0.19987080990578515,1.4613261146675207,10.14582047476916
NVDA,2026-02-26,0.03,8.0,0.20246775470156983,2.878212491188467,10.14582047476916
NVDA,2026-02-26,0.03,16.0,0.20427277152785953,4.1147914649503265,10.14582047476916
NVDA,2026-02-26,0.3,0.25,0.32502839252700444,0.04286308744442018,10.14582047476916
NVDA,2026-02-26,0.3,0.5,0.2982529989140781,0.04786878364783891,10.14582047476916
NVDA,2026-02-26,0.3,1.0,0.26278232753168823,0.07020969563640556,10.14582047476916
NVDA,2026-02-26,0.3,2.0,0.2407357704177695,0.14034172087973243,10.14582047476916
NVDA,2026-02-26,0.3,4.0,0.2078376343564709,0.3543843945231646,10.14582047476916
NVDA,2026-02-26,0.3,8.0,0.19954098244701518,1.2403915629686997,10.14582047476916
NVDA,2026-02-26,0.3,16.0,0.20225224078754817,2.7960468489789982,10.14582047476916
NVDA,2026-02-26,3.0,0.25,0.3421890677534638,0.04241872815721286,10.14582047476916
NVDA,2026-02-26,3.0,0.5,0.3270591038699784,0.042687955139284056,10.14582047476916
NVDA,2026-02-26,3.0,1.0,0.3015211462033947,0.046924451347280266,10.14582047476916
NVDA,2026-02-26,3.0,2.0,0.26661579612776365,0.06595226534257254,10.14582047476916
NVDA,2026-02-26,3.0,4.0,0.2430595033159575,0.12793529339462617,10.14582047476916
NVDA,2026-02-26,3.0,8.0,0.2125739635681963,0.3178434789995342,10.14582047476916
NVDA,2026-02-26,3.0,16.0,0.19923479775708608,1.056664040787911,10.14582047476916
NVDA,2026-03-26,0.03,0.25,0.20884249599560764,0.01319668360831543,11.728210823119067
NVDA,2026-03-26,0.03,0.5,0.19751659217881848,0.017048909655395586,11.728210823119067
NVDA,2026-03-26,0.03,1.0,0.19683865661291886,0.04781023932765856,11.728210823119067
NVDA,2026-03-26,0.03,2.0,0.19846154093514062,0.17641800831611643,11.728210823119067
NVDA,2026-03-26,0.03,4.0,0.20170697770654827,0.7044771386248798,11.728210823119067
NVDA,2026-03-26,0.03,8.0,0.20735368879720492,2.124798369622767,11.728210823119067
NVDA,2026-03-26,0.03,16.0,0.21181825594117326,4.179361170079066,11.728210823119067
NVDA,2026-03-26,0.3,0.25,0.2153179188036584,0.014396324484602459,11.728210823119067
NVDA,2026-03-26,0.3,0.5,0.20968901803705609,0.013261616354791202,11.728210823119067
NVDA,2026-03-26,0.3,1.0,0.19876707867500276,0.0159069155856675,11.728210823119067
NVDA,2026-03-26,0.3,2.0,0.19672232464035103,0.04205903741438512,11.728210823119067
NVDA,2026-03-26,0.3,4.0,0.19822887699000502,0.15243651622084295,11.728210823119067
NVDA,2026-03-26,0.3,8.0,0.20124177328198686,0.6065966182562053,11.728210823119067
NVDA,2026-03-26,0.3,16.0,0.20673578783024366,1.9512230883988406,11.728210823119067
NVDA,2026-03-26,3.0,0.25,0.22068954657128043,0.01565007649389454,11.728210823119067
NVDA,2026-03-26,3.0,0.5,0.21588502813534566,0.014559080955790931,11.728210823119067
NVDA,2026-03-26,3.0,1.0,0.21047485948805492,0.013356278837953428,11.728210823119067
NVDA,2026-03-26,3.0,2.0,0.20033095446091953,0.015106185716101795,11.728210823119067
NVDA,2026-03-26,3.0,4.0,0.1966143316033785,0.03713529804124105,11.728210823119067
NVDA,2026-03-26,3.0,8.0,0.19801289091605986,0.1318348852081052,11.728210823119067
NVDA,2026-03-26,3.0,16.0,0.20080991574950857,0.5223757756319235,11.728210823119067
NVDA,2026-04-24,0.03,0.25,0.32996137941955495,0.18430062469754935,12.233996161803407
NVDA,2026-04-24,0.03,0.5,0.26736306706137536,0.20175532033928512,12.233996161803407
NVDA,2026-04-24,0.03,1.0,0.18207969665557938,0.2781927081184841,12.233996161803407
NVDA,2026-04-24,0.03,2.0,0.14762249636851565,0.7402216326405995,12.233996161803407
NVDA,2026-04-24,0.03,4.0,0.11834660295749194,1.6247337877045522,12.233996161803407
NVDA,2026-04-24,0.03,8.0,0.06052914973059313,6.086733381706745,12.233996161803407
NVDA,2026-04-24,0.03,16.0,0.0,11.37002188983159,12.233996161803407
NVDA,2026-04-24,0.3,0.25,0.38022683104957244,0.19340150835928274,12.233996161803407
NVDA,2026-04-24,0.3,0.5,0.33611748765611743,0.18761979995446562,12.233996161803407
NVDA,2026-04-24,0.3,1.0,0.27582942490991663,0.19533023936178198,12.233996161803407
NVDA,2026-04-24,0.3,2.0,0.19376723978106017,0.2680597726263028,12.233996161803407
NVDA,2026-04-24,0.3,4.0,0.14980343531418266,0.6745129606261353,12.233996161803407
NVDA,2026-04-24,0.3,8.0,0.12243681760567174,1.457993507027998,12.233996161803407
NVDA,2026-04-24,0.3,16.0,0.0690455575389025,5.449251461373735,12.233996161803407
NVDA,2026-04-24,3.0,0.25,0.4075728314223427,0.19782099360908276,12.233996161803407
NVDA,2026-04-24,3.0,0.5,0.38388096377771647,0.19392402805396713,12.233996161803407
NVDA,2026-04-24,3.0,1.0,0.34183695846929985,0.19095595046066827,12.233996161803407
NVDA,2026-04-24,3.0,2.0,0.2836993323026313,0.19016799036475132,12.233996161803407
NVDA,2026-04-24,3.0,4.0,0.20469567489861637,0.26127277040900126,12.233996161803407
NVDA,2026-04-24,3.0,8.0,0.1518280396855825,0.624317916351435,12.233996161803407
NVDA,2026-04-24,3.0,16.0,0.12631717374464374,1.3211999889995492,12.233996161803407
NVDA,2026-05-22,0.03,0.25,0.26932405306605955,0.1267212659114084,15.517602863710142
NVDA,2026-05-22,0.03,0.5,0.1942188032650083,0.20010580775697442,15.517602863710142
NVDA,2026-05-22,0.03,1.0,0.12445194750605769,0.30669031968955546,15.517602863710142
NVDA,2026-05-22,0.03,2.0,0.10031877783276211,0.5569153207698292,15.517602863710142
NVDA,2026-05-22,0.03,4.0,0.06528900482454537,1.1205403638781357,15.517602863710142
NVDA,2026-05-22,0.03,8.0,0.0,5.250666627151613,15.517602863710142
NVDA,2026-05-22,0.03,16.0,0.0,5.250666627151613,15.517602863710142
NVDA,2026-05-22,0.3,0.25,0.3265319034857072,0.1164240158503469,15.517602863710142
NVDA,2026-05-22,0.3,0.5,0.2763498970134277,0.1247781602124774,15.517602863710142
NVDA,2026-05-22,0.3,1.0,0.2026075090264343,0.18705322121748133,15.517602863710142
NVDA,2026-05-22,0.3,2.0,0.1294606620968418,0.28789578207739935,15.517602863710142
NVDA,2026-05-22,0.3,4.0,0.10286109434760628,0.5120030699067611,15.517602863710142
NVDA,2026-05-22,0.3,8.0,0.0703304303988658,0.9961077402721533,15.517602863710142
NVDA,2026-05-22,0.3,16.0,0.004683186960490499,4.861778172403707,15.517602863710142
NVDA,2026-05-22,3.0,0.25,0.35842320544776407,0.11485843455784579,15.517602863710142
NVDA,2026-05-22,3.0,0.5,0.3305447810302027,0.11622770724235969,15.517602863710142
NVDA,2026-05-22,3.0,1.0,0.2829698365442991,0.12321618968828106,15.517602863710142
NVDA,2026-05-22,3.0,2.0,0.21090686903303046,0.1751653109750706,15.517602863710142
NVDA,2026-05-22,3.0,4.0,0.13412052923230092,0.2687748720040411,15.517602863710142
NVDA,2026-05-22,3.0,8.0,0.10524590829620745,0.47753007773403694,15.517602863710142
NVDA,2026-05-22,3.0,16.0,0.07501047532911695,0.9115816688912767,15.517602863710142
META,2024-10-16,0.03,0.25,0.998003600803984,0.7961520001966478,23.456230711032585
META,2024-10-16,0.03,0.5,0.8994359789408894,1.1090346756847769,23.456230711032585
META,2024-10-16,0.03,1.0,0.749004922401792,1.2914697100705028,23.456230711032585
META,2024-10-16,0.03,2.0,0.5977452269235609,2.195780763309891,23.456230711032585
META,2024-10-16,0.03,4.0,0.6022239502730565,8.137738472329579,23.456230711032585
META,2024-10-16,0.03,8.0,0.6088881589273165,29.92366009228198,23.456230711032585
META,2024-10-16,0.03,16.0,0.6118290561482171,34.57941160122102,23.456230711032585
META,2024-10-16,0.3,0.25,1.080387370204723,0.6711836348943552,23.456230711032585
META,2024-10-16,0.3,0.5,1.006777100455416,0.7781348092457829,23.456230711032585
META,2024-10-16,0.3,1.0,0.9119488737096659,1.0562506009788972,23.456230711032585
META,2024-10-16,0.3,2.0,0.7661232013783645,1.291735298789746,23.456230711032585
META,2024-10-16,0.3,4.0,0.6019630583590785,1.9744151244588757,23.456230711032585
META,2024-10-16,0.3,8.0,0.6016057130665344,6.945256102725417,23.456230711032585
META,2024-10-16,0.3,16.0,0.6086312886007581,29.49179765351096,23.456230711032585
META,2024-10-16,3.0,0.25,1.133839698842742,0.6263475533978364,23.456230711032585
META,2024-10-16,3.0,0.5,1.0864790488644516,0.6647239598096495,23.456230711032585
META,2024-10-16,3.0,1.0,1.0158693203374296,0.7614538428743405,23.456230711032585
META,2024-10-16,3.0,2.0,0.9235621197830051,1.0096575066260218,23.456230711032585
META,2024-10-16,3.0,4.0,0.7820144038880298,1.3002562380855738,23.456230711032585
META,2024-10-16,3.0,8.0,0.617614053751678,1.7936028202183543,23.456230711032585
META,2024-10-16,3.0,16.0,0.6010317924836712,5.944989405775246,23.456230711032585
META,2024-11-13,0.03,0.25,0.987189655826414,0.49232715866440946,27.540233987836874
META,2024-11-13,0.03,0.5,0.8576614378077455,0.6160945714601347,27.540233987836874
META,2024-11-13,0.03,1.0,0.6484299738102319,1.0467542082403078,27.540233987836874
META,2024-11-13,0.03,2.0,0.5447204611348616,1.7092923376736742,27.540233987836874
META,2024-11-13,0.03,4.0,0.49264412294725574,6.539665098798608,27.540233987836874
META,2024-11-13,0.03,8.0,0.3870571453022539,25.525817532342145,27.540233987836874
META,2024-11-13,0.03,16.0,0.16362465669016502,60.549434172155586,27.540233987836874
META,2024-11-13,0.3,0.25,1.1067974780874223,0.46837087259714294,27.540233987836874
META,2024-11-13,0.3,0.5,1.0008661308270008,0.4865550327478168,27.540233987836874
META,2024-11-13,0.3,1.0,0.8744804154122037,0.5941907779912362,27.540233987836874
META,2024-11-13,0.3,2.0,0.6644310162400981,0.9798415982746289,27.540233987836874
META,2024-11-13,0.3,4.0,0.5484534093570606,1.5331780783847544,27.540233987836874
META,2024-11-13,0.3,8.0,0.5001100193916539,5.575166564284204,27.540233987836874
META,2024-11-13,0.3,16.0,0.40282559231263965,23.24291545646388,27.540233987836874
META,2024-11-13,3.0,0.25,1.1742365708091562,0.44620577219970736,27.540233987836874
META,2024-11-13,3.0,0.5,1.115559672223614,0.4663844479491304,27.540233987836874
META,2024-11-13,3.0,1.0,1.013560973774997,0.4817915261499005,27.540233987836874
META,2024-11-13,3.0,2.0,0.8900937711405308,0.5763692491077714,27.540233987836874
META,2024-11-13,3.0,4.0,0.6878219972852397,0.9173486428751016,27.540233987836874
META,2024-11-13,3.0,8.0,0.5519187715139834,1.3900594970263593,27.540233987836874
META,2024-11-13,3.0,16.0,0.5070407437054993,4.761291096767376,27.540233987836874
META,2024-12-12,0.03,0.25,1.0188136512454469,0.3074540182149473,32.58178980930797
META,2024-12-12,0.03,0.5,0.9455154230770513,0.42611409240853954,32.58178980930797
META,2024-12-12,0.03,1.0,0.8200405679762767,0.579823384716864,32.58178980930797
META,2024-12-12,0.03,2.0,0.6816214447939499,0.9632187851818279,32.58178980930797
META,2024-12-12,0.03,4.0,0.6874481867878354,3.890153304367637,32.58178980930797
META,2024-12-12,0.03,8.0,0.6979708415539243,18.399734992677846,32.58178980930797
META,2024-12-12,0.03,16.0,0.7048410602428012,20.66819722120148,32.58178980930797
META,2024-12-12,0.3,0.25,1.0813702568617976,0.2547738774536992,32.58178980930797
META,2024-12-12,0.3,0.5,1.0254924249906308,0.29972656346399923,32.58178980930797
META,2024-12-12,0.3,1.0,0.9559712264741278,0.4121881635198459,32.58178980930797
META,2024-12-12,0.3,2.0,0.834314756514564,0.5664926375978527,32.58178980930797
META,2024-12-12,0.3,4.0,0.6847653208612586,0.9147374445642039,32.58178980930797
META,2024-12-12,0.3,8.0,0.6866128390301289,3.2090278563555032,32.58178980930797
META,2024-12-12,0.3,16.0,0.6970183963174605,17.93655670330526,32.58178980930797
META,2024-12-12,3.0,0.25,1.1201373397911554,0.2360537425607678,32.58178980930797
META,2024-12-12,3.0,0.5,1.0865563297400045,0.25197078540655843,32.58178980930797
META,2024-12-12,3.0,1.0,1.0323769218866303,0.2926269503644673,32.58178980930797
META,2024-12-12,3.0,2.0,0.9656776070410849,0.40049706409370756,32.58178980930797
META,2024-12-12,3.0,4.0,0.8476134202178359,0.5494959150706866,32.58178980930797
META,2024-12-12,3.0,8.0,0.696987553441843,0.8653675212867921,32.58178980930797
META,2024-12-12,3.0,16.0,0.6858373708652583,2.6550707039207575,32.58178980930797
META,2025-01-14,0.03,0.25,0.9399365390687306,1.640501242858459,29.102062552692995
META,2025-01-14,0.03,0.5,0.8154632153577479,1.373157182487889,29.102062552692995
META,2025-01-14,0.03,1.0,0.6246621983668844,1.3313748992234111,29.102062552692995
META,2025-01-14,0.03,2.0,0.596729470954936,3.7038496663877636,29.102062552692995
META,2025-01-14,0.03,4.0,0.5924463661787068,8.600539257462435,29.102062552692995
META,2025-01-14,0.03,8.0,0.5849895939538157,13.174302935397746,29.102062552692995
META,2025-01-14,0.03,16.0,0.55694575916538,18.283818364112843,29.102062552692995
META,2025-01-14,0.3,0.25,1.0224141367213513,1.8392421981524179,29.102062552692995
META,2025-01-14,0.3,0.5,0.949901763441906,1.6643980523733128,29.102062552692995
META,2025-01-14,0.3,1.0,0.8317600386077365,1.4074396969192855,29.102062552692995
META,2025-01-14,0.3,2.0,0.6484297393032199,1.280936742700612,29.102062552692995
META,2025-01-14,0.3,4.0,0.5971428220063464,3.23513250582044,29.102062552692995
META,2025-01-14,0.3,8.0,0.5928859900338391,8.36471204154963,29.102062552692995
META,2025-01-14,0.3,16.0,0.58647027565199,12.719393299174447,29.102062552692995
META,2025-01-14,3.0,0.25,1.0627874572015783,1.9491390295524937,29.102062552692995
META,2025-01-14,3.0,0.5,1.0278151123377923,1.853275044166584,29.102062552692995
META,2025-01-14,3.0,1.0,0.9591526582769019,1.6874309455610013,29.102062552692995
META,2025-01-14,3.0,2.0,0.8468887774480309,1.4427045767428621,29.102062552692995
META,2025-01-14,3.0,4.0,0.6741750320137323,1.257814114267861,29.102062552692995
META,2025-01-14,3.0,8.0,0.5975265431312642,2.8466523647996653,29.102062552692995
META,2025-01-14,3.0,16.0,0.5932941006692334,8.167866441992437,29.102062552692995
META,2025-02-12,0.03,0.25,0.4648826341809777,0.05486101708246442,33.89902804006331
META,2025-02-12,0.03,0.5,0.39943007121331886,0.09946328837697488,33.89902804006331
META,2025-02-12,0.03,1.0,0.3689987275984833,0.3139256468673137,33.89902804006331
META,2025-02-12,0.03,2.0,0.3118250534564691,1.1440484731787721,33.89902804006331
META,2025-02-12,0.03,4.0,0.20275428021898573,3.2402387498366347,33.89902804006331
META,2025-02-12,0.03,8.0,0.0,6.996622906059169,33.89902804006331
META,2025-02-12,0.03,16.0,0.0,6.996622906059169,33.89902804006331
META,2025-02-12,0.3,0.25,0.5166747670796982,0.05046600027973605,33.89902804006331
META,2025-02-12,0.3,0.5,0.4717538766094536,0.05334703921429185,33.89902804006331
META,2025-02-12,0.3,1.0,0.4053716557492273,0.08861472161065329,33.89902804006331
META,2025-02-12,0.3,2.0,0.3731831010095091,0.27417221646207834,33.89902804006331
META,2025-02-12,0.3,4.0,0.31984948099347477,1.0079691439838052,33.89902804006331
META,2025-02-12,0.3,8.0,0.21810765712337216,2.9430522734934255,33.89902804006331
META,2025-02-12,0.3,16.0,0.027013373488343973,5.846511870815689,33.89902804006331
META,2025-02-12,3.0,0.25,0.5407445779360095,0.05385313410752885,33.89902804006331
META,2025-02-12,3.0,0.5,0.5198965757764482,0.05071245222760414,33.89902804006331
META,2025-02-12,3.0,1.0,0.4781925212133279,0.05219791531938111,33.89902804006331
META,2025-02-12,3.0,2.0,0.41299700258722283,0.08115261700942951,33.89902804006331
META,2025-02-12,3.0,4.0,0.3770675291895659,0.24063261348726603,33.89902804006331
META,2025-02-12,3.0,8.0,0.3274054663836803,0.8731951723382597,33.89902804006331
META,2025-02-12,3.0,16.0,0.23236046968290183,2.7262223544308752,33.89902804006331
META,2025-03-13,0.03,0.25,1.394871729263834,8.7563916634817,31.50009566560359
META,2025-03-13,0.03,0.5,1.2828872182339353,9.239997237608614,31.50009566560359
META,2025-03-13,0.03,1.0,1.1679165391675148,11.448491093832226,31.50009566560359
META,2025-03-13,0.03,2.0,1.044745184652747,19.167274138899565,31.50009566560359
META,2025-03-13,0.03,4.0,0.865386704295398,36.10043384133838,31.50009566560359
META,2025-03-13,0.03,8.0,0.6835117873547479,47.081591756031706,31.50009566560359
META,2025-03-13,0.03,16.0,0.6428888462353894,82.31066810673738,31.50009566560359
META,2025-03-13,0.3,0.25,1.503162256044392,9.60987342228807,31.50009566560359
META,2025-03-13,0.3,0.5,1.4086243351821945,8.807522218190933,31.50009566560359
META,2025-03-13,0.3,1.0,1.2965484485736043,9.088520766438927,31.50009566560359
META,2025-03-13,0.3,2.0,1.1767254212054035,11.052171280030688,31.50009566560359
META,2025-03-13,0.3,4.0,1.0620110332241115,18.298027336834394,31.50009566560359
META,2025-03-13,0.3,8.0,0.8781517959397944,32.99548041052628,31.50009566560359
META,2025-03-13,0.3,16.0,0.7095565957987219,44.464736528424574,31.50009566560359
META,2025-03-13,3.0,0.25,1.554483056240802,10.010702929928142,31.50009566560359
META,2025-03-13,3.0,0.5,1.5100010144966607,9.676537404957601,31.50009566560359
META,2025-03-13,3.0,1.0,1.4213911235949421,8.856995287214218,31.50009566560359
META,2025-03-13,3.0,2.0,1.3092274229540062,8.955366254656035,31.50009566560359
META,2025-03-13,3.0,4.0,1.1901998430336505,10.698429117007803,31.50009566560359
META,2025-03-13,3.0,8.0,1.0784913909213745,16.99999061978033,31.50009566560359
META,2025-03-13,3.0,16.0,0.8900018573071294,30.42019045191533,31.50009566560359
META,2025-04-10,0.03,0.25,0.749473892002819,0.32263505232119055,52.20653889058466
META,2025-04-10,0.03,0.5,0.7244296326243151,0.4657389914466093,52.20653889058466
META,2025-04-10,0.03,1.0,0.6987798092743718,0.8050053882736447,52.20653889058466
META,2025-04-10,0.03,2.0,0.6476281973390183,1.8987569069282701,52.20653889058466
META,2025-04-10,0.03,4.0,0.6439667605869386,5.921312229044864,52.20653889058466
META,2025-04-10,0.03,8.0,0.6566366003396457,22.622125688855338,52.20653889058466
META,2025-04-10,0.03,16.0,0.6739252946107068,61.46597421559256,52.20653889058466
META,2025-04-10,0.3,0.25,0.7817271381808131,0.2789253615652209,52.20653889058466
META,2025-04-10,0.3,0.5,0.7524459763054323,0.31356145743903635,52.20653889058466
META,2025-04-10,0.3,1.0,0.7262552478321262,0.44358921198934703,52.20653889058466
META,2025-04-10,0.3,2.0,0.7024108931161585,0.7495113015589093,52.20653889058466
META,2025-04-10,0.3,4.0,0.6549750766241768,1.7050354280902718,52.20653889058466
META,2025-04-10,0.3,8.0,0.6430569914016122,5.173081051563741,52.20653889058466
META,2025-04-10,0.3,16.0,0.6548201955221629,19.508583214357166,52.20653889058466
META,2025-04-10,3.0,0.25,0.8034665412937825,0.28796948548057016,52.20653889058466
META,2025-04-10,3.0,0.5,0.7846324154914306,0.27975571905872976,52.20653889058466
META,2025-04-10,3.0,1.0,0.7552050149677454,0.3053610448725363,52.20653889058466
META,2025-04-10,3.0,2.0,0.7279552165640537,0.4237793515720513,52.20653889058466
META,2025-04-10,3.0,4.0,0.7057816927589482,0.7017068602690575,52.20653889058466
META,2025-04-10,3.0,8.0,0.6617953151945553,1.5399860336906812,52.20653889058466
META,2025-04-10,3.0,16.0,0.6422002354490144,4.525339178811507,52.20653889058466
META,2025-05-09,0.03,0.25,0.7108350176474434,0.30259272844469637,63.06484111785684
META,2025-05-09,0.03,0.5,0.6879145840087327,0.40239328775191385,63.06484111785684
META,2025-05-09,0.03,1.0,0.6732016553501525,0.6395067312689243,63.06484111785684
META,2025-05-09,0.03,2.0,0.676048179552064,1.3912685473226603,63.06484111785684
META,2025-05-09,0.03,4.0,0.6817412279558868,4.269950463542677,63.06484111785684
META,2025-05-09,0.03,8.0,0.6931273247635322,15.527947432432937,63.06484111785684
META,2025-05-09,0.03,16.0,0.7117611255921165,48.53004491228983,63.06484111785684
META,2025-05-09,0.3,0.25,0.7375496583502414,0.2524276067697726,63.06484111785684
META,2025-05-09,0.3,0.5,0.7144053464402623,0.2953628294340352,63.06484111785684
META,2025-05-09,0.3,1.0,0.6898400881353924,0.3875601317032222,63.06484111785684
META,2025-05-09,0.3,2.0,0.6729976101382813,0.6032255072787888,63.06484111785684
META,2025-05-09,0.3,4.0,0.6756400891283213,1.2553451661817194,63.06484111785684
META,2025-05-09,0.3,8.0,0.6809250471084014,3.744659968618356,63.06484111785684
META,2025-05-09,0.3,16.0,0.6914949630685616,13.463591512014597,63.06484111785684
META,2025-05-09,3.0,0.25,0.7518114381214978,0.23340317632238367,63.06484111785684
META,2025-05-09,3.0,0.5,0.7392109939192819,0.24960839508565494,63.06484111785684
META,2025-05-09,3.0,1.0,0.7177204948895239,0.28879154702966825,63.06484111785684
META,2025-05-09,3.0,2.0,0.6916294736929935,0.3743704470563374,63.06484111785684
META,2025-05-09,3.0,4.0,0.6728081913428865,0.5716531439560214,63.06484111785684
META,2025-05-09,3.0,8.0,0.6752612515375318,1.1375976425786236,63.06484111785684
META,2025-05-09,3.0,16.0,0.6801673719268222,3.2907537335817505,63.06484111785684
META,2025-06-09,0.03,0.25,0.9681950341048637,4.519098027750252,63.8530737405655
META,2025-06-09,0.03,0.5,0.841651546774715,3.647866785828193,63.8530737405655
META,2025-06-09,0.03,1.0,0.7653190345780201,2.201081895561943,63.8530737405655
META,2025-06-09,0.03,2.0,0.7551476443067173,3.8779829684890044,63.8530737405655
META,2025-06-09,0.03,4.0,0.7540108084852715,11.721773042155563,63.8530737405655
META,2025-06-09,0.03,8.0,0.751703423031121,42.31433285013326,63.8530737405655
META,2025-06-09,0.03,16.0,0.7403913345531722,117.62485490184831,63.8530737405655
META,2025-06-09,0.3,0.25,1.0555560833176865,5.04185901560996,63.8530737405655
META,2025-06-09,0.3,0.5,0.9789169056338516,4.586618889690002,63.8530737405655
META,2025-06-09,0.3,1.0,0.8598095401862804,3.7637542878259294,63.8530737405655
META,2025-06-09,0.3,2.0,0.7723975351465723,2.380281608347657,63.8530737405655
META,2025-06-09,0.3,4.0,0.7552291352372684,3.5069165294269284,63.8530737405655
META,2025-06-09,0.3,8.0,0.7541737903463737,10.291595367306076,63.8530737405655
META,2025-06-09,0.3,16.0,0.7520434024260015,36.714537615422394,63.8530737405655
META,2025-06-09,3.0,0.25,1.1090448701459343,5.30208951367858,63.8530737405655
META,2025-06-09,3.0,0.5,1.0619312354747117,5.075659046680842,63.8530737405655
META,2025-06-09,3.0,1.0,0.9889520714174218,4.64994897866472,63.8530737405655
META,2025-06-09,3.0,2.0,0.8766642608470496,3.874538014889065,63.8530737405655
META,2025-06-09,3.0,4.0,0.7789868730561187,2.5513569370127382,63.8530737405655
META,2025-06-09,3.0,8.0,0.7553047847159257,3.1853415502896625,63.8530737405655
META,2025-06-09,3.0,16.0,0.7543250893036884,9.05550637768687,63.8530737405655
META,2025-07-09,0.03,0.25,1.2325380250362845,5.584654616120279,37.3785073474914
META,2025-07-09,0.03,0.5,1.0480558128159865,4.663019597236548,37.3785073474914
META,2025-07-09,0.03,1.0,0.8604769666497067,3.3276893724347505,37.3785073474914
META,2025-07-09,0.03,2.0,0.7137734973862879,4.09693269671091,37.3785073474914
META,2025-07-09,0.03,4.0,0.6784837529840629,16.40712013676981,37.3785073474914
META,2025-07-09,0.03,8.0,0.6073357347261732,65.73902184856766,37.3785073474914
META,2025-07-09,0.03,16.0,0.4540863648116492,89.87273835160721,37.3785073474914
META,2025-07-09,0.3,0.25,1.3856891013156771,6.124073386773144,37.3785073474914
META,2025-07-09,0.3,0.5,1.250641096466661,5.654784436202672,37.3785073474914
META,2025-07-09,0.3,1.0,1.0680369259238418,4.77860383592263,37.3785073474914
META,2025-07-09,0.3,2.0,0.8808255169910723,3.4793146524269827,37.3785073474914
META,2025-07-09,0.3,4.0,0.7163031450768296,3.5919736138408536,37.3785073474914
META,2025-07-09,0.3,8.0,0.6835430483651462,14.038836773160158,37.3785073474914
META,2025-07-09,0.3,16.0,0.6180228549417794,60.33883813971215,37.3785073474914
META,2025-07-09,3.0,0.25,1.4743179634437056,6.392212549624687,37.3785073474914
META,2025-07-09,3.0,0.5,1.3964259532164478,6.159074103378246,37.3785073474914
META,2025-07-09,3.0,1.0,1.2674557232092594,5.7206318062162875,37.3785073474914
META,2025-07-09,3.0,2.0,1.0865879107231964,4.889458788889709,37.3785073474914
META,2025-07-09,3.0,4.0,0.8997156627268426,3.6344528226138304,37.3785073474914
META,2025-07-09,3.0,8.0,0.7186514619715081,3.168406578380256,37.3785073474914
META,2025-07-09,3.0,16.0,0.6882396821545032,12.021099060629922,37.3785073474914
META,2025-08-06,0.03,0.25,0.6529476203778444,0.35493586445717,48.91320037338642
META,2025-08-06,0.03,0.5,0.5515334559638351,0.48254522754569584,48.91320037338642
META,2025-08-06,0.03,1.0,0.4633348003400724,0.7906395089754138,48.91320037338642
META,2025-08-06,0.03,2.0,0.3721076977322643,1.6037922791226336,48.91320037338642
META,2025-08-06,0.03,4.0,0.2786744360231764,3.7921285397655624,48.91320037338642
META,2025-08-06,0.03,8.0,0.09475802618172309,13.203782044465026,48.91320037338642
META,2025-08-06,0.03,16.0,0.0,20.944381653525923,48.91320037338642
META,2025-08-06,0.3,0.25,0.7401897293819216,0.31513593230618403,48.91320037338642
META,2025-08-06,0.3,0.5,0.6618876058171639,0.34967811756209666,48.91320037338642
META,2025-08-06,0.3,1.0,0.5626426449119123,0.4615659192423274,48.91320037338642
META,2025-08-06,0.3,2.0,0.4757881671301363,0.7483075410288098,48.91320037338642
META,2025-08-06,0.3,4.0,0.3790436150775449,1.477676492962167,48.91320037338642
META,2025-08-06,0.3,8.0,0.2919331962304112,3.3673312445437302,48.91320037338642
META,2025-08-06,0.3,16.0,0.12117688030514251,11.185960477591076,48.91320037338642
META,2025-08-06,3.0,0.25,0.8121896583242055,0.3133875142751561,48.91320037338642
META,2025-08-06,3.0,0.5,0.7478049097668857,0.3138672988542491,48.91320037338642
META,2025-08-06,3.0,1.0,0.6701867531347252,0.34512552429113963,48.91320037338642
META,2025-08-06,3.0,2.0,0.5760249233225357,0.44359867992259405,48.91320037338642
META,2025-08-06,3.0,4.0,0.4873454097701847,0.7013058361286676,48.91320037338642
META,2025-08-06,3.0,8.0,0.3854222624559431,1.359264556318033,48.91320037338642
META,2025-08-06,3.0,16.0,0.3042415388955013,3.026096498231581,48.91320037338642
META,2025-09-04,0.03,0.25,0.7015556629106774,18.2039589278431,43.44389054154337
META,2025-09-04,0.03,0.5,0.5933526977172241,14.81068725739735,43.44389054154337
META,2025-09-04,0.03,1.0,0.4738851584828811,9.46192338158324,43.44389054154337
META,2025-09-04,0.03,2.0,0.38478469486434197,12.56800792252372,43.44389054154337
META,2025-09-04,0.03,4.0,0.28910229967238465,11.339925200894486,43.44389054154337
META,2025-09-04,0.03,8.0,0.10236050789584716,9.707263200191449,43.44389054154337
META,2025-09-04,0.03,16.0,0.0,21.740053604730534,43.44389054154337
META,2025-09-04,0.3,0.25,0.8081915824548087,20.20822433922162,43.44389054154337
META,2025-09-04,0.3,0.5,0.7132984470709928,18.467257004119674,43.44389054154337
META,2025-09-04,0.3,1.0,0.6048212875947553,15.258270744315142,43.44389054154337
META,2025-09-04,0.3,2.0,0.4882056452380992,10.126902364716647,43.44389054154337
META,2025-09-04,0.3,4.0,0.39200386068613946,11.439155035950597,43.44389054154337
META,2025-09-04,0.3,8.0,0.3024883683531584,12.773445727437785,43.44389054154337
META,2025-09-04,0.3,16.0,0.1291326452573945,7.8366936419815865,43.44389054154337
META,2025-09-04,3.0,0.25,0.872657717294311,21.18504309789887,43.44389054154337
META,2025-09-04,3.0,0.5,0.8155787969674649,20.33755392849267,43.44389054154337
META,2025-09-04,3.0,1.0,0.7254104197961471,18.711976041760305,43.44389054154337
META,2025-09-04,3.0,2.0,0.6166369705389623,15.680526835912383,43.44389054154337
META,2025-09-04,3.0,4.0,0.5015165642141983,10.773594218436406,43.44389054154337
META,2025-09-04,3.0,8.0,0.3987055405794303,10.445809817341566,43.44389054154337
META,2025-09-04,3.0,16.0,0.314914893736089,14.261837822561377,43.44389054154337
META,2025-10-02,0.03,0.25,0.5333707488092965,6.089030843113149,45.35512980198538
META,2025-10-02,0.03,0.5,0.47235061483001795,5.033784798444147,45.35512980198538
META,2025-10-02,0.03,1.0,0.4101943907916273,3.3075109580338844,45.35512980198538
META,2025-10-02,0.03,2.0,0.35826018436436774,1.4253116055558124,45.35512980198538
META,2025-10-02,0.03,4.0,0.25578147367950627,4.091910803768838,45.35512980198538
META,2025-10-02,0.03,8.0,0.06293693514530804,32.040273800823115,45.35512980198538
META,2025-10-02,0.03,16.0,0.0,47.15247669739352,45.35512980198538
META,2025-10-02,0.3,0.25,0.5910570170284377,6.708106429508367,45.35512980198538
META,2025-10-02,0.3,0.5,0.5379614110015296,6.170715287183739,45.35512980198538
META,2025-10-02,0.3,1.0,0.48099754305958325,5.1756355613541745,45.35512980198538
META,2025-10-02,0.3,2.0,0.41391715069182505,3.531742197771966,45.35512980198538
META,2025-10-02,0.3,4.0,0.3657057041647632,1.5523729139962315,45.35512980198538
META,2025-10-02,0.3,8.0,0.2701718791315462,3.241758743493772,45.35512980198538
META,2025-10-02,0.3,16.0,0.09016358814961943,25.96218232829027,45.35512980198538
META,2025-10-02,3.0,0.25,0.6293156341777348,7.007825207726588,45.35512980198538
META,2025-10-02,3.0,0.5,0.5957794426690486,6.747758707154173,45.35512980198538
META,2025-10-02,3.0,1.0,0.5434700780391701,6.246791272349379,45.35512980198538
META,2025-10-02,3.0,2.0,0.4890246401626638,5.3099583541979705,45.35512980198538
META,2025-10-02,3.0,4.0,0.4185863635987359,3.7475908293022866,45.35512980198538
META,2025-10-02,3.0,8.0,0.37261751247795505,1.7131007528832627,45.35512980198538
META,2025-10-02,3.0,16.0,0.2836634895014812,2.595322688896881,45.35512980198538
META,2025-10-30,0.03,0.25,0.920449783003425,0.46779681500973846,27.533994600664478
META,2025-10-30,0.03,0.5,0.7264267803624843,0.6302799041576365,27.533994600664478
META,2025-10-30,0.03,1.0,0.5661140902196484,1.1043858253291357,27.533994600664478
META,2025-10-30,0.03,2.0,0.4037599736777832,2.2451869979142995,27.533994600664478
META,2025-10-30,0.03,4.0,0.13884328184767783,3.3137861209866104,27.533994600664478
META,2025-10-30,0.03,8.0,0.0,12.58914334776084,27.533994600664478
META,2025-10-30,0.03,16.0,0.0,12.58914334776084,27.533994600664478
META,2025-10-30,0.3,0.25,1.1165252989488406,0.4288816713495443,27.533994600664478
META,2025-10-30,0.3,0.5,0.9455966134689486,0.4612442019883909,27.533994600664478
META,2025-10-30,0.3,1.0,0.7388624123406379,0.5898392158773144,27.533994600664478
META,2025-10-30,0.3,2.0,0.5780372654541954,1.030299880782161,27.533994600664478
META,2025-10-30,0.3,4.0,0.4271434885446578,2.127637355970398,27.533994600664478
META,2025-10-30,0.3,8.0,0.1558883247563244,2.778595192159777,27.533994600664478
META,2025-10-30,0.3,16.0,0.0,12.58914334776084,27.533994600664478
META,2025-10-30,3.0,0.25,1.2226408752109117,0.41976187777094326,27.533994600664478
META,2025-10-30,3.0,0.5,1.1297904106781498,0.4271813195628287,27.533994600664478
META,2025-10-30,3.0,1.0,0.9700071829100582,0.45588368134146334,27.533994600664478
META,2025-10-30,3.0,2.0,0.7504066304463809,0.5547538716136803,27.533994600664478
META,2025-10-30,3.0,4.0,0.6010976135989005,0.9602401793912797,27.533994600664478
META,2025-10-30,3.0,8.0,0.4488581119105839,1.9917018393193369,27.533994600664478
META,2025-10-30,3.0,16.0,0.17091861295717733,2.6768363562588595,27.533994600664478
META,2025-11-28,0.03,0.25,1.007631673442905,4.971879958468841,44.779477805458114
META,2025-11-28,0.03,0.5,0.9512343935515836,6.123504834616465,44.779477805458114
META,2025-11-28,0.03,1.0,0.8878792120744743,9.007099889581148,44.779477805458114
META,2025-11-28,0.03,2.0,0.8031768751792854,17.23001988199721,44.779477805458114
META,2025-11-28,0.03,4.0,0.6947637249527587,32.55530105168628,44.779477805458114
META,2025-11-28,0.03,8.0,0.702565185433174,75.31224584943837,44.779477805458114
META,2025-11-28,0.03,16.0,0.7030804999874746,117.02470259340016,44.779477805458114
META,2025-11-28,0.3,0.25,1.1103504551112016,4.267625870418354,44.779477805458114
META,2025-11-28,0.3,0.5,1.017946962817491,4.875032321010496,44.779477805458114
META,2025-11-28,0.3,1.0,0.9574855204569489,5.948532661584114,44.779477805458114
META,2025-11-28,0.3,2.0,0.8940153994563345,8.54269391931629,44.779477805458114
META,2025-11-28,0.3,4.0,0.8153191718256512,15.865657813598869,44.779477805458114
META,2025-11-28,0.3,8.0,0.6942044988426967,30.38654363558732,44.779477805458114
META,2025-11-28,0.3,16.0,0.7014467332130503,67.74975771434285,44.779477805458114
META,2025-11-28,3.0,0.25,1.1799702976876982,4.47798035683658,44.779477805458114
META,2025-11-28,3.0,0.5,1.1188296148720995,4.263116478599376,44.779477805458114
META,2025-11-28,3.0,1.0,1.0286557207357432,4.7854785230586945,44.779477805458114
META,2025-11-28,3.0,2.0,0.9632886620282861,5.7903862301275515,44.779477805458114
META,2025-11-28,3.0,4.0,0.8997191658998986,8.126747237014548,44.779477805458114
META,2025-11-28,3.0,8.0,0.8265910815312884,14.665337922128403,44.779477805458114
META,2025-11-28,3.0,16.0,0.693685359309111,28.48054873001572,44.779477805458114
META,2025-12-29,0.03,0.25,0.9028935973421534,3.383302579867744,43.989177569665685
META,2025-12-29,0.03,0.5,0.7679444270887017,4.071726597681515,43.989177569665685
META,2025-12-29,0.03,1.0,0.6496724296992453,5.716782806801971,43.989177569665685
META,2025-12-29,0.03,2.0,0.5364769199378195,10.4546877995281,43.989177569665685
META,2025-12-29,0.03,4.0,0.44823237337062105,21.778474345056274,43.989177569665685
META,2025-12-29,0.03,8.0,0.3161505376226622,58.02065563021667,43.989177569665685
META,2025-12-29,0.03,16.0,0.03585612437705714,94.03295783847015,43.989177569665685
META,2025-12-29,0.3,0.25,0.9983078028011736,3.0705426233120474,43.989177569665685
META,2025-12-29,0.3,0.5,0.9137284323811761,3.32511093051148,43.989177569665685
META,2025-12-29,0.3,1.0,0.7867477427020634,3.975475207076031,43.989177569665685
META,2025-12-29,0.3,2.0,0.6578866025769607,5.443105140643193,43.989177569665685
META,2025-12-29,0.3,4.0,0.5527021659301208,9.667026136581542,43.989177569665685
META,2025-12-29,0.3,8.0,0.4577002943324193,20.202498271252807,43.989177569665685
META,2025-12-29,0.3,16.0,0.33508637954625875,51.191058151457234,43.989177569665685
META,2025-12-29,3.0,0.25,1.0527074089927344,3.172094558942838,43.989177569665685
META,2025-12-29,3.0,0.5,1.0055851190431329,3.0834603839951042,43.989177569665685
META,2025-12-29,3.0,1.0,0.9239444114726154,3.2718776815782324,43.989177569665685
META,2025-12-29,3.0,2.0,0.8041599582341645,3.883418725732105,43.989177569665685
META,2025-12-29,3.0,4.0,0.6655119651982747,5.201427195538835,43.989177569665685
META,2025-12-29,3.0,8.0,0.5677026237982004,8.965176454803176,43.989177569665685
META,2025-12-29,3.0,16.0,0.46631547622687,18.77747295295765,43.989177569665685
META,2026-01-28,0.03,0.25,0.7539508473073417,3.8685305198645836,31.969825146708065
META,2026-01-28,0.03,0.5,0.6299861223208356,4.812524275146271,31.969825146708065
META,2026-01-28,0.03,1.0,0.5344162472408217,7.112715484401837,31.969825146708065
META,2026-01-28,0.03,2.0,0.4869151720145399,13.191871396756703,31.969825146708065
META,2026-01-28,0.03,4.0,0.41303939133297796,30.459895979551632,31.969825146708065
META,2026-01-28,0.03,8.0,0.27312944570260167,60.452200363128306,31.969825146708065
META,2026-01-28,0.03,16.0,0.0,80.93253389485898,31.969825146708065
META,2026-01-28,0.3,0.25,0.8535388611244422,3.3997020164201612,31.969825146708065
META,2026-01-28,0.3,0.5,0.7672865830821788,3.8027767511093624,31.969825146708065
META,2026-01-28,0.3,1.0,0.6438752832296881,4.669298887634926,31.969825146708065
META,2026-01-28,0.3,2.0,0.5461690733973205,6.760171289172282,31.969825146708065
META,2026-01-28,0.3,4.0,0.4924212915629355,12.182223609852493,31.969825146708065
META,2026-01-28,0.3,8.0,0.4233196146369457,28.147770112538808,31.969825146708065
META,2026-01-28,0.3,16.0,0.294193816052069,60.09318494715322,31.969825146708065
META,2026-01-28,3.0,0.25,0.899696849587807,3.200131726593854,31.969825146708065
META,2026-01-28,3.0,0.5,0.8597143276490616,3.3723652633682675,31.969825146708065
META,2026-01-28,3.0,1.0,0.7796736495418785,3.7428053065817353,31.969825146708065
META,2026-01-28,3.0,2.0,0.6567688380662441,4.53965628481033,31.969825146708065
META,2026-01-28,3.0,4.0,0.5571470748060378,6.428908673258403,31.969825146708065
META,2026-01-28,3.0,8.0,0.49753272016540956,11.292740198019313,31.969825146708065
META,2026-01-28,3.0,16.0,0.43298488070339014,25.506207956635794,31.969825146708065
META,2026-02-26,0.03,0.25,1.0304310516934343,26.453743633103226,42.075660735133596
META,2026-02-26,0.03,0.5,0.9197223859452197,24.35848334635568,42.075660735133596
META,2026-02-26,0.03,1.0,0.7801218997545363,20.96997257416854,42.075660735133596
META,2026-02-26,0.03,2.0,0.6502160103477963,16.155709934735686,42.075660735133596
META,2026-02-26,0.03,4.0,0.4126673814338301,11.356469588308851,42.075660735133596
META,2026-02-26,0.03,8.0,0.05710773793472903,22.600029508483573,42.075660735133596
META,2026-02-26,0.03,16.0,0.0,34.021375118436694,42.075660735133596
META,2026-02-26,0.3,0.25,1.1499255553636707,27.804393304909993,42.075660735133596
META,2026-02-26,0.3,0.5,1.0455548560482066,26.60871278077276,42.075660735133596
META,2026-02-26,0.3,1.0,0.9297732519615131,24.642416619417634,42.075660735133596
META,2026-02-26,0.3,2.0,0.7999989673666827,21.38961446243785,42.075660735133596
META,2026-02-26,0.3,4.0,0.6688433713338253,16.6379200096035,42.075660735133596
META,2026-02-26,0.3,8.0,0.44430287693589343,11.928569445888337,42.075660735133596
META,2026-02-26,0.3,16.0,0.08922819097880377,18.118338559315895,42.075660735133596
META,2026-02-26,3.0,0.25,1.2154014493681489,28.660892001583953,42.075660735133596
META,2026-02-26,3.0,0.5,1.1586853167043951,27.917490097585297,42.075660735133596
META,2026-02-26,3.0,1.0,1.05960776593086,26.7540694237989,42.075660735133596
META,2026-02-26,3.0,2.0,0.9391036494553862,24.910977906996756,42.075660735133596
META,2026-02-26,3.0,4.0,0.818580484383623,21.798383391516907,42.075660735133596
META,2026-02-26,3.0,8.0,0.686179320266512,17.134872667696822,42.075660735133596
META,2026-02-26,3.0,16.0,0.4736706694695303,12.637706654387351,42.075660735133596
META,2026-03-26,0.03,0.25,0.7212507084501485,0.6647609468872049,36.1935271861736
META,2026-03-26,0.03,0.5,0.677542132710827,0.7281671422362653,36.1935271861736
META,2026-03-26,0.03,1.0,0.6345651205713818,0.9410273644050483,36.1935271861736
META,2026-03-26,0.03,2.0,0.6113033904468579,2.222079904050743,36.1935271861736
META,2026-03-26,0.03,4.0,0.6170170234530317,7.142400230657061,36.1935271861736
META,2026-03-26,0.03,8.0,0.6284442894653792,26.600875680628477,36.1935271861736
META,2026-03-26,0.03,16.0,0.6385265705716636,53.96070600572273,36.1935271861736
META,2026-03-26,0.3,0.25,0.7621068593980636,0.6286501784509264,36.1935271861736
META,2026-03-26,0.3,0.5,0.7252557173918621,0.6542249488730539,36.1935271861736
META,2026-03-26,0.3,1.0,0.6817751743656711,0.7289826918504627,36.1935271861736
META,2026-03-26,0.3,2.0,0.6378394126606507,0.8801906610817339,36.1935271861736
META,2026-03-26,0.3,4.0,0.6108938244728477,1.9925216225108584,36.1935271861736
META,2026-03-26,0.3,8.0,0.6161978915050113,6.240138325875399,36.1935271861736
META,2026-03-26,0.3,16.0,0.6268060255693382,23.023770504257627,36.1935271861736
META,2026-03-26,3.0,0.25,0.7911975843739287,0.6096068046531773,36.1935271861736
META,2026-03-26,3.0,0.5,0.7659965308293921,0.6292032929332634,36.1935271861736
META,2026-03-26,3.0,1.0,0.728973929996106,0.6447204355422225,36.1935271861736
META,2026-03-26,3.0,2.0,0.6857051038215882,0.7288290031276781,36.1935271861736
META,2026-03-26,3.0,4.0,0.6408975213612776,0.826186038064217,36.1935271861736
META,2026-03-26,3.0,8.0,0.6105136171025289,1.7941628988524518,36.1935271861736
META,2026-03-26,3.0,16.0,0.6154374767643738,5.461529799803225,36.1935271861736
META,2026-04-24,0.03,0.25,0.4921163464216962,1.2931027810510285,49.79149069772485
META,2026-04-24,0.03,0.5,0.4071886953869895,1.0415229341738952,49.79149069772485
META,2026-04-24,0.03,1.0,0.32247336497944,0.6381842860228651,49.79149069772485
META,2026-04-24,0.03,2.0,0.2839679140138133,0.8698577975567526,49.79149069772485
META,2026-04-24,0.03,4.0,0.20839973876022944,2.5015520151995507,49.79149069772485
META,2026-04-24,0.03,8.0,0.06344566788036032,10.350583976471755,49.79149069772485
META,2026-04-24,0.03,16.0,0.0,19.417826704858246,49.79149069772485
META,2026-04-24,0.3,0.25,0.5447433807345812,1.2221361926985514,49.79149069772485
META,2026-04-24,0.3,0.5,0.49915437257088835,1.2833341562207503,49.79149069772485
META,2026-04-24,0.3,1.0,0.41856684406178024,1.0845019166530026,49.79149069772485
META,2026-04-24,0.3,2.0,0.32523367086674987,0.669661264868175,49.79149069772485
META,2026-04-24,0.3,4.0,0.28948817368097435,0.7597706692058174,49.79149069772485
META,2026-04-24,0.3,8.0,0.21909154048076807,2.4724034703611655,49.79149069772485
META,2026-04-24,0.3,16.0,0.08404911256444575,8.378876831400982,49.79149069772485
META,2026-04-24,3.0,0.25,0.5706190567274229,1.1774336895036088,49.79149069772485
META,2026-04-24,3.0,0.5,0.5480185258410734,1.2158056586025165,49.79149069772485
META,2026-04-24,3.0,1.0,0.5056891235882095,1.2748934886827252,49.79149069772485
META,2026-04-24,3.0,2.0,0.429126183029851,1.1259514120693845,49.79149069772485
META,2026-04-24,3.0,4.0,0.33130343820673935,0.7074217106500903,49.79149069772485
META,2026-04-24,3.0,8.0,0.294612728806922,0.6806054204769864,49.79149069772485
META,2026-04-24,3.0,16.0,0.22906862246437357,2.4123981947183126,49.79149069772485
META,2026-05-22,0.03,0.25,1.013212790838327,2.469431993635603,48.44329032733784
META,2026-05-22,0.03,0.5,0.9009058727028446,2.933005622100593,48.44329032733784
META,2026-05-22,0.03,1.0,0.7337792881174099,3.4235379669141555,48.44329032733784
META,2026-05-22,0.03,2.0,0.618789242214139,5.377169828709282,48.44329032733784
META,2026-05-22,0.03,4.0,0.4448836787254571,9.03143872914581,48.44329032733784
META,2026-05-22,0.03,8.0,0.3270441905401649,38.42495356574644,48.44329032733784
META,2026-05-22,0.03,16.0,0.08225888504921273,101.79811917993584,48.44329032733784
META,2026-05-22,0.3,0.25,1.1026895110600685,2.298825738170284,48.44329032733784
META,2026-05-22,0.3,0.5,1.023731403691666,2.4435127661814104,48.44329032733784
META,2026-05-22,0.3,1.0,0.9136785543748976,2.8517752840957002,48.44329032733784
META,2026-05-22,0.3,2.0,0.7539251262940148,3.3212784785641634,48.44329032733784
META,2026-05-22,0.3,4.0,0.6329315478216404,4.971738008105617,48.44329032733784
META,2026-05-22,0.3,8.0,0.4533407332935863,8.141141513551055,48.44329032733784
META,2026-05-22,0.3,16.0,0.34394075611907027,32.26309376541834,48.44329032733784
META,2026-05-22,3.0,0.25,1.1470703322216222,2.2344620463343983,48.44329032733784
META,2026-05-22,3.0,0.5,1.108620201088834,2.2899392367345612,48.44329032733784
META,2026-05-22,3.0,1.0,1.033821729065974,2.4206453142280715,48.44329032733784
META,2026-05-22,3.0,2.0,0.9284123503549172,2.784674048753237,48.44329032733784
META,2026-05-22,3.0,4.0,0.7768322300228087,3.238792657897291,48.44329032733784
META,2026-05-22,3.0,8.0,0.646060101379504,4.648057859813255,48.44329032733784
META,2026-05-22,3.0,16.0,0.4761443954920781,7.982828064862113,48.44329032733784
TSLA,2024-10-16,0.03,0.25,0.3775301394588816,1.4548368884240865,21.801960971728
TSLA,2024-10-16,0.03,0.5,0.3616927821759635,1.3075604564954029,21.801960971728
TSLA,2024-10-16,0.03,1.0,0.34751056247625256,1.691379672529503,21.801960971728
TSLA,2024-10-16,0.03,2.0,0.34756202786462964,3.366424907099065,21.801960971728
TSLA,2024-10-16,0.03,4.0,0.35293511996705196,8.72382715753502,21.801960971728
TSLA,2024-10-16,0.03,8.0,0.3636813041718967,27.186306803899367,21.801960971728
TSLA,2024-10-16,0.03,16.0,0.37479228763097183,46.53084312475742,21.801960971728
TSLA,2024-10-16,0.3,0.25,0.3864743442609355,1.562082751993703,21.801960971728
TSLA,2024-10-16,0.3,0.5,0.3787240201135286,1.4680993714876862,21.801960971728
TSLA,2024-10-16,0.3,1.0,0.36328073171690356,1.3073092549575371,21.801960971728
TSLA,2024-10-16,0.3,2.0,0.349461271660806,1.6232466502294591,21.801960971728
TSLA,2024-10-16,0.3,4.0,0.3471768726231226,3.0815911602451083,21.801960971728
TSLA,2024-10-16,0.3,8.0,0.35216480948403794,7.797182628735865,21.801960971728
TSLA,2024-10-16,0.3,16.0,0.36214068320586856,23.905109605936026,21.801960971728
TSLA,2024-10-16,3.0,0.25,0.3906832016890416,1.6172852431664682,21.801960971728
TSLA,2024-10-16,3.0,0.5,0.3870306497732824,1.5692800266371996,21.801960971728
TSLA,2024-10-16,3.0,1.0,0.379830547343751,1.480763946658861,21.801960971728
TSLA,2024-10-16,3.0,2.0,0.36550819729976647,1.3369000264350142,21.801960971728
TSLA,2024-10-16,3.0,4.0,0.35127214965453585,1.5637971626486127,21.801960971728
TSLA,2024-10-16,3.0,8.0,0.3468193261694853,2.8290522528829385,21.801960971728
TSLA,2024-10-16,3.0,16.0,0.3514497165767634,6.984471330833375,21.801960971728
TSLA,2024-11-13,0.03,0.25,0.5051204535082997,0.20387027413811729,46.436680852511174
TSLA,2024-11-13,0.03,0.5,0.4695227796400946,0.24157953300125745,46.436680852511174
TSLA,2024-11-13,0.03,1.0,0.42653508331483414,0.39171357536581686,46.436680852511174
TSLA,2024-11-13,0.03,2.0,0.39328646986782045,0.9366041273759174,46.436680852511174
TSLA,2024-11-13,0.03,4.0,0.3945999713189608,3.006494859473241,46.436680852511174
TSLA,2024-11-13,0.03,8.0,0.3972268992894483,12.21484567623832,46.436680852511174
TSLA,2024-11-13,0.03,16.0,0.40003194387123153,44.98475377993578,46.436680852511174
TSLA,2024-11-13,0.3,0.25,0.5333688997634193,0.19657335968993142,46.436680852511174
TSLA,2024-11-13,0.3,0.5,0.5080111716745562,0.20223143551874703,46.436680852511174
TSLA,2024-11-13,0.3,1.0,0.47378910287850445,0.23558161736952166,46.436680852511174
TSLA,2024-11-13,0.3,2.0,0.4304277301269232,0.3649599042576941,46.436680852511174
TSLA,2024-11-13,0.3,4.0,0.39592810916865673,0.8589636014869672,46.436680852511174
TSLA,2024-11-13,0.3,8.0,0.39441166188409893,2.6059994613453026,46.436680852511174
TSLA,2024-11-13,0.3,16.0,0.3968503553515177,10.479730848901012,46.436680852511174
TSLA,2024-11-13,3.0,0.25,0.5489609845772424,0.19776584339344688,46.436680852511174
TSLA,2024-11-13,3.0,0.5,0.5353994399608328,0.19655767779844024,46.436680852511174
TSLA,2024-11-13,3.0,1.0,0.5110081359188494,0.20088206768193634,46.436680852511174
TSLA,2024-11-13,3.0,2.0,0.4781795019253666,0.23132647813453364,46.436680852511174
TSLA,2024-11-13,3.0,4.0,0.43406717398385763,0.3421402867177773,46.436680852511174
TSLA,2024-11-13,3.0,8.0,0.3996837357902391,0.7719797523242996,46.436680852511174
TSLA,2024-11-13,3.0,16.0,0.3942368508900753,2.265293443851814,46.436680852511174
TSLA,2024-12-12,0.03,0.25,0.4336414797762103,0.5643577965389942,59.187860175115226
TSLA,2024-12-12,0.03,0.5,0.36741312722005387,0.5610805505880379,59.187860175115226
TSLA,2024-12-12,0.03,1.0,0.30769057753641393,0.6895617022360864,59.187860175115226
TSLA,2024-12-12,0.03,2.0,0.2559366963481939,1.4119516366208948,59.187860175115226
TSLA,2024-12-12,0.03,4.0,0.22378394003990415,3.820960532012255,59.187860175115226
TSLA,2024-12-12,0.03,8.0,0.1657385441083911,11.113904152931847,59.187860175115226
TSLA,2024-12-12,0.03,16.0,0.05354139767442624,49.499750303459045,59.187860175115226
TSLA,2024-12-12,0.3,0.25,0.4811580162893662,0.5610801960883859,59.187860175115226
TSLA,2024-12-12,0.3,0.5,0.43998760540983944,0.563427602361119,59.187860175115226
TSLA,2024-12-12,0.3,1.0,0.37515060785968324,0.5594022445872706,59.187860175115226
TSLA,2024-12-12,0.3,2.0,0.314596885165287,0.652130936858602,59.187860175115226
TSLA,2024-12-12,0.3,4.0,0.25839751231172725,1.2849225497064505,59.187860175115226
TSLA,2024-12-12,0.3,8.0,0.22830598880303263,3.6048978152066655,59.187860175115226
TSLA,2024-12-12,0.3,16.0,0.17341435754766923,9.812225855150972,59.187860175115226
TSLA,2024-12-12,3.0,0.25,0.5032343146246677,0.5657619038344367,59.187860175115226
TSLA,2024-12-12,3.0,0.5,0.48410938375008594,0.5615104998743569,59.187860175115226
TSLA,2024-12-12,3.0,1.0,0.44588908473262223,0.5621260983703119,59.187860175115226
TSLA,2024-12-12,3.0,2.0,0.38304239858852085,0.5585520849901855,59.187860175115226
TSLA,2024-12-12,3.0,4.0,0.32104746814059393,0.6236610147092475,59.187860175115226
TSLA,2024-12-12,3.0,8.0,0.26073029429880246,1.1743921588633404,59.187860175115226
TSLA,2024-12-12,3.0,16.0,0.2325664863574749,3.394239461743284,59.187860175115226
TSLA,2025-01-14,0.03,0.25,0.3074510014888107,0.376527899134309,45.26507841230405
TSLA,2025-01-14,0.03,0.5,0.2697446429794483,0.4768080510239113,45.26507841230405
TSLA,2025-01-14,0.03,1.0,0.23526338513931377,0.7551994878157818,45.26507841230405
TSLA,2025-01-14,0.03,2.0,0.21124920770917743,1.6683840299979396,45.26507841230405
TSLA,2025-01-14,0.03,4.0,0.17325079450749717,4.503835217841854,45.26507841230405
TSLA,2025-01-14,0.03,8.0,0.10524013384487049,9.464968472509572,45.26507841230405
TSLA,2025-01-14,0.03,16.0,0.0,25.160527615516195,45.26507841230405
TSLA,2025-01-14,0.3,0.25,0.3400959300966326,0.3181580253418415,45.26507841230405
TSLA,2025-01-14,0.3,0.5,0.31097894157159056,0.36821787638371484,45.26507841230405
TSLA,2025-01-14,0.3,1.0,0.27361315325957625,0.46144784627291374,45.26507841230405
TSLA,2025-01-14,0.3,2.0,0.23970155449159447,0.7050015217516474,45.26507841230405
TSLA,2025-01-14,0.3,4.0,0.21419115986695653,1.5136674921586861,45.26507841230405
TSLA,2025-01-14,0.3,8.0,0.17841234671132172,4.059309499149443,45.26507841230405
TSLA,2025-01-14,0.3,16.0,0.11459149863962491,8.53987235007594,45.26507841230405
TSLA,2025-01-14,3.0,0.25,0.35575189702352694,0.2952856206680151,45.26507841230405
TSLA,2025-01-14,3.0,0.5,0.34218435290862353,0.31493430920421617,45.26507841230405
TSLA,2025-01-14,3.0,1.0,0.3151383205494465,0.36046215315841273,45.26507841230405
TSLA,2025-01-14,3.0,2.0,0.27730909732901154,0.44807315526895963,45.26507841230405
TSLA,2025-01-14,3.0,4.0,0.24382158595304027,0.6615389350898929,45.26507841230405
TSLA,2025-01-14,3.0,8.0,0.21693913476503163,1.3814513879915449,45.26507841230405
TSLA,2025-01-14,3.0,16.0,0.183203907325998,3.6897393352261307,45.26507841230405
TSLA,2025-02-12,0.03,0.25,0.27515293881924435,0.43287127586820434,35.567473629987475
TSLA,2025-02-12,0.03,0.5,0.24467062344177448,0.5897749068128708,35.567473629987475
TSLA,2025-02-12,0.03,1.0,0.2130495408645007,0.9714434988202408,35.567473629987475
TSLA,2025-02-12,0.03,2.0,0.1716074870077768,1.7465092142424878,35.567473629987475
TSLA,2025-02-12,0.03,4.0,0.1335888120373032,4.242167494518926,35.567473629987475
TSLA,2025-02-12,0.03,8.0,0.07080433219372538,6.599122324468243,35.567473629987475
TSLA,2025-02-12,0.03,16.0,0.0,12.270629733684972,35.567473629987475
TSLA,2025-02-12,0.3,0.25,0.29730342537178434,0.36153619760591105,35.567473629987475
TSLA,2025-02-12,0.3,0.5,0.278113133564008,0.4229670892189139,35.567473629987475
TSLA,2025-02-12,0.3,1.0,0.2480188333347626,0.5656056869459444,35.567473629987475
TSLA,2025-02-12,0.3,2.0,0.21613130265521072,0.9076059393591808,35.567473629987475
TSLA,2025-02-12,0.3,4.0,0.17742916397717978,1.6293331482560414,35.567473629987475
TSLA,2025-02-12,0.3,8.0,0.13864489823245746,3.8404604095161585,35.567473629987475
TSLA,2025-02-12,0.3,16.0,0.07938983927188155,6.173873494035104,35.567473629987475
TSLA,2025-02-12,3.0,0.25,0.3078241135844622,0.3327646278823609,35.567473629987475
TSLA,2025-02-12,3.0,0.5,0.2986788499230409,0.3575258639434209,35.567473629987475
TSLA,2025-02-12,3.0,1.0,0.2808664717459278,0.41355886034312433,35.567473629987475
TSLA,2025-02-12,3.0,2.0,0.2518075938428528,0.542912068241569,35.567473629987475
TSLA,2025-02-12,3.0,4.0,0.21901810737105148,0.8528142957279422,35.567473629987475
TSLA,2025-02-12,3.0,8.0,0.1828335301399961,1.536566906980775,35.567473629987475
TSLA,2025-02-12,3.0,16.0,0.14346597855509152,3.4298160321699753,35.567473629987475
TSLA,2025-03-13,0.03,0.25,0.5259434087063957,1.9584552269787574,28.70334027839041
TSLA,2025-03-13,0.03,0.5,0.4932056072265994,1.8140756745899589,28.70334027839041
TSLA,2025-03-13,0.03,1.0,0.4329926596099132,1.6233521635788117,28.70334027839041
TSLA,2025-03-13,0.03,2.0,0.3604603037198427,1.8283583341158212,28.70334027839041
TSLA,2025-03-13,0.03,4.0,0.3069106043174298,3.6630935366753277,28.70334027839041
TSLA,2025-03-13,0.03,8.0,0.313524182493334,16.394211101702897,28.70334027839041
TSLA,2025-03-13,0.03,16.0,0.3210839684599131,68.3740368150346,28.70334027839041
TSLA,2025-03-13,0.3,0.25,0.5476350403384673,2.07279774563423,28.70334027839041
TSLA,2025-03-13,0.3,0.5,0.5285958487242233,1.9722339051963997,28.70334027839041
TSLA,2025-03-13,0.3,1.0,0.4975356754505376,1.8297674467337766,28.70334027839041
TSLA,2025-03-13,0.3,2.0,0.4415675849943065,1.6403497354371692,28.70334027839041
TSLA,2025-03-13,0.3,4.0,0.3694899321796884,1.8095635218703527,28.70334027839041
TSLA,2025-03-13,0.3,8.0,0.30643652826382595,3.275525059193932,28.70334027839041
TSLA,2025-03-13,0.3,16.0,0.31257603038612647,13.729674803066143,28.70334027839041
TSLA,2025-03-13,3.0,0.25,0.5608602428610816,2.134810667558128,28.70334027839041
TSLA,2025-03-13,3.0,0.5,0.5493887463186635,2.080754038400837,28.70334027839041
TSLA,2025-03-13,3.0,1.0,0.5310581559179386,1.9854642501762434,28.70334027839041
TSLA,2025-03-13,3.0,2.0,0.5015435577635106,1.845758800634748,28.70334027839041
TSLA,2025-03-13,3.0,4.0,0.4495522364841996,1.661204136838769,28.70334027839041
TSLA,2025-03-13,3.0,8.0,0.3776789866354038,1.724683077509318,28.70334027839041
TSLA,2025-03-13,3.0,16.0,0.3059964350404879,2.9786023474426586,28.70334027839041
TSLA,2025-04-10,0.03,0.25,0.3717061188856623,0.2600406717069518,42.60765726689001
TSLA,2025-04-10,0.03,0.5,0.3534066636668195,0.2749881161452324,42.60765726689001
TSLA,2025-04-10,0.03,1.0,0.3280342575353814,0.364766840992827,42.60765726689001
TSLA,2025-04-10,0.03,2.0,0.30516413035970624,0.7669701830758663,42.60765726689001
TSLA,2025-04-10,0.03,4.0,0.30891744418075906,2.362765668292133,42.60765726689001
TSLA,2025-04-10,0.03,8.0,0.3163385057634903,9.065880597532107,42.60765726689001
TSLA,2025-04-10,0.03,16.0,0.3290434110278856,31.620450502442065,42.60765726689001
TSLA,2025-04-10,0.3,0.25,0.3878590802908755,0.24529153452278576,42.60765726689001
TSLA,2025-04-10,0.3,0.5,0.3734251019515807,0.2592933295606693,42.60765726689001
TSLA,2025-04-10,0.3,1.0,0.35595614836259976,0.27213575614904156,42.60765726689001
TSLA,2025-04-10,0.3,2.0,0.33127420866599167,0.34605324155385264,42.60765726689001
TSLA,2025-04-10,0.3,4.0,0.30489366140288837,0.6983224319840957,42.60765726689001
TSLA,2025-04-10,0.3,8.0,0.30838309325001523,2.062042017992884,42.60765726689001
TSLA,2025-04-10,0.3,16.0,0.31529121683810746,7.83005823463072,42.60765726689001
TSLA,2025-04-10,3.0,0.25,0.3971346582059876,0.2332012481366799,42.60765726689001
TSLA,2025-04-10,3.0,0.5,0.3889565959671582,0.24359578020341122,42.60765726689001
TSLA,2025-04-10,3.0,1.0,0.37508108749201935,0.25869990529724196,42.60765726689001
TSLA,2025-04-10,3.0,2.0,0.3583074558495799,0.2692864653750913,42.60765726689001
TSLA,2025-04-10,3.0,4.0,0.3342818904664172,0.33041604957382614,42.60765726689001
TSLA,2025-04-10,3.0,8.0,0.30559952060100753,0.638981846845624,42.60765726689001
TSLA,2025-04-10,3.0,16.0,0.307887045787341,1.8046655416545108,42.60765726689001
TSLA,2025-05-09,0.03,0.25,0.4558412848138318,1.224844896847619,49.29680803713813
TSLA,2025-05-09,0.03,0.5,0.4023961342640719,1.3987465779104977,49.29680803713813
TSLA,2025-05-09,0.03,1.0,0.33986331866366315,1.7853577088935397,49.29680803713813
TSLA,2025-05-09,0.03,2.0,0.23807557880401364,1.7087557925390988,49.29680803713813
TSLA,2025-05-09,0.03,4.0,0.19292188559486084,2.0384001082963374,49.29680803713813
TSLA,2025-05-09,0.03,8.0,0.14816084294685467,8.100362604082953,49.29680803713813
TSLA,2025-05-09,0.03,16.0,0.05775882535042348,41.75979018046983,49.29680803713813
TSLA,2025-05-09,0.3,0.25,0.49009263226688005,1.1361954961134504,49.29680803713813
TSLA,2025-05-09,0.3,0.5,0.46017172427336284,1.2123046210901014,49.29680803713813
TSLA,2025-05-09,0.3,1.0,0.4097507496109537,1.370603526593903,49.29680803713813
TSLA,2025-05-09,0.3,2.0,0.3474036075489959,1.7560258389672456,49.29680803713813
TSLA,2025-05-09,0.3,4.0,0.250939912830362,1.7191472657319122,49.29680803713813
TSLA,2025-05-09,0.3,8.0,0.19613045709569682,1.8926491121541782,49.29680803713813
TSLA,2025-05-09,0.3,16.0,0.15457798594852667,6.769620943772825,49.29680803713813
TSLA,2025-05-09,3.0,0.25,0.5110243765597817,1.1010385841166046,49.29680803713813
TSLA,2025-05-09,3.0,0.5,0.4927754725633939,1.1312270423619888,49.29680803713813
TSLA,2025-05-09,3.0,1.0,0.4641838671212235,1.2010321972654026,49.29680803713813
TSLA,2025-05-09,3.0,2.0,0.4167544089926133,1.3453018667306276,49.29680803713813
TSLA,2025-05-09,3.0,4.0,0.3544173823515018,1.7012990903419314,49.29680803713813
TSLA,2025-05-09,3.0,8.0,0.26481561372593704,1.7104508833284304,49.29680803713813
TSLA,2025-05-09,3.0,16.0,0.19910903102572258,1.7919233983630944,49.29680803713813
TSLA,2025-06-09,0.03,0.25,0.48660367301354734,0.40972986077388884,45.14827859842564
TSLA,2025-06-09,0.03,0.5,0.4361442149480502,0.3835788849927015,45.14827859842564
TSLA,2025-06-09,0.03,1.0,0.3664273653090772,0.4698894549585972,45.14827859842564
TSLA,2025-06-09,0.03,2.0,0.29998314245202096,0.7092029889477508,45.14827859842564
TSLA,2025-06-09,0.03,4.0,0.2613361902511458,1.538730489332062,45.14827859842564
TSLA,2025-06-09,0.03,8.0,0.19951549158192758,7.705216829884733,45.14827859842564
TSLA,2025-06-09,0.03,16.0,0.07381011601849805,35.28593321713867,45.14827859842564
TSLA,2025-06-09,0.3,0.25,0.5218101006067506,0.4219931425890305,45.14827859842564
TSLA,2025-06-09,0.3,0.5,0.4913340046552872,0.4118980763762656,45.14827859842564
TSLA,2025-06-09,0.3,1.0,0.44277713742498115,0.384543342060037,45.14827859842564
TSLA,2025-06-09,0.3,2.0,0.37438244548356464,0.45056550049512406,45.14827859842564
TSLA,2025-06-09,0.3,4.0,0.3067321527404393,0.6648812960520538,45.14827859842564
TSLA,2025-06-09,0.3,8.0,0.26576757220768893,1.3361804243366355,45.14827859842564
TSLA,2025-06-09,0.3,16.0,0.2083784066028414,6.438292198860154,45.14827859842564
TSLA,2025-06-09,3.0,0.25,0.5413782155737306,0.431014570156564,45.14827859842564
TSLA,2025-06-09,3.0,0.5,0.523989646944959,0.4227652046920591,45.14827859842564
TSLA,2025-06-09,3.0,1.0,0.4957230423312249,0.4142158452247191,45.14827859842564
TSLA,2025-06-09,3.0,2.0,0.4493477949290035,0.3870235950939509,45.14827859842564
TSLA,2025-06-09,3.0,4.0,0.38340535059451963,0.4335388738290003,45.14827859842564
TSLA,2025-06-09,3.0,8.0,0.3129395162980143,0.6187142576639896,45.14827859842564
TSLA,2025-06-09,3.0,16.0,0.2698813028090817,1.176831991041765,45.14827859842564
TSLA,2025-07-09,0.03,0.25,0.4172245888725086,0.15463132035807464,32.59853461765404
TSLA,2025-07-09,0.03,0.5,0.378868611712029,0.13618275859486054,32.59853461765404
TSLA,2025-07-09,0.03,1.0,0.34026467904982693,0.18873948404090138,32.59853461765404
TSLA,2025-07-09,0.03,2.0,0.3327405862090116,0.4792985489719715,32.59853461765404
TSLA,2025-07-09,0.03,4.0,0.33560455674610207,2.0800281999278005,32.59853461765404
TSLA,2025-07-09,0.03,8.0,0.3413324978202833,9.507772327655642,32.59853461765404
TSLA,2025-07-09,0.03,16.0,0.3478498937728106,32.265284025277595,32.59853461765404
TSLA,2025-07-09,0.3,0.25,0.4472405308698815,0.16885848141950596,32.59853461765404
TSLA,2025-07-09,0.3,0.5,0.4212333722511816,0.15606132736689052,32.59853461765404
TSLA,2025-07-09,0.3,1.0,0.3837182956272962,0.13732559394015847,32.59853461765404
TSLA,2025-07-09,0.3,2.0,0.34282959939581364,0.176157784887057,32.59853461765404
TSLA,2025-07-09,0.3,4.0,0.33253155020443637,0.4184717282963797,32.59853461765404
TSLA,2025-07-09,0.3,8.0,0.3351939651378233,1.7640346686418715,32.59853461765404
TSLA,2025-07-09,0.3,16.0,0.3405113146037254,8.096874637965547,32.59853461765404
TSLA,2025-07-09,3.0,0.25,0.4623750222989962,0.1782990600597438,32.59853461765404
TSLA,2025-07-09,3.0,0.5,0.4491048236868207,0.1700028942021217,32.59853461765404
TSLA,2025-07-09,3.0,1.0,0.4249560558653083,0.15751841419778972,32.59853461765404
TSLA,2025-07-09,3.0,2.0,0.38867014671401245,0.13924833223909058,32.59853461765404
TSLA,2025-07-09,3.0,4.0,0.34670751645942854,0.16496912113028434,32.59853461765404
TSLA,2025-07-09,3.0,8.0,0.3323369269011197,0.3684964642632693,32.59853461765404
TSLA,2025-07-09,3.0,16.0,0.3348128056529907,1.4966081312015918,32.59853461765404
TSLA,2025-08-06,0.03,0.25,0.44271935137782337,0.18587006295939246,34.670720785943615
TSLA,2025-08-06,0.03,0.5,0.4235273415993178,0.22831501939373003,34.670720785943615
TSLA,2025-08-06,0.03,1.0,0.39382603973383734,0.3691101299501275,34.670720785943615
TSLA,2025-08-06,0.03,2.0,0.39656626907372894,0.8798221706092396,34.670720785943615
TSLA,2025-08-06,0.03,4.0,0.40198422714582543,2.8288652543711903,34.670720785943615
TSLA,2025-08-06,0.03,8.0,0.41278536481016825,10.46104233166062,34.670720785943615
TSLA,2025-08-06,0.03,16.0,0.42833409189391813,29.923307261435582,34.670720785943615
TSLA,2025-08-06,0.3,0.25,0.4584869264151271,0.17142929059344245,34.670720785943615
TSLA,2025-08-06,0.3,0.5,0.44409128929386954,0.18339007401546006,34.670720785943615
TSLA,2025-08-06,0.3,1.0,0.4262872040477411,0.22206979644983207,34.670720785943615
TSLA,2025-08-06,0.3,2.0,0.39362961397506147,0.3448792442838711,34.670720785943615
TSLA,2025-08-06,0.3,4.0,0.3961734175561773,0.7868156680511876,34.670720785943615
TSLA,2025-08-06,0.3,8.0,0.4012099774761082,2.473680756506983,34.670720785943615
TSLA,2025-08-06,0.3,16.0,0.4112368654707338,9.060062507850585,34.670720785943615
TSLA,2025-08-06,3.0,0.25,0.4702810200447495,0.1676532780801578,34.670720785943615
TSLA,2025-08-06,3.0,0.5,0.46003625537075965,0.1714830911993937,34.670720785943615
TSLA,2025-08-06,3.0,1.0,0.44538242943420137,0.1811973803739897,34.670720785943615
TSLA,2025-08-06,3.0,2.0,0.42885867604269784,0.21668231332399798,34.670720785943615
TSLA,2025-08-06,3.0,4.0,0.39574444603026226,0.3226478174645728,34.670720785943615
TSLA,2025-08-06,3.0,8.0,0.39580872651275023,0.7064044387585585,34.670720785943615
TSLA,2025-08-06,3.0,16.0,0.40049122775183066,2.1669346424086458,34.670720785943615
TSLA,2025-09-04,0.03,0.25,0.4315983872937988,0.1380730747387959,25.212002159700283
TSLA,2025-09-04,0.03,0.5,0.41836512849406005,0.21335624200685288,25.212002159700283
TSLA,2025-09-04,0.03,1.0,0.41547984001458327,0.41871512538821243,25.212002159700283
TSLA,2025-09-04,0.03,2.0,0.4183811015955521,1.0702080425292868,25.212002159700283
TSLA,2025-09-04,0.03,4.0,0.42418300745573256,3.3597908497670375,25.212002159700283
TSLA,2025-09-04,0.03,8.0,0.43568296709124604,11.827823797594887,25.212002159700283
TSLA,2025-09-04,0.03,16.0,0.44739325722365886,25.603601922648274,25.212002159700283
TSLA,2025-09-04,0.3,0.25,0.44948094771198055,0.11740917322176844,25.212002159700283
TSLA,2025-09-04,0.3,0.5,0.4327636003664297,0.13352065078907863,25.212002159700283
TSLA,2025-09-04,0.3,1.0,0.4195462629218907,0.20135006566742578,25.212002159700283
TSLA,2025-09-04,0.3,2.0,0.4152717675490022,0.38464430836455055,25.212002159700283
TSLA,2025-09-04,0.3,4.0,0.41796520802622883,0.9566139856418773,25.212002159700283
TSLA,2025-09-04,0.3,8.0,0.42335122031708616,2.9507676436920347,25.212002159700283
TSLA,2025-09-04,0.3,16.0,0.4341232448988007,10.34003986642148,25.212002159700283
TSLA,2025-09-04,3.0,0.25,0.4613624990093748,0.11209839359200645,25.212002159700283
TSLA,2025-09-04,3.0,0.5,0.4509642197636625,0.11679320921724003,25.212002159700283
TSLA,2025-09-04,3.0,1.0,0.4342091904637263,0.12935420907193798,25.212002159700283
TSLA,2025-09-04,3.0,2.0,0.42128509717960416,0.1904467585266825,25.212002159700283
TSLA,2025-09-04,3.0,4.0,0.4150786101824375,0.3545287903792919,25.212002159700283
TSLA,2025-09-04,3.0,8.0,0.41757912663676044,0.8572126116938142,25.212002159700283
TSLA,2025-09-04,3.0,16.0,0.4225790575381493,2.5952641635092437,25.212002159700283
TSLA,2025-10-02,0.03,0.25,0.8650269148896351,0.925342241473319,33.33957759384137
TSLA,2025-10-02,0.03,0.5,0.7368673856794448,1.1691644084131485,33.33957759384137
TSLA,2025-10-02,0.03,1.0,0.5754769822341499,1.8833141855145537,33.33957759384137
TSLA,2025-10-02,0.03,2.0,0.40924829247173866,3.136966562262336,33.33957759384137
TSLA,2025-10-02,0.03,4.0,0.21081816172015683,6.58325539356388,33.33957759384137
TSLA,2025-10-02,0.03,8.0,0.08974591118394315,28.009702873389895,33.33957759384137
TSLA,2025-10-02,0.03,16.0,0.0,51.98813814575326,33.33957759384137
TSLA,2025-10-02,0.3,0.25,0.9891127385973494,0.9479420453940901,33.33957759384137
TSLA,2025-10-02,0.3,0.5,0.8793455829031955,0.9242309528261369,33.33957759384137
TSLA,2025-10-02,0.3,1.0,0.753660309171462,1.1244585867736479,33.33957759384137
TSLA,2025-10-02,0.3,2.0,0.5889110596153475,1.768193694462726,33.33957759384137
TSLA,2025-10-02,0.3,4.0,0.4280184015761064,3.116448567022276,33.33957759384137
TSLA,2025-10-02,0.3,8.0,0.2185362249655044,5.835998979173576,33.33957759384137
TSLA,2025-10-02,0.3,16.0,0.10752450323055265,23.42155806801387,33.33957759384137
TSLA,2025-10-02,3.0,0.25,1.0525197011952003,0.9661941770331935,33.33957759384137
TSLA,2025-10-02,3.0,0.5,0.9973802590732925,0.9497811498453086,33.33957759384137
TSLA,2025-10-02,3.0,1.0,0.8938448153932822,0.924192174097897,33.33957759384137
TSLA,2025-10-02,3.0,2.0,0.7692494784043145,1.0856587276778293,33.33957759384137
TSLA,2025-10-02,3.0,4.0,0.6022918740751697,1.6645231607718147,33.33957759384137
TSLA,2025-10-02,3.0,8.0,0.44544302734101193,3.128391289263688,33.33957759384137
TSLA,2025-10-02,3.0,16.0,0.2257505829044012,5.237703919510207,33.33957759384137
TSLA,2025-10-30,0.03,0.25,0.646264229282419,0.40129507349432797,38.4934972312342
TSLA,2025-10-30,0.03,0.5,0.5664842226910485,0.5519946476978981,38.4934972312342
TSLA,2025-10-30,0.03,1.0,0.4847967559105263,1.0788124220232662,38.4934972312342
TSLA,2025-10-30,0.03,2.0,0.4087748986701953,2.2311218808287006,38.4934972312342
TSLA,2025-10-30,0.03,4.0,0.28852466219053774,4.352445766938906,38.4934972312342
TSLA,2025-10-30,0.03,8.0,0.17942424135723184,19.536564438968416,38.4934972312342
TSLA,2025-10-30,0.03,16.0,0.0,57.16999672420935,38.4934972312342
TSLA,2025-10-30,0.3,0.25,0.6993763658779489,0.36855252592040527,38.4934972312342
TSLA,2025-10-30,0.3,0.5,0.6520143346907197,0.39534564565060554,38.4934972312342
TSLA,2025-10-30,0.3,1.0,0.5778949371565951,0.5242243171899108,38.4934972312342
TSLA,2025-10-30,0.3,2.0,0.49026878359877424,0.9884318186097034,38.4934972312342
TSLA,2025-10-30,0.3,4.0,0.41982733106491044,2.1387056275597613,38.4934972312342
TSLA,2025-10-30,0.3,8.0,0.2963312749763564,3.876834196894897,38.4934972312342
TSLA,2025-10-30,0.3,16.0,0.19510202717738545,16.39740563555243,38.4934972312342
TSLA,2025-10-30,3.0,0.25,0.7305695898669524,0.3657543495003761,38.4934972312342
TSLA,2025-10-30,3.0,0.5,0.7030774318548318,0.3674843180593912,38.4934972312342
TSLA,2025-10-30,3.0,1.0,0.6573450011550185,0.39027755054770735,38.4934972312342
TSLA,2025-10-30,3.0,2.0,0.5884877061259605,0.5002960832721286,38.4934972312342
TSLA,2025-10-30,3.0,4.0,0.49537683741325444,0.9114578449896423,38.4934972312342
TSLA,2025-10-30,3.0,8.0,0.42999672597807265,2.0333354257062712,38.4934972312342
TSLA,2025-10-30,3.0,16.0,0.3035782923233554,3.5100049184927795,38.4934972312342
TSLA,2025-11-28,0.03,0.25,0.5956823226877381,0.5476536258347853,39.86207501383439
TSLA,2025-11-28,0.03,0.5,0.48228580081221284,0.7143209108462136,39.86207501383439
TSLA,2025-11-28,0.03,1.0,0.3633679738750435,0.9480095583388205,39.86207501383439
TSLA,2025-11-28,0.03,2.0,0.30271082422565915,1.5343902100508282,39.86207501383439
TSLA,2025-11-28,0.03,4.0,0.26053913881818336,3.1118828283595374,39.86207501383439
TSLA,2025-11-28,0.03,8.0,0.17802795851380698,12.366594414895728,39.86207501383439
TSLA,2025-11-28,0.03,16.0,0.0069486965666447015,47.30365553055978,39.86207501383439
TSLA,2025-11-28,0.3,0.25,0.658850633620699,0.48892302228154916,39.86207501383439
TSLA,2025-11-28,0.3,0.5,0.6038216421553418,0.5385746107419488,39.86207501383439
TSLA,2025-11-28,0.3,1.0,0.49849197552691277,0.6874710190470817,39.86207501383439
TSLA,2025-11-28,0.3,2.0,0.3709094531163436,0.9350877524294972,39.86207501383439
TSLA,2025-11-28,0.3,4.0,0.3058176848603158,1.4296166789945162,39.86207501383439
TSLA,2025-11-28,0.3,8.0,0.2666205012523909,2.8022135159816934,39.86207501383439
TSLA,2025-11-28,0.3,16.0,0.18979373933679689,10.477507844083625,39.86207501383439
TSLA,2025-11-28,3.0,0.25,0.6903942432004404,0.4697899331775732,39.86207501383439
TSLA,2025-11-28,3.0,0.5,0.6630556965581409,0.4860625005549917,39.86207501383439
TSLA,2025-11-28,3.0,1.0,0.6113775170261491,0.5305373297136234,39.86207501383439
TSLA,2025-11-28,3.0,2.0,0.5135724906356358,0.663017954499776,39.86207501383439
TSLA,2025-11-28,3.0,4.0,0.3779202141128375,0.928057448890388,39.86207501383439
TSLA,2025-11-28,3.0,8.0,0.30872137252427173,1.3463504740512386,39.86207501383439
TSLA,2025-11-28,3.0,16.0,0.27226593804594484,2.5582720209359486,39.86207501383439
TSLA,2025-12-29,0.03,0.25,0.39837019371018206,0.13247760926516491,37.51929988204675
TSLA,2025-12-29,0.03,0.5,0.3123044588170345,0.1905381242899818,37.51929988204675
TSLA,2025-12-29,0.03,1.0,0.22841629382508233,0.3004571725644898,37.51929988204675
TSLA,2025-12-29,0.03,2.0,0.1874272785529751,0.5846438394797988,37.51929988204675
TSLA,2025-12-29,0.03,4.0,0.1350860673885193,1.3753387084865163,37.51929988204675
TSLA,2025-12-29,0.03,8.0,0.031062270900007474,7.221246478597933,37.51929988204675
TSLA,2025-12-29,0.03,16.0,0.0,10.703166133763988,37.51929988204675
TSLA,2025-12-29,0.3,0.25,0.44719178906338974,0.11383833657723436,37.51929988204675
TSLA,2025-12-29,0.3,0.5,0.4049061879567165,0.12927265505689453,37.51929988204675
TSLA,2025-12-29,0.3,1.0,0.32327358716236526,0.18762986492996017,37.51929988204675
TSLA,2025-12-29,0.3,2.0,0.2389356936239053,0.28673445182492246,37.51929988204675
TSLA,2025-12-29,0.3,4.0,0.19130254593966767,0.5343885322528885,37.51929988204675
TSLA,2025-12-29,0.3,8.0,0.142515101544888,1.266666940463116,37.51929988204675
TSLA,2025-12-29,0.3,16.0,0.046013196932853856,5.846984984857514,37.51929988204675
TSLA,2025-12-29,3.0,0.25,0.46984022756678456,0.10936818001617779,37.51929988204675
TSLA,2025-12-29,3.0,0.5,0.45021997803032154,0.1130782198409973,37.51929988204675
TSLA,2025-12-29,3.0,1.0,0.4109736675389708,0.12651864964865217,37.51929988204675
TSLA,2025-12-29,3.0,2.0,0.33396287894818666,0.1777895066655553,37.51929988204675
TSLA,2025-12-29,3.0,4.0,0.24868987665105036,0.2769894678019124,37.51929988204675
TSLA,2025-12-29,3.0,8.0,0.19492105363518528,0.4732724057233014,37.51929988204675
TSLA,2025-12-29,3.0,16.0,0.1494791835965185,1.1660562058136934,37.51929988204675
TSLA,2026-01-28,0.03,0.25,0.3796302618329232,0.11342979284146894,29.4341940857172
TSLA,2026-01-28,0.03,0.5,0.2965865135976349,0.14955944432252605,29.4341940857172
TSLA,2026-01-28,0.03,1.0,0.21938828615896078,0.28315656217323504,29.4341940857172
TSLA,2026-01-28,0.03,2.0,0.16996570796624394,0.7656848138415518,29.4341940857172
TSLA,2026-01-28,0.03,4.0,0.11054970367904364,1.8541278885985584,29.4341940857172
TSLA,2026-01-28,0.03,8.0,0.0,8.916551183905035,29.4341940857172
TSLA,2026-01-28,0.03,16.0,0.0,8.916551183905035,29.4341940857172
TSLA,2026-01-28,0.3,0.25,0.4340014535316414,0.1050705057443964,29.4341940857172
TSLA,2026-01-28,0.3,0.5,0.3862260071392944,0.11148254952495291,29.4341940857172
TSLA,2026-01-28,0.3,1.0,0.30706890185156,0.1445637553963068,29.4341940857172
TSLA,2026-01-28,0.3,2.0,0.2261007216036188,0.2592807593652564,29.4341940857172
TSLA,2026-01-28,0.3,4.0,0.17429489912549406,0.6909065564278859,29.4341940857172
TSLA,2026-01-28,0.3,8.0,0.11894514650337462,1.6164066986323504,29.4341940857172
TSLA,2026-01-28,0.3,16.0,0.012474775532629486,7.654597923520134,29.4341940857172
TSLA,2026-01-28,3.0,0.25,0.46253659688918874,0.1062489067896155,29.4341940857172
TSLA,2026-01-28,3.0,0.5,0.4378187470151874,0.10504695971800403,29.4341940857172
TSLA,2026-01-28,3.0,1.0,0.39234895469197556,0.10990609520347538,29.4341940857172
TSLA,2026-01-28,3.0,2.0,0.31680402730205826,0.14033917357815678,29.4341940857172
TSLA,2026-01-28,3.0,4.0,0.23233199468487303,0.2403941992269277,29.4341940857172
TSLA,2026-01-28,3.0,8.0,0.17831376419416417,0.6337757784936074,29.4341940857172
TSLA,2026-01-28,3.0,16.0,0.12673878523670445,1.441332623186392,29.4341940857172
TSLA,2026-02-26,0.03,0.25,0.4510759893778762,0.31708981505441325,23.791996668069118
TSLA,2026-02-26,0.03,0.5,0.36324399045516464,0.3983048590484652,23.791996668069118
TSLA,2026-02-26,0.03,1.0,0.2635192586727458,0.5718904436071347,23.791996668069118
TSLA,2026-02-26,0.03,2.0,0.16464927961823161,0.8774392092329275,23.791996668069118
TSLA,2026-02-26,0.03,4.0,0.08787688443453934,1.5062179093533061,23.791996668069118
TSLA,2026-02-26,0.03,8.0,0.0,6.279636312463916,23.791996668069118
TSLA,2026-02-26,0.03,16.0,0.0,6.279636312463916,23.791996668069118
TSLA,2026-02-26,0.3,0.25,0.5142554625441962,0.28234371416447085,23.791996668069118
TSLA,2026-02-26,0.3,0.5,0.4584909673829275,0.31099467756354066,23.791996668069118
TSLA,2026-02-26,0.3,1.0,0.37322240868083845,0.3903369282281608,23.791996668069118
TSLA,2026-02-26,0.3,2.0,0.2741690577076715,0.5458731133053957,23.791996668069118
TSLA,2026-02-26,0.3,4.0,0.17791066783314327,0.8201032078795084,23.791996668069118
TSLA,2026-02-26,0.3,8.0,0.09638042882425682,1.4137054260615727,23.791996668069118
TSLA,2026-02-26,0.3,16.0,0.0,6.279636312463916,23.791996668069118
TSLA,2026-02-26,3.0,0.25,0.5454711585713281,0.2737175343812686,23.791996668069118
TSLA,2026-02-26,3.0,0.5,0.5184362693260741,0.2809387824560347,23.791996668069118
TSLA,2026-02-26,3.0,1.0,0.46537442320487354,0.30566583418418036,23.791996668069118
TSLA,2026-02-26,3.0,2.0,0.3825938740339252,0.3841165889116556,23.791996668069118
TSLA,2026-02-26,3.0,4.0,0.28409911230797563,0.5186474458101541,23.791996668069118
TSLA,2026-02-26,3.0,8.0,0.19017337424805686,0.7684159466554472,23.791996668069118
TSLA,2026-02-26,3.0,16.0,0.10428687698103772,1.378838630178193,23.791996668069118
TSLA,2026-03-26,0.03,0.25,0.6261904547914058,0.4382603261153116,24.052991850640602
TSLA,2026-03-26,0.03,0.5,0.5725884157835819,0.5869406361879898,24.052991850640602
TSLA,2026-03-26,0.03,1.0,0.48627581021757715,0.9799422304229775,24.052991850640602
TSLA,2026-03-26,0.03,2.0,0.4155957401296745,1.129735080634351,24.052991850640602
TSLA,2026-03-26,0.03,4.0,0.4202062259352391,5.002425913282371,24.052991850640602
TSLA,2026-03-26,0.03,8.0,0.4289595804478251,21.954392011272162,24.052991850640602
TSLA,2026-03-26,0.03,16.0,0.43574170116059835,32.55898149693043,24.052991850640602
TSLA,2026-03-26,0.3,0.25,0.6677901541612798,0.3806971203789784,24.052991850640602
TSLA,2026-03-26,0.3,0.5,0.6312758236920264,0.42944145572022663,24.052991850640602
TSLA,2026-03-26,0.3,1.0,0.5802177847399319,0.563829646852303,24.052991850640602
TSLA,2026-03-26,0.3,2.0,0.49509422513811624,0.9232739294749948,24.052991850640602
TSLA,2026-03-26,0.3,4.0,0.42051454804015165,1.0325983763303606,24.052991850640602
TSLA,2026-03-26,0.3,8.0,0.4195452460971654,4.239668542118672,24.052991850640602
TSLA,2026-03-26,0.3,16.0,0.4278775845215214,19.17250196356686,24.052991850640602
TSLA,2026-03-26,3.0,0.25,0.6953383068859944,0.3623987475036015,24.052991850640602
TSLA,2026-03-26,3.0,0.5,0.6714242503005325,0.37793100410735136,24.052991850640602
TSLA,2026-03-26,3.0,1.0,0.6359966619928108,0.4215579367964277,24.052991850640602
TSLA,2026-03-26,3.0,2.0,0.587279158084751,0.5425806042559265,24.052991850640602
TSLA,2026-03-26,3.0,4.0,0.5032539557242078,0.8631825363625729,24.052991850640602
TSLA,2026-03-26,3.0,8.0,0.4280889944994781,0.9873600089613285,24.052991850640602
TSLA,2026-03-26,3.0,16.0,0.41893164677003625,3.593766615178731,24.052991850640602
TSLA,2026-04-24,0.03,0.25,0.6132629467355533,2.3356152541046016,28.427174880142125
TSLA,2026-04-24,0.03,0.5,0.5232067462873136,2.224424006659792,28.427174880142125
TSLA,2026-04-24,0.03,1.0,0.4269173215031859,1.4244254426484952,28.427174880142125
TSLA,2026-04-24,0.03,2.0,0.34007172382871664,1.285705973956359,28.427174880142125
TSLA,2026-04-24,0.03,4.0,0.30894943920325335,2.9939651908226987,28.427174880142125
TSLA,2026-04-24,0.03,8.0,0.24570811085238203,13.715062607248019,28.427174880142125
TSLA,2026-04-24,0.03,16.0,0.1092019675043268,54.089953973708525,28.427174880142125
TSLA,2026-04-24,0.3,0.25,0.6883151286702816,2.0330767189804653,28.427174880142125
TSLA,2026-04-24,0.3,0.5,0.6231749290319502,2.294119261503979,28.427174880142125
TSLA,2026-04-24,0.3,1.0,0.5326817520033879,2.2961313496825535,28.427174880142125
TSLA,2026-04-24,0.3,2.0,0.43631127414525506,1.5132189101841995,28.427174880142125
TSLA,2026-04-24,0.3,4.0,0.34202307471062054,1.2847276469697768,28.427174880142125
TSLA,2026-04-24,0.3,8.0,0.3134827188548759,2.598660678527108,28.427174880142125
TSLA,2026-04-24,0.3,16.0,0.25477467015562727,11.58140056919766,28.427174880142125
TSLA,2026-04-24,3.0,0.25,0.7263306408741392,1.8970340497021416,28.427174880142125
TSLA,2026-04-24,3.0,0.5,0.6934006600513973,2.0142455384280527,28.427174880142125
TSLA,2026-04-24,3.0,1.0,0.6323842098399051,2.256571025618102,28.427174880142125
TSLA,2026-04-24,3.0,2.0,0.5414775681494174,2.365741630735971,28.427174880142125
TSLA,2026-04-24,3.0,4.0,0.4471601560372891,1.606604204682734,28.427174880142125
TSLA,2026-04-24,3.0,8.0,0.3473858006903616,1.2090591674359112,28.427174880142125
TSLA,2026-04-24,3.0,16.0,0.317691042896999,2.276378462970044,28.427174880142125
TSLA,2026-05-22,0.03,0.25,0.5511965772844136,0.6506597788700922,34.144634074800955
TSLA,2026-05-22,0.03,0.5,0.45794023750173685,0.6026824963496945,34.144634074800955
TSLA,2026-05-22,0.03,1.0,0.3302352042420817,0.7269974464791066,34.144634074800955
TSLA,2026-05-22,0.03,2.0,0.21866803594594844,1.3514458624511072,34.144634074800955
TSLA,2026-05-22,0.03,4.0,0.1523162338129678,2.603978026955266,34.144634074800955
TSLA,2026-05-22,0.03,8.0,0.05209669798539471,11.707587735095837,34.144634074800955
TSLA,2026-05-22,0.03,16.0,0.0,23.317048303488438,34.144634074800955
TSLA,2026-05-22,0.3,0.25,0.6158739452561781,0.7052109787382871,34.144634074800955
TSLA,2026-05-22,0.3,0.5,0.5595269718136333,0.6651175380146014,34.144634074800955
TSLA,2026-05-22,0.3,1.0,0.47041801309648945,0.5980153045046946,34.144634074800955
TSLA,2026-05-22,0.3,2.0,0.34582739798086654,0.6910625028891307,34.144634074800955
TSLA,2026-05-22,0.3,4.0,0.23149662775871988,1.2053959080739132,34.144634074800955
TSLA,2026-05-22,0.3,8.0,0.15986215228044473,2.5295343308364195,34.144634074800955
TSLA,2026-05-22,0.3,16.0,0.0654808079324662,10.03636053333674,34.144634074800955
TSLA,2026-05-22,3.0,0.25,0.6465751959933429,0.7180592755484416,34.144634074800955
TSLA,2026-05-22,3.0,0.5,0.6199810101097597,0.7064747781434145,34.144634074800955
TSLA,2026-05-22,3.0,1.0,0.5672883163949619,0.6752413340002416,34.144634074800955
TSLA,2026-05-22,3.0,2.0,0.48200135387027526,0.595924714505749,34.144634074800955
TSLA,2026-05-22,3.0,4.0,0.36030190845076077,0.6664559296319955,34.144634074800955
TSLA,2026-05-22,3.0,8.0,0.24342881082062526,1.1024403640673899,34.144634074800955
TSLA,2026-05-22,3.0,16.0,0.16686716246004352,2.5606883061770582,34.144634074800955
JPM,2024-10-16,0.03,0.25,0.2675302994673274,0.9359439245287304,8.861746799651721
JPM,2024-10-16,0.03,0.5,0.24101153461363356,0.7041978817931718,8.861746799651721
JPM,2024-10-16,0.03,1.0,0.23349718104967254,1.1728427388336327,8.861746799651721
JPM,2024-10-16,0.03,2.0,0.23481315794188934,2.5149539578534945,8.861746799651721
JPM,2024-10-16,0.03,4.0,0.23744610948711342,6.831276353023557,8.861746799651721
JPM,2024-10-16,0.03,8.0,0.23763350182801402,9.340183227169243,8.861746799651721
JPM,2024-10-16,0.03,16.0,0.23622247522329834,11.290800082496746,8.861746799651721
JPM,2024-10-16,0.3,0.25,0.296070317269836,1.0447399019393142,8.861746799651721
JPM,2024-10-16,0.3,0.5,0.2697782197552142,0.9543720467080307,8.861746799651721
JPM,2024-10-16,0.3,1.0,0.2446856279271068,0.7312049334779779,8.861746799651721
JPM,2024-10-16,0.3,2.0,0.23340286607379696,1.0975458449030369,8.861746799651721
JPM,2024-10-16,0.3,4.0,0.23462444777831667,2.2891171006560924,8.861746799651721
JPM,2024-10-16,0.3,8.0,0.23706854339783234,6.079058822825569,8.861746799651721
JPM,2024-10-16,0.3,16.0,0.23771440988278925,9.12814833028053,8.861746799651721
JPM,2024-10-16,3.0,0.25,0.3193463852936827,0.976982949324163,8.861746799651721
JPM,2024-10-16,3.0,0.5,0.2989035262272165,1.035533990803483,8.861746799651721
JPM,2024-10-16,3.0,1.0,0.2729775788348239,0.9715346342107755,8.861746799651721
JPM,2024-10-16,3.0,2.0,0.24823827425649392,0.7610284729956484,8.861746799651721
JPM,2024-10-16,3.0,4.0,0.23331531180602366,1.0301499302642831,8.861746799651721
JPM,2024-10-16,3.0,8.0,0.2344492647807111,2.089482870819848,8.861746799651721
JPM,2024-10-16,3.0,16.0,0.2367180420890408,5.420766636566555,8.861746799651721
JPM,2024-11-13,0.03,0.25,0.3096841808631649,0.057290280969518624,15.779198766910273
JPM,2024-11-13,0.03,0.5,0.2897877851423313,0.08153588743610553,15.779198766910273
JPM,2024-11-13,0.03,1.0,0.26005284538465046,0.13066661727904713,15.779198766910273
JPM,2024-11-13,0.03,2.0,0.22895081381056812,0.21876771698695266,15.779198766910273
JPM,2024-11-13,0.03,4.0,0.20694082191302657,0.7613590123371867,15.779198766910273
JPM,2024-11-13,0.03,8.0,0.16221756904459006,2.8127694869060624,15.779198766910273
JPM,2024-11-13,0.03,16.0,0.06747986501730446,3.034083432446596,15.779198766910273
JPM,2024-11-13,0.3,0.25,0.35375624782337584,0.04290177760350707,15.779198766910273
JPM,2024-11-13,0.3,0.5,0.31495386192644576,0.0552744469535748,15.779198766910273
JPM,2024-11-13,0.3,1.0,0.29191866097872277,0.07727888752088528,15.779198766910273
JPM,2024-11-13,0.3,2.0,0.26432073892888036,0.12865821217027226,15.779198766910273
JPM,2024-11-13,0.3,4.0,0.23052853918420235,0.19889150180115883,15.779198766910273
JPM,2024-11-13,0.3,8.0,0.210096272660295,0.653167203857483,15.779198766910273
JPM,2024-11-13,0.3,16.0,0.1688841187601145,2.74997179071125,15.779198766910273
JPM,2024-11-13,3.0,0.25,0.3764151694624934,0.03726907558393144,15.779198766910273
JPM,2024-11-13,3.0,0.5,0.3567874487826065,0.04209474776431496,15.779198766910273
JPM,2024-11-13,3.0,1.0,0.31984774762598805,0.05342913798347491,15.779198766910273
JPM,2024-11-13,3.0,2.0,0.29389786954436536,0.07354678710188677,15.779198766910273
JPM,2024-11-13,3.0,4.0,0.2682512211197564,0.1252051380255467,15.779198766910273
JPM,2024-11-13,3.0,8.0,0.231993169679556,0.18271716935752072,15.779198766910273
JPM,2024-11-13,3.0,16.0,0.21302553365100232,0.5618392708260669,15.779198766910273
JPM,2024-12-12,0.03,0.25,0.286278819560791,0.024556215488960333,15.646241185641586
JPM,2024-12-12,0.03,0.5,0.2754856264493869,0.028610099814691002,15.646241185641586
JPM,2024-12-12,0.03,1.0,0.2655980945798795,0.053820645437621,15.646241185641586
JPM,2024-12-12,0.03,2.0,0.26706446364382885,0.1829623242521462,15.646241185641586
JPM,2024-12-12,0.03,4.0,0.26996541665308377,0.7501736797840497,15.646241185641586
JPM,2024-12-12,0.03,8.0,0.2745414379395814,2.112116593400376,15.646241185641586
JPM,2024-12-12,0.03,16.0,0.27697636381349877,2.804479088458169,15.646241185641586
JPM,2024-12-12,0.3,0.25,0.3067006847674878,0.01989962480234361,15.646241185641586
JPM,2024-12-12,0.3,0.5,0.288104760871915,0.024472386939934008,15.646241185641586
JPM,2024-12-12,0.3,1.0,0.27701193488305426,0.02756245616919886,15.646241185641586
JPM,2024-12-12,0.3,2.0,0.26549169396148764,0.04863751250632758,15.646241185641586
JPM,2024-12-12,0.3,4.0,0.26685504981838637,0.15792059338425404,15.646241185641586
JPM,2024-12-12,0.3,8.0,0.269550836716942,0.643895271953252,15.646241185641586
JPM,2024-12-12,0.3,16.0,0.27419013504690515,2.046764562465897,15.646241185641586
JPM,2024-12-12,3.0,0.25,0.31883968185058603,0.017580303519044434,15.646241185641586
JPM,2024-12-12,3.0,0.5,0.30832437296362675,0.01955490316627633,15.646241185641586
JPM,2024-12-12,3.0,1.0,0.2904813970974614,0.02426318711478561,15.646241185641586
JPM,2024-12-12,3.0,2.0,0.2784252576280344,0.026733083091697495,15.646241185641586
JPM,2024-12-12,3.0,4.0,0.2653929203770442,0.044321420274468344,15.646241185641586
JPM,2024-12-12,3.0,8.0,0.2666606472436308,0.1366370261321854,15.646241185641586
JPM,2024-12-12,3.0,16.0,0.2691659431484592,0.5528056961786745,15.646241185641586
JPM,2025-01-14,0.03,0.25,0.2570908553354494,0.16330694291284564,10.319109889271205
JPM,2025-01-14,0.03,0.5,0.2434125047206321,0.24598374712075655,10.319109889271205
JPM,2025-01-14,0.03,1.0,0.24012155996898502,0.5042869210423429,10.319109889271205
JPM,2025-01-14,0.03,2.0,0.23504305133391293,1.1727327480523735,10.319109889271205
JPM,2025-01-14,0.03,4.0,0.22780808088376076,1.631310432994047,10.319109889271205
JPM,2025-01-14,0.03,8.0,0.21225796778411876,2.2179897893630396,10.319109889271205
JPM,2025-01-14,0.03,16.0,0.17738779842003446,3.3687366750200756,10.319109889271205
JPM,2025-01-14,0.3,0.25,0.267750215048377,0.1288179742055198,10.319109889271205
JPM,2025-01-14,0.3,0.5,0.25807185376707026,0.15844361371214777,10.319109889271205
JPM,2025-01-14,0.3,1.0,0.2453707109847794,0.23241730530792576,10.319109889271205
JPM,2025-01-14,0.3,2.0,0.24052106168323537,0.46472739932200197,10.319109889271205
JPM,2025-01-14,0.3,4.0,0.23571071285222694,1.0656994138537994,10.319109889271205
JPM,2025-01-14,0.3,8.0,0.22877908281186332,1.5901767282429908,10.319109889271205
JPM,2025-01-14,0.3,16.0,0.21469610362955316,2.139508585277714,10.319109889271205
JPM,2025-01-14,3.0,0.25,0.2794641368414461,0.11220507897746645,10.319109889271205
JPM,2025-01-14,3.0,0.5,0.26931730605958526,0.12649469673082556,10.319109889271205
JPM,2025-01-14,3.0,1.0,0.2589825320402708,0.1540557886065739,10.319109889271205
JPM,2025-01-14,3.0,2.0,0.2471888311170836,0.2203341093893375,10.319109889271205
JPM,2025-01-14,3.0,4.0,0.24089192622240999,0.429730538799804,10.319109889271205
JPM,2025-01-14,3.0,8.0,0.23633051490183474,0.9720307690941513,10.319109889271205
JPM,2025-01-14,3.0,16.0,0.22968048115324274,1.5570667400851415,10.319109889271205
JPM,2025-02-12,0.03,0.25,0.18369532120535248,0.06972274703261706,9.663476970904552
JPM,2025-02-12,0.03,0.5,0.1559801999682036,0.051047480863740315,9.663476970904552
JPM,2025-02-12,0.03,1.0,0.1370949790246606,0.0940825074755074,9.663476970904552
JPM,2025-02-12,0.03,2.0,0.10042542622032755,0.28239275141530384,9.663476970904552
JPM,2025-02-12,0.03,4.0,0.030505509404132623,0.7223067967101726,9.663476970904552
JPM,2025-02-12,0.03,8.0,0.0,1.2125700941297863,9.663476970904552
JPM,2025-02-12,0.03,16.0,0.0,1.2125700941297863,9.663476970904552
JPM,2025-02-12,0.3,0.25,0.19987735202913834,0.07409513331527305,9.663476970904552
JPM,2025-02-12,0.3,0.5,0.18585917427697962,0.06996801431043363,9.663476970904552
JPM,2025-02-12,0.3,1.0,0.15865292035272915,0.052826903111332896,9.663476970904552
JPM,2025-02-12,0.3,2.0,0.1397957854245709,0.08370352113849322,9.663476970904552
JPM,2025-02-12,0.3,4.0,0.1055320924137599,0.28678836018871606,9.663476970904552
JPM,2025-02-12,0.3,8.0,0.04022754012222867,0.6200176635964015,9.663476970904552
JPM,2025-02-12,0.3,16.0,0.0,1.2125700941297863,9.663476970904552
JPM,2025-02-12,3.0,0.25,0.20754750182149956,0.07761150700210158,9.663476970904552
JPM,2025-02-12,3.0,0.5,0.20088283603118492,0.07455862635090417,9.663476970904552
JPM,2025-02-12,3.0,1.0,0.18786791752794813,0.07028828424491342,9.663476970904552
JPM,2025-02-12,3.0,2.0,0.16214435525118245,0.056477312964012635,9.663476970904552
JPM,2025-02-12,3.0,4.0,0.142310212787308,0.07518297819646937,9.663476970904552
JPM,2025-02-12,3.0,8.0,0.11035751831653569,0.25915538900334106,9.663476970904552
JPM,2025-02-12,3.0,16.0,0.049356224515140566,0.5357874915781182,9.663476970904552
JPM,2025-03-13,0.03,0.25,0.42226706297634264,0.7551549956421326,10.343954513424695
JPM,2025-03-13,0.03,0.5,0.3824829542473491,0.9734243947248575,10.343954513424695
JPM,2025-03-13,0.03,1.0,0.35842815408758244,1.1043218174741307,10.343954513424695
JPM,2025-03-13,0.03,2.0,0.31752906014095117,1.2905391130868342,10.343954513424695
JPM,2025-03-13,0.03,4.0,0.2552191330980964,1.2841828452242416,10.343954513424695
JPM,2025-03-13,0.03,8.0,0.25865373060585795,4.049622699129556,10.343954513424695
JPM,2025-03-13,0.03,16.0,0.2598318918015212,13.379194929129651,10.343954513424695
JPM,2025-03-13,0.3,0.25,0.4545117720133328,0.65965427137577,10.343954513424695
JPM,2025-03-13,0.3,0.5,0.4254909055556079,0.7397767331272322,10.343954513424695
JPM,2025-03-13,0.3,1.0,0.3867792280872982,0.9707596953678324,10.343954513424695
JPM,2025-03-13,0.3,2.0,0.36143502730111043,1.073581390671478,10.343954513424695
JPM,2025-03-13,0.3,4.0,0.323279286831305,1.2929942636575005,10.343954513424695
JPM,2025-03-13,0.3,8.0,0.2548337511945478,1.2403370101397764,10.343954513424695
JPM,2025-03-13,0.3,16.0,0.25835986431836677,3.3927285120776656,10.343954513424695
JPM,2025-03-13,3.0,0.25,0.4729433010764349,0.6214936109447213,10.343954513424695
JPM,2025-03-13,3.0,0.5,0.45678776551657946,0.654347506836175,10.343954513424695
JPM,2025-03-13,3.0,1.0,0.4289404252171053,0.7277515016360738,10.343954513424695
JPM,2025-03-13,3.0,2.0,0.39228054709812493,0.9390625027847027,10.343954513424695
JPM,2025-03-13,3.0,4.0,0.3642263611275106,1.048675500307889,10.343954513424695
JPM,2025-03-13,3.0,8.0,0.32861725742751924,1.306385287595743,10.343954513424695
JPM,2025-03-13,3.0,16.0,0.258233485054251,1.2003067974317507,10.343954513424695
JPM,2025-04-10,0.03,0.25,0.2576968474119181,0.022220974853416273,18.02163470845475
JPM,2025-04-10,0.03,0.5,0.251796784536151,0.03234676625550337,18.02163470845475
JPM,2025-04-10,0.03,1.0,0.25250547848364147,0.06911486709139608,18.02163470845475
JPM,2025-04-10,0.03,2.0,0.2539228408264517,0.20521592529692825,18.02163470845475
JPM,2025-04-10,0.03,4.0,0.25675668205600466,0.7276429056229703,18.02163470845475
JPM,2025-04-10,0.03,8.0,0.2620845427585883,2.6078600009416935,18.02163470845475
JPM,2025-04-10,0.03,16.0,0.265303603213375,4.251082690821736,18.02163470845475
JPM,2025-04-10,0.3,0.25,0.26643963258152936,0.018865265091771354,18.02163470845475
JPM,2025-04-10,0.3,0.5,0.25834849680913363,0.021738744356438536,18.02163470845475
JPM,2025-04-10,0.3,1.0,0.2517459742195189,0.030512025404650603,18.02163470845475
JPM,2025-04-10,0.3,2.0,0.2524038787855454,0.0625630439154771,18.02163470845475
JPM,2025-04-10,0.3,4.0,0.25371964143025977,0.1805813894334378,18.02163470845475
JPM,2025-04-10,0.3,8.0,0.2563510502398792,0.6322825418653527,18.02163470845475
JPM,2025-04-10,0.3,16.0,0.2614845376857121,2.3399570137059134,18.02163470845475
JPM,2025-04-10,3.0,0.25,0.27493913350867405,0.01721191058915769,18.02163470845475
JPM,2025-04-10,3.0,0.5,0.267576438247941,0.018619972929122323,18.02163470845475
JPM,2025-04-10,3.0,1.0,0.25895343452224284,0.021318026956081988,18.02163470845475
JPM,2025-04-10,3.0,2.0,0.25169880609985645,0.02890472921172615,18.02163470845475
JPM,2025-04-10,3.0,4.0,0.2523095619807093,0.056864525182572505,18.02163470845475
JPM,2025-04-10,3.0,8.0,0.25353100782058746,0.15924733261929022,18.02163470845475
JPM,2025-04-10,3.0,16.0,0.25597389950034377,0.5498706587445618,18.02163470845475
JPM,2025-05-09,0.03,0.25,0.2805007275905302,0.024336257909696336,18.234652950300706
JPM,2025-05-09,0.03,0.5,0.2758691314818562,0.02791881820104475,18.234652950300706
JPM,2025-05-09,0.03,1.0,0.2766153527131604,0.04538407518728857,18.234652950300706
JPM,2025-05-09,0.03,2.0,0.27810059093167655,0.1371706336913695,18.234652950300706
JPM,2025-05-09,0.03,4.0,0.2810529440610639,0.5382119315021563,18.234652950300706
JPM,2025-05-09,0.03,8.0,0.2864981265934127,2.0649613683047003,18.234652950300706
JPM,2025-05-09,0.03,16.0,0.28863144097990195,3.370020414395917,18.234652950300706
JPM,2025-05-09,0.3,0.25,0.2984490318829117,0.022465019611786433,18.234652950300706
JPM,2025-05-09,0.3,0.5,0.2821030742747541,0.024132654277234353,18.234652950300706
JPM,2025-05-09,0.3,1.0,0.2758154497929593,0.02739513776366552,18.234652950300706
JPM,2025-05-09,0.3,2.0,0.2765088875207082,0.041719712693359744,18.234652950300706
JPM,2025-05-09,0.3,4.0,0.27788766054677205,0.1193514018333905,18.234652950300706
JPM,2025-05-09,0.3,8.0,0.2806311880679946,0.4633586060840915,18.234652950300706
JPM,2025-05-09,0.3,16.0,0.28585757854401594,1.8180021416821646,18.234652950300706
JPM,2025-05-09,3.0,0.25,0.3102403883500975,0.021224853520165683,18.234652950300706
JPM,2025-05-09,3.0,0.5,0.2997671835076484,0.022318472923059007,18.234652950300706
JPM,2025-05-09,3.0,1.0,0.2839227829381278,0.023967431357594094,18.234652950300706
JPM,2025-05-09,3.0,2.0,0.2757656161274087,0.026996493221192,18.234652950300706
JPM,2025-05-09,3.0,4.0,0.2764100539910172,0.03866705945786154,18.234652950300706
JPM,2025-05-09,3.0,8.0,0.27768999348739015,0.10420565059559102,18.234652950300706
JPM,2025-05-09,3.0,16.0,0.2802389142924566,0.399039913407095,18.234652950300706
JPM,2025-06-09,0.03,0.25,0.3040101425933981,0.01735103634810878,17.57259474310478
JPM,2025-06-09,0.03,0.5,0.2899961480410139,0.020617812584093058,17.57259474310478
JPM,2025-06-09,0.03,1.0,0.28517452231068185,0.04122002494750914,17.57259474310478
JPM,2025-06-09,0.03,2.0,0.28627804410800384,0.15060537166068322,17.57259474310478
JPM,2025-06-09,0.03,4.0,0.28848196898429923,0.6475298168072265,17.57259474310478
JPM,2025-06-09,0.03,8.0,0.29227129927333556,2.5363570386026777,17.57259474310478
JPM,2025-06-09,0.03,16.0,0.29200964383973615,5.5254474070536705,17.57259474310478
JPM,2025-06-09,0.3,0.25,0.31923553270294175,0.01679268542557534,17.57259474310478
JPM,2025-06-09,0.3,0.5,0.3054058452298294,0.017341816038646672,17.57259474310478
JPM,2025-06-09,0.3,1.0,0.2915862854174863,0.019901698654922043,17.57259474310478
JPM,2025-06-09,0.3,2.0,0.2850954816308263,0.03694116251422275,17.57259474310478
JPM,2025-06-09,0.3,4.0,0.28611976981393294,0.12922829617806839,17.57259474310478
JPM,2025-06-09,0.3,8.0,0.28816678058667655,0.553596581571217,17.57259474310478
JPM,2025-06-09,0.3,16.0,0.291954748707825,2.249426518668878,17.57259474310478
JPM,2025-06-09,3.0,0.25,0.33203426772341005,0.015445291495589203,17.57259474310478
JPM,2025-06-09,3.0,0.5,0.3206938411801306,0.016610689223924568,17.57259474310478
JPM,2025-06-09,3.0,1.0,0.3067201528101742,0.017360979306137187,17.57259474310478
JPM,2025-06-09,3.0,2.0,0.2930624381955954,0.019359521093838466,17.57259474310478
JPM,2025-06-09,3.0,4.0,0.28502210676342254,0.033395738804672975,17.57259474310478
JPM,2025-06-09,3.0,8.0,0.2859728409747313,0.1110902306195637,17.57259474310478
JPM,2025-06-09,3.0,16.0,0.28787349278615004,0.4731219369579861,17.57259474310478
JPM,2025-07-09,0.03,0.25,0.35862775279300335,0.02913878487733378,8.578068575320327
JPM,2025-07-09,0.03,0.5,0.3240221545209473,0.04348385719562159,8.578068575320327
JPM,2025-07-09,0.03,1.0,0.29590785706406614,0.08378579226129369,8.578068575320327
JPM,2025-07-09,0.03,2.0,0.2970340034805933,0.2904049082836141,8.578068575320327
JPM,2025-07-09,0.03,4.0,0.2992152472951201,1.2770823153495234,8.578068575320327
JPM,2025-07-09,0.03,8.0,0.30035906204364826,3.62853679655958,8.578068575320327
JPM,2025-07-09,0.03,16.0,0.30006507849068553,4.155813321812885,8.578068575320327
JPM,2025-07-09,0.3,0.25,0.41043440250172886,0.022581788993681268,8.578068575320327
JPM,2025-07-09,0.3,0.5,0.36403969068290876,0.02904048212696786,8.578068575320327
JPM,2025-07-09,0.3,1.0,0.3268904818549845,0.04066461927842046,8.578068575320327
JPM,2025-07-09,0.3,2.0,0.2958271268742426,0.07655042033920247,8.578068575320327
JPM,2025-07-09,0.3,4.0,0.2968726198241345,0.2486807027464331,8.578068575320327
JPM,2025-07-09,0.3,8.0,0.29895075510657043,1.0996182775205432,8.578068575320327
JPM,2025-07-09,0.3,16.0,0.30031307072998564,3.5930225076911144,8.578068575320327
JPM,2025-07-09,3.0,0.25,0.44455734349678466,0.01873550265536127,8.578068575320327
JPM,2025-07-09,3.0,0.5,0.4143771350457133,0.022023936700331245,8.578068575320327
JPM,2025-07-09,3.0,1.0,0.369063688778507,0.029034495222432673,8.578068575320327
JPM,2025-07-09,3.0,2.0,0.329546448149703,0.03788146951858321,8.578068575320327
JPM,2025-07-09,3.0,4.0,0.29575218360471855,0.070740851455762,8.578068575320327
JPM,2025-07-09,3.0,8.0,0.2967227332850863,0.2135654082418531,8.578068575320327
JPM,2025-07-09,3.0,16.0,0.2986529665938668,0.9360874845400061,8.578068575320327
JPM,2025-08-06,0.03,0.25,0.34739498523664836,0.0173966137376852,10.675058917279934
JPM,2025-08-06,0.03,0.5,0.32188580547791074,0.024855904697225394,10.675058917279934
JPM,2025-08-06,0.03,1.0,0.30141557247275064,0.06670153882930908,10.675058917279934
JPM,2025-08-06,0.03,2.0,0.30272458401546365,0.30342511925694976,10.675058917279934
JPM,2025-08-06,0.03,4.0,0.3053426071008897,1.3945562885759353,10.675058917279934
JPM,2025-08-06,0.03,8.0,0.30810436952011044,3.2984675543761104,10.675058917279934
JPM,2025-08-06,0.03,16.0,0.3090728076980146,3.515175928974267,10.675058917279934
JPM,2025-08-06,0.3,0.25,0.3833455711687347,0.019013151714222125,10.675058917279934
JPM,2025-08-06,0.3,0.5,0.35173186726525096,0.017396965728829757,10.675058917279934
JPM,2025-08-06,0.3,1.0,0.32489513461393515,0.02298116090374945,10.675058917279934
JPM,2025-08-06,0.3,2.0,0.30132173960198305,0.05764113745157011,10.675058917279934
JPM,2025-08-06,0.3,4.0,0.30253691827392837,0.2568442943885224,10.675058917279934
JPM,2025-08-06,0.3,8.0,0.3049672756178192,1.1875545503872993,10.675058917279934
JPM,2025-08-06,0.3,16.0,0.30789758829582825,3.276290408554981,10.675058917279934
JPM,2025-08-06,3.0,0.25,0.4101106086209022,0.020578419729929836,10.675058917279934
JPM,2025-08-06,3.0,0.5,0.3860149395685435,0.019148094431226777,10.675058917279934
JPM,2025-08-06,3.0,1.0,0.3557578719045824,0.017469860741164002,10.675058917279934
JPM,2025-08-06,3.0,2.0,0.3276887483168225,0.021521100507613865,10.675058917279934
JPM,2025-08-06,3.0,4.0,0.3012346328809469,0.05017712617952022,10.675058917279934
JPM,2025-08-06,3.0,8.0,0.3023627048318561,0.21739016827673402,10.675058917279934
JPM,2025-08-06,3.0,16.0,0.3046188487336745,1.010541883892987,10.675058917279934
JPM,2025-09-04,0.03,0.25,0.5371310782863734,0.04530198092984694,9.109404607045018
JPM,2025-09-04,0.03,0.5,0.4304444155766965,0.07988814477148871,9.109404607045018
JPM,2025-09-04,0.03,1.0,0.3196486661757276,0.21281155781491626,9.109404607045018
JPM,2025-09-04,0.03,2.0,0.15944634575724811,0.42560228965233937,9.109404607045018
JPM,2025-09-04,0.03,4.0,0.07929468799522352,1.5376543123935933,9.109404607045018
JPM,2025-09-04,0.03,8.0,0.0,3.124767675186884,9.109404607045018
JPM,2025-09-04,0.03,16.0,0.0,3.124767675186884,9.109404607045018
JPM,2025-09-04,0.3,0.25,0.625918627533207,0.04904629169173722,9.109404607045018
JPM,2025-09-04,0.3,0.5,0.5478282145985582,0.04501167313891367,9.109404607045018
JPM,2025-09-04,0.3,1.0,0.44321966806858654,0.0739607724930992,9.109404607045018
JPM,2025-09-04,0.3,2.0,0.33131198109698723,0.19159506249040473,9.109404607045018
JPM,2025-09-04,0.3,4.0,0.18060292811303125,0.3956927875859511,9.109404607045018
JPM,2025-09-04,0.3,8.0,0.09084630585330641,1.3103572627269002,9.109404607045018
JPM,2025-09-04,0.3,16.0,0.0,3.124767675186884,9.109404607045018
JPM,2025-09-04,3.0,0.25,0.6811842107441989,0.05568060199418294,9.109404607045018
JPM,2025-09-04,3.0,0.5,0.6331027982725277,0.049742031138027436,9.109404607045018
JPM,2025-09-04,3.0,1.0,0.5577585562902124,0.0449753548606006,9.109404607045018
JPM,2025-09-04,3.0,2.0,0.4550730565491309,0.0671328377697302,9.109404607045018
JPM,2025-09-04,3.0,4.0,0.3421141859318338,0.17212435427387415,9.109404607045018
JPM,2025-09-04,3.0,8.0,0.20214871985451482,0.37164014246036015,9.109404607045018
JPM,2025-09-04,3.0,16.0,0.10155650144356644,1.089934990316041,9.109404607045018
JPM,2025-10-02,0.03,0.25,0.5987187224015008,0.09666426212189312,8.610973102654778
JPM,2025-10-02,0.03,0.5,0.4403017342129792,0.16393047627429252,8.610973102654778
JPM,2025-10-02,0.03,1.0,0.29065651003990706,0.3209064773391207,8.610973102654778
JPM,2025-10-02,0.03,2.0,0.16172534352196796,0.6267773614880978,8.610973102654778
JPM,2025-10-02,0.03,4.0,0.07039869502231513,2.4992708558878536,8.610973102654778
JPM,2025-10-02,0.03,8.0,0.0,3.9420358332251193,8.610973102654778
JPM,2025-10-02,0.03,16.0,0.0,3.9420358332251193,8.610973102654778
JPM,2025-10-02,0.3,0.25,0.7217082401760899,0.08462341000071336,8.610973102654778
JPM,2025-10-02,0.3,0.5,0.6145211127709267,0.09384462789520655,8.610973102654778
JPM,2025-10-02,0.3,1.0,0.46015493293298754,0.15183690280184037,8.610973102654778
JPM,2025-10-02,0.3,2.0,0.3090786263198378,0.3040682180204951,8.610973102654778
JPM,2025-10-02,0.3,4.0,0.16801908088950945,0.5717049227775051,8.610973102654778
JPM,2025-10-02,0.3,8.0,0.0837323082063211,2.07158580593195,8.610973102654778
JPM,2025-10-02,0.3,16.0,0.0,3.9420358332251193,8.610973102654778
JPM,2025-10-02,3.0,0.25,0.791413055950524,0.08594939766485123,8.610973102654778
JPM,2025-10-02,3.0,0.5,0.7300458206541819,0.08451733638991407,8.610973102654778
JPM,2025-10-02,3.0,1.0,0.6294042654843045,0.09160092454086094,8.610973102654778
JPM,2025-10-02,3.0,2.0,0.48034265749695587,0.14223417045470155,8.610973102654778
JPM,2025-10-02,3.0,4.0,0.32618495575307205,0.28991813772565256,8.610973102654778
JPM,2025-10-02,3.0,8.0,0.17388201846209178,0.5320896701240849,8.610973102654778
JPM,2025-10-02,3.0,16.0,0.09606808554190296,1.7177016171237363,8.610973102654778
JPM,2025-10-30,0.03,0.25,0.5620492722679774,0.16703181537425252,10.93745970085708
JPM,2025-10-30,0.03,0.5,0.47932117027971705,0.14050734464267453,10.93745970085708
JPM,2025-10-30,0.03,1.0,0.38971653367297066,0.15616502092420353,10.93745970085708
JPM,2025-10-30,0.03,2.0,0.31284873979201844,0.3705486959504741,10.93745970085708
JPM,2025-10-30,0.03,4.0,0.3018549454057124,2.0700709765151544,10.93745970085708
JPM,2025-10-30,0.03,8.0,0.27723258604059114,6.247655951574594,10.93745970085708
JPM,2025-10-30,0.03,16.0,0.22415119570611108,6.892437116993406,10.93745970085708
JPM,2025-10-30,0.3,0.25,0.6250508672094164,0.19621133830165263,10.93745970085708
JPM,2025-10-30,0.3,0.5,0.5703581275936728,0.17003225842124003,10.93745970085708
JPM,2025-10-30,0.3,1.0,0.4884355678691473,0.1418895233202591,10.93745970085708
JPM,2025-10-30,0.3,2.0,0.40259697079399226,0.14950577807618412,10.93745970085708
JPM,2025-10-30,0.3,4.0,0.3136303696135271,0.32976606463657054,10.93745970085708
JPM,2025-10-30,0.3,8.0,0.30343172133264085,1.6923472505993948,10.93745970085708
JPM,2025-10-30,0.3,16.0,0.280977987877995,6.187613280387186,10.93745970085708
JPM,2025-10-30,3.0,0.25,0.6616300407309738,0.20652699253840953,10.93745970085708
JPM,2025-10-30,3.0,0.5,0.6295646581841245,0.19850289571953922,10.93745970085708
JPM,2025-10-30,3.0,1.0,0.5780713856136428,0.17306938842615416,10.93745970085708
JPM,2025-10-30,3.0,2.0,0.49795117685176793,0.14414188959040192,10.93745970085708
JPM,2025-10-30,3.0,4.0,0.4145541094165893,0.14686713053367134,10.93745970085708
JPM,2025-10-30,3.0,8.0,0.31435597046383373,0.30248189228061456,10.93745970085708
JPM,2025-10-30,3.0,16.0,0.3048954704397491,1.3819786748194383,10.93745970085708
JPM,2025-11-28,0.03,0.25,0.37389581631017926,0.2346567620034308,11.350346119898306
JPM,2025-11-28,0.03,0.5,0.2991513497029886,0.2998869695424126,11.350346119898306
JPM,2025-11-28,0.03,1.0,0.24693520113655149,0.3423097157962101,11.350346119898306
JPM,2025-11-28,0.03,2.0,0.21359289932140116,0.9288102260293943,11.350346119898306
JPM,2025-11-28,0.03,4.0,0.15505783238872783,3.050991285606702,11.350346119898306
JPM,2025-11-28,0.03,8.0,0.02962674060562434,6.62209960494981,11.350346119898306
JPM,2025-11-28,0.03,16.0,0.0,7.495086913164303,11.350346119898306
JPM,2025-11-28,0.3,0.25,0.45190048795722726,0.21991395781288156,11.350346119898306
JPM,2025-11-28,0.3,0.5,0.3835737686192826,0.23266256323607112,11.350346119898306
JPM,2025-11-28,0.3,1.0,0.3029264651884229,0.28654589114709295,11.350346119898306
JPM,2025-11-28,0.3,2.0,0.25443057005747194,0.3270014483145236,11.350346119898306
JPM,2025-11-28,0.3,4.0,0.2179297769147767,0.8035184799330185,11.350346119898306
JPM,2025-11-28,0.3,8.0,0.1633657695764909,2.6195981155146617,11.350346119898306
JPM,2025-11-28,0.3,16.0,0.04793782984391197,6.18041967034471,11.350346119898306
JPM,2025-11-28,3.0,0.25,0.49256827450191804,0.21306193195366302,11.350346119898306
JPM,2025-11-28,3.0,0.5,0.4570574326031121,0.21925045936234983,11.350346119898306
JPM,2025-11-28,3.0,1.0,0.39254842674282986,0.23062845283849304,11.350346119898306
JPM,2025-11-28,3.0,2.0,0.3084783985416047,0.27491866757777056,11.350346119898306
JPM,2025-11-28,3.0,4.0,0.2613886541949024,0.3162954781858565,11.350346119898306
JPM,2025-11-28,3.0,8.0,0.2219591431170871,0.6988889640446498,11.350346119898306
JPM,2025-11-28,3.0,16.0,0.1710780847453079,2.265038153038222,11.350346119898306
JPM,2025-12-29,0.03,0.25,0.31031024674415075,0.13501154740868848,13.467019277762532
JPM,2025-12-29,0.03,0.5,0.2620579462470815,0.1948015415219422,13.467019277762532
JPM,2025-12-29,0.03,1.0,0.207573087813611,0.3168880696497381,13.467019277762532
JPM,2025-12-29,0.03,2.0,0.14500970904496657,0.5842152089718577,13.467019277762532
JPM,2025-12-29,0.03,4.0,0.07986930353252973,1.1150458512460004,13.467019277762532
JPM,2025-12-29,0.03,8.0,0.0,3.5121619679503824,13.467019277762532
JPM,2025-12-29,0.03,16.0,0.0,3.5121619679503824,13.467019277762532
JPM,2025-12-29,0.3,0.25,0.3609607055762973,0.12372159281757393,13.467019277762532
JPM,2025-12-29,0.3,0.5,0.31584138046207555,0.13222020256095096,13.467019277762532
JPM,2025-12-29,0.3,1.0,0.2679376047347756,0.18430211370181054,13.467019277762532
JPM,2025-12-29,0.3,2.0,0.21531614209415081,0.30049164787402466,13.467019277762532
JPM,2025-12-29,0.3,4.0,0.14974020024652257,0.5329778140571113,13.467019277762532
JPM,2025-12-29,0.3,8.0,0.08917581677885124,1.0073693421822203,13.467019277762532
JPM,2025-12-29,0.3,16.0,0.0,3.5121619679503824,13.467019277762532
JPM,2025-12-29,3.0,0.25,0.39548112037849575,0.12278053464889288,13.467019277762532
JPM,2025-12-29,3.0,0.5,0.36460200892562644,0.12346440333121081,13.467019277762532
JPM,2025-12-29,3.0,1.0,0.3214578134279015,0.13041910197040132,13.467019277762532
JPM,2025-12-29,3.0,2.0,0.27444015075351774,0.17608285609768173,13.467019277762532
JPM,2025-12-29,3.0,4.0,0.22252516423846203,0.28583731427986625,13.467019277762532
JPM,2025-12-29,3.0,8.0,0.15413159927425174,0.494980832918889,13.467019277762532
JPM,2025-12-29,3.0,16.0,0.0978152183716503,0.9497922019293992,13.467019277762532
JPM,2026-01-28,0.03,0.25,0.3181366453130088,0.09381281108056787,14.070594719085376
JPM,2026-01-28,0.03,0.5,0.2377500090605371,0.112684217264392,14.070594719085376
JPM,2026-01-28,0.03,1.0,0.21536864926217172,0.25523494890588627,14.070594719085376
JPM,2026-01-28,0.03,2.0,0.1891236690295116,0.628409557224587,14.070594719085376
JPM,2026-01-28,0.03,4.0,0.13968115160098696,1.6721420470349004,14.070594719085376
JPM,2026-01-28,0.03,8.0,0.039520473083557967,6.0120110930755395,14.070594719085376
JPM,2026-01-28,0.03,16.0,0.0,7.700024597778339,14.070594719085376
JPM,2026-01-28,0.3,0.25,0.37984575434000833,0.08287984099335811,14.070594719085376
JPM,2026-01-28,0.3,0.5,0.32538675455131855,0.09180594611046891,14.070594719085376
JPM,2026-01-28,0.3,1.0,0.24744893328520348,0.11071667729974606,14.070594719085376
JPM,2026-01-28,0.3,2.0,0.21731201655068744,0.22810839171471792,14.070594719085376
JPM,2026-01-28,0.3,4.0,0.192752552080968,0.5688000250381198,14.070594719085376
JPM,2026-01-28,0.3,8.0,0.14672680780131306,1.5202079095053362,14.070594719085376
JPM,2026-01-28,0.3,16.0,0.054186623441581275,5.17707226009778,14.070594719085376
JPM,2026-01-28,3.0,0.25,0.4148653918533441,0.08162017962754113,14.070594719085376
JPM,2026-01-28,3.0,0.5,0.3845301863187625,0.08257690008431791,14.070594719085376
JPM,2026-01-28,3.0,1.0,0.3321171597679207,0.09013581383618328,14.070594719085376
JPM,2026-01-28,3.0,2.0,0.25645261696105703,0.10963118104593109,14.070594719085376
JPM,2026-01-28,3.0,4.0,0.21911607893188403,0.2052676384131173,14.070594719085376
JPM,2026-01-28,3.0,8.0,0.19616929540614375,0.5183454813814996,14.070594719085376
JPM,2026-01-28,3.0,16.0,0.1532674156302947,1.403735360529285,14.070594719085376
JPM,2026-02-26,0.03,0.25,0.42617750867198023,0.11644294051013813,15.199444447563723
JPM,2026-02-26,0.03,0.5,0.3268535471608808,0.15690118216401452,15.199444447563723
JPM,2026-02-26,0.03,1.0,0.2618127748745792,0.2143975859118399,15.199444447563723
JPM,2026-02-26,0.03,2.0,0.17014033903290465,0.3754752401763514,15.199444447563723
JPM,2026-02-26,0.03,4.0,0.08316676707627,1.577663846476794,15.199444447563723
JPM,2026-02-26,0.03,8.0,0.0,3.491298721389066,15.199444447563723
JPM,2026-02-26,0.03,16.0,0.0,3.491298721389066,15.199444447563723
JPM,2026-02-26,0.3,0.25,0.48204660902883967,0.09302322086917666,15.199444447563723
JPM,2026-02-26,0.3,0.5,0.43331064391253005,0.11276335839684054,15.199444447563723
JPM,2026-02-26,0.3,1.0,0.3411081423045339,0.1498680131503542,15.199444447563723
JPM,2026-02-26,0.3,2.0,0.2692900613041727,0.2095608214164949,15.199444447563723
JPM,2026-02-26,0.3,4.0,0.17637314372561463,0.34454260478596815,15.199444447563723
JPM,2026-02-26,0.3,8.0,0.0956514999266048,1.3340955185966377,15.199444447563723
JPM,2026-02-26,0.3,16.0,0.0,3.491298721389066,15.199444447563723
JPM,2026-02-26,3.0,0.25,0.5147476153564694,0.0845639192728247,15.199444447563723
JPM,2026-02-26,3.0,0.5,0.4858841834355524,0.09183487431780812,15.199444447563723
JPM,2026-02-26,3.0,1.0,0.43993347251803044,0.10951426575027204,15.199444447563723
JPM,2026-02-26,3.0,2.0,0.3543409679884124,0.14391380427016554,15.199444447563723
JPM,2026-02-26,3.0,4.0,0.27623135914363783,0.2068050920130048,15.199444447563723
JPM,2026-02-26,3.0,8.0,0.18666190269640404,0.3228948947379847,15.199444447563723
JPM,2026-02-26,3.0,16.0,0.1072275136641754,1.1172375733803064,15.199444447563723
JPM,2026-03-26,0.03,0.25,0.3908585939763147,0.047241903514474104,13.539666434752542
JPM,2026-03-26,0.03,0.5,0.32484304988345664,0.06252674073859896,13.539666434752542
JPM,2026-03-26,0.03,1.0,0.29006295552849504,0.1488534042195924,13.539666434752542
JPM,2026-03-26,0.03,2.0,0.2824368903802761,0.4939441300940439,13.539666434752542
JPM,2026-03-26,0.03,4.0,0.2671823242803276,2.07629147034926,13.539666434752542
JPM,2026-03-26,0.03,8.0,0.23456187204010087,5.9649670788931815,13.539666434752542
JPM,2026-03-26,0.03,16.0,0.16481544876686005,10.413702693264561,13.539666434752542
JPM,2026-03-26,0.3,0.25,0.4556004347370608,0.04665176727112428,13.539666434752542
JPM,2026-03-26,0.3,0.5,0.3986357260779144,0.04667607096945914,13.539666434752542
JPM,2026-03-26,0.3,1.0,0.3302479353478809,0.05906481176407003,13.539666434752542
JPM,2026-03-26,0.3,2.0,0.2906096089094387,0.1355379874825273,13.539666434752542
JPM,2026-03-26,0.3,4.0,0.2835301971421633,0.4262111898343663,13.539666434752542
JPM,2026-03-26,0.3,8.0,0.2693694728386624,1.7763895031477555,13.539666434752542
JPM,2026-03-26,0.3,16.0,0.23946107710310902,5.452950745729343,13.539666434752542
JPM,2026-03-26,3.0,0.25,0.489196620406705,0.04835846234557288,13.539666434752542
JPM,2026-03-26,3.0,0.5,0.4596994983312298,0.0467808876572535,13.539666434752542
JPM,2026-03-26,3.0,1.0,0.40660663463870755,0.046271941119024884,13.539666434752542
JPM,2026-03-26,3.0,2.0,0.335271633155521,0.0562014623114474,13.539666434752542
JPM,2026-03-26,3.0,4.0,0.29111707695520767,0.12454459660513276,13.539666434752542
JPM,2026-03-26,3.0,8.0,0.2845451332337012,0.3688036862027136,13.539666434752542
JPM,2026-03-26,3.0,16.0,0.27139984170382625,1.5198684085384615,13.539666434752542
JPM,2026-04-24,0.03,0.25,0.46004407246187506,0.12246533255653208,12.70442050319173
JPM,2026-04-24,0.03,0.5,0.40254655511101856,0.16455845754010498,12.70442050319173
JPM,2026-04-24,0.03,1.0,0.3515160930886243,0.3297285124005158,12.70442050319173
JPM,2026-04-24,0.03,2.0,0.3199094009828696,0.7616715105685895,12.70442050319173
JPM,2026-04-24,0.03,4.0,0.31738384949967213,3.0375866773975146,12.70442050319173
JPM,2026-04-24,0.03,8.0,0.30862488337995486,6.314018003880978,12.70442050319173
JPM,2026-04-24,0.03,16.0,0.28679229638120896,7.943286730017351,12.70442050319173
JPM,2026-04-24,0.3,0.25,0.5292714241030964,0.09489753504970158,12.70442050319173
JPM,2026-04-24,0.3,0.5,0.4681833015244309,0.11816197336575077,12.70442050319173
JPM,2026-04-24,0.3,1.0,0.4080049337840349,0.157356728606586,12.70442050319173
JPM,2026-04-24,0.3,2.0,0.35692170716971844,0.2986899686996755,12.70442050319173
JPM,2026-04-24,0.3,4.0,0.32009043815344235,0.6736304185683918,12.70442050319173
JPM,2026-04-24,0.3,8.0,0.31774592384081757,2.591238316293441,12.70442050319173
JPM,2026-04-24,0.3,16.0,0.3101652377829628,6.223227640540586,12.70442050319173
JPM,2026-04-24,3.0,0.25,0.5744990767877123,0.08481298860571654,12.70442050319173
JPM,2026-04-24,3.0,0.5,0.5348905100817194,0.09349484955534354,12.70442050319173
JPM,2026-04-24,3.0,1.0,0.47573909247062596,0.11435777413326394,12.70442050319173
JPM,2026-04-24,3.0,2.0,0.4130621300121854,0.15120821839533663,12.70442050319173
JPM,2026-04-24,3.0,4.0,0.3619409796612699,0.2711768004289135,12.70442050319173
JPM,2026-04-24,3.0,8.0,0.32025849817532215,0.6008925901388259,12.70442050319173
JPM,2026-04-24,3.0,16.0,0.31808204388457734,2.212854328436514,12.70442050319173
JPM,2026-05-22,0.03,0.25,0.3768748211893148,0.05605556758061798,13.966078218643728
JPM,2026-05-22,0.03,0.5,0.3478276717599086,0.07169377143771766,13.966078218643728
JPM,2026-05-22,0.03,1.0,0.337666673453034,0.1612959104311729,13.966078218643728
JPM,2026-05-22,0.03,2.0,0.3393843157173656,0.5647386534206676,13.966078218643728
JPM,2026-05-22,0.03,4.0,0.34281174391638924,2.2080052769609915,13.966078218643728
JPM,2026-05-22,0.03,8.0,0.3474584627023,5.969642392030314,13.966078218643728
JPM,2026-05-22,0.03,16.0,0.3496939481235166,9.589385692822384,13.966078218643728
JPM,2026-05-22,0.3,0.25,0.4151893932829113,0.04131571037443121,13.966078218643728
JPM,2026-05-22,0.3,0.5,0.38062888163954667,0.05383448864588987,13.966078218643728
JPM,2026-05-22,0.3,1.0,0.3502597291925321,0.06899392777108947,13.966078218643728
JPM,2026-05-22,0.3,2.0,0.3375434802359215,0.14323767489158998,13.966078218643728
JPM,2026-05-22,0.3,4.0,0.33913855745287735,0.4898468900360395,13.966078218643728
JPM,2026-05-22,0.3,8.0,0.3423204960868019,1.9039344200329005,13.966078218643728
JPM,2026-05-22,0.3,16.0,0.34722213275261343,5.694364691616408,13.966078218643728
JPM,2026-05-22,3.0,0.25,0.43935617109350006,0.036023936569187426,13.966078218643728
JPM,2026-05-22,3.0,0.5,0.4181142293429495,0.04054144316713286,13.966078218643728
JPM,2026-05-22,3.0,1.0,0.38433604970297275,0.05185719615624417,13.966078218643728
JPM,2026-05-22,3.0,2.0,0.3525269026657077,0.06674857076815924,13.966078218643728
JPM,2026-05-22,3.0,4.0,0.33742903864341356,0.12777805388061944,13.966078218643728
JPM,2026-05-22,3.0,8.0,0.33891016394197515,0.4253159624349943,13.966078218643728
JPM,2026-05-22,3.0,16.0,0.341864461998732,1.6422051299539007,13.966078218643728
V,2024-10-16,0.03,0.25,0.3341336698701596,0.11733200961279483,9.220201407335217
V,2024-10-16,0.03,0.5,0.3155382900802922,0.17432411349309418,9.220201407335217
V,2024-10-16,0.03,1.0,0.3047795878951915,0.3326588320941088,9.220201407335217
V,2024-10-16,0.03,2.0,0.3064730798199827,0.852206736300716,9.220201407335217
V,2024-10-16,0.03,4.0,0.3098178064648023,2.7093364160180333,9.220201407335217
V,2024-10-16,0.03,8.0,0.31159137037779006,3.7637314926326226,9.220201407335217
V,2024-10-16,0.03,16.0,0.3121942600109471,4.655868111255139,9.220201407335217
V,2024-10-16,0.3,0.25,0.35631411877291486,0.09422685565260401,9.220201407335217
V,2024-10-16,0.3,0.5,0.3354721390143546,0.11396197038614009,9.220201407335217
V,2024-10-16,0.3,1.0,0.31819981803707964,0.16497382875560945,9.220201407335217
V,2024-10-16,0.3,2.0,0.30465769402076187,0.3062875542500525,9.220201407335217
V,2024-10-16,0.3,4.0,0.3062307178431368,0.7603436994716529,9.220201407335217
V,2024-10-16,0.3,8.0,0.30935916796040686,2.3919428344135123,9.220201407335217
V,2024-10-16,0.3,16.0,0.3114051827041289,3.6524423731249267,9.220201407335217
V,2024-10-16,3.0,0.25,0.3763242654665405,0.08501541684033312,9.220201407335217
V,2024-10-16,3.0,0.5,0.3583271605416706,0.09293899143383828,9.220201407335217
V,2024-10-16,3.0,1.0,0.3373417179731747,0.11088779876619446,9.220201407335217
V,2024-10-16,3.0,2.0,0.3206714640742362,0.1566495166515832,9.220201407335217
V,2024-10-16,3.0,4.0,0.3045445377714742,0.28310950714507943,9.220201407335217
V,2024-10-16,3.0,8.0,0.30600572891405275,0.6802731285661836,9.220201407335217
V,2024-10-16,3.0,16.0,0.3089194386386953,2.1052119456671656,9.220201407335217
V,2024-11-13,0.03,0.25,0.398735624045628,0.05196857976115949,13.769494743385732
V,2024-11-13,0.03,0.5,0.3174517634060686,0.045127134853280945,13.769494743385732
V,2024-11-13,0.03,1.0,0.23573738569721342,0.07723142054105102,13.769494743385732
V,2024-11-13,0.03,2.0,0.18517853667788312,0.32256757050980084,13.769494743385732
V,2024-11-13,0.03,4.0,0.0840457326186622,1.541950529352449,13.769494743385732
V,2024-11-13,0.03,8.0,0.0,3.272193216111043,13.769494743385732
V,2024-11-13,0.03,16.0,0.0,3.272193216111043,13.769494743385732
V,2024-11-13,0.3,0.25,0.4500981011033307,0.05497443387151995,13.769494743385732
V,2024-11-13,0.3,0.5,0.40558220846057425,0.053301768215963156,13.769494743385732
V,2024-11-13,0.3,1.0,0.32871885539365314,0.044690693866424776,13.769494743385732
V,2024-11-13,0.3,2.0,0.24366130594288898,0.06798404292589864,13.769494743385732
V,2024-11-13,0.3,4.0,0.1924273097497775,0.27218213449770634,13.769494743385732
V,2024-11-13,0.3,8.0,0.0985476632455233,1.3119249040029048,13.769494743385732
V,2024-11-13,0.3,16.0,0.0,3.272193216111043,13.769494743385732
V,2024-11-13,3.0,0.25,0.4845495010994909,0.05239029367738331,13.769494743385732
V,2024-11-13,3.0,0.5,0.45389194197353566,0.05454088240169753,13.769494743385732
V,2024-11-13,3.0,1.0,0.4119397717369565,0.05462329479810691,13.769494743385732
V,2024-11-13,3.0,2.0,0.3391782228452396,0.04463884881528036,13.769494743385732
V,2024-11-13,3.0,4.0,0.2541757424625843,0.06034498161378144,13.769494743385732
V,2024-11-13,3.0,8.0,0.1991564745793571,0.2299722183631939,13.769494743385732
V,2024-11-13,3.0,16.0,0.11201006309821643,1.1156170357829984,13.769494743385732
V,2024-12-12,0.03,0.25,0.4293152806861431,0.02115956784336444,11.198987496456388
V,2024-12-12,0.03,0.5,0.38825230244081954,0.02764048156790947,11.198987496456388
V,2024-12-12,0.03,1.0,0.34184708090297666,0.07011214678497507,11.198987496456388
V,2024-12-12,0.03,2.0,0.34156745035635944,0.28516496394821944,11.198987496456388
V,2024-12-12,0.03,4.0,0.3451240167056957,1.3885600319149047,11.198987496456388
V,2024-12-12,0.03,8.0,0.349010913583233,2.8140519037571043,11.198987496456388
V,2024-12-12,0.03,16.0,0.35103659181683433,3.4726224385667974,11.198987496456388
V,2024-12-12,0.3,0.25,0.4512814097187023,0.02288998353832181,11.198987496456388
V,2024-12-12,0.3,0.5,0.43225636224817626,0.021335741163807067,11.198987496456388
V,2024-12-12,0.3,1.0,0.3941367031842826,0.025607450916384642,11.198987496456388
V,2024-12-12,0.3,2.0,0.34795721313142947,0.061651393090969016,11.198987496456388
V,2024-12-12,0.3,4.0,0.34131250773763966,0.24061634362029238,11.198987496456388
V,2024-12-12,0.3,8.0,0.34461413146825604,1.1751458522599982,11.198987496456388
V,2024-12-12,0.3,16.0,0.34873798285705704,2.7374244999075548,11.198987496456388
V,2024-12-12,3.0,0.25,0.46197676834166485,0.02228299721776265,11.198987496456388
V,2024-12-12,3.0,0.5,0.4526410655309132,0.022748515079973095,11.198987496456388
V,2024-12-12,3.0,1.0,0.4349866205155917,0.021579332733387205,11.198987496456388
V,2024-12-12,3.0,2.0,0.3995992969409547,0.02404114245937491,11.198987496456388
V,2024-12-12,3.0,4.0,0.3536100099957946,0.054458937655101396,11.198987496456388
V,2024-12-12,3.0,8.0,0.3410758399751872,0.20339733428796283,11.198987496456388
V,2024-12-12,3.0,16.0,0.34414079594335123,0.993574743220086,11.198987496456388
V,2025-01-14,0.03,0.25,0.3282678974079661,0.018512524760035173,7.620312889765592
V,2025-01-14,0.03,0.5,0.3287635744774581,0.03501281831848879,7.620312889765592
V,2025-01-14,0.03,1.0,0.3297544802248932,0.08557888872583,7.620312889765592
V,2025-01-14,0.03,2.0,0.3317358354180677,0.25696607785460207,7.620312889765592
V,2025-01-14,0.03,4.0,0.3353608171055954,0.7408009691962434,7.620312889765592
V,2025-01-14,0.03,8.0,0.33940337095263795,1.3509613338165087,7.620312889765592
V,2025-01-14,0.03,16.0,0.34276837769007495,2.1835308448711443,7.620312889765592
V,2025-01-14,0.3,0.25,0.32800229325355734,0.012083562757974205,7.620312889765592
V,2025-01-14,0.3,0.5,0.3282323661686405,0.01755495072610203,7.620312889765592
V,2025-01-14,0.3,1.0,0.3286925119988069,0.03228723486751085,7.620312889765592
V,2025-01-14,0.3,2.0,0.32961245217199964,0.07689222913168622,7.620312889765592
V,2025-01-14,0.3,4.0,0.33145177969930595,0.22664200211572674,7.620312889765592
V,2025-01-14,0.3,8.0,0.33495953546861784,0.6997517750190947,7.620312889765592
V,2025-01-14,0.3,16.0,0.3390495222451536,1.2963400861258332,7.620312889765592
V,2025-01-14,3.0,0.25,0.3278790107258308,0.009671541371711397,7.620312889765592
V,2025-01-14,3.0,0.5,0.32798580111318754,0.011739880149703395,7.620312889765592
V,2025-01-14,3.0,1.0,0.3281993818879009,0.016692982499226662,7.620312889765592
V,2025-01-14,3.0,2.0,0.32862654343732767,0.02986488637240712,7.620312889765592
V,2025-01-14,3.0,4.0,0.32948060500712567,0.06925914533617304,7.620312889765592
V,2025-01-14,3.0,8.0,0.3311880857288402,0.20021521108289253,7.620312889765592
V,2025-01-14,3.0,16.0,0.334587018595552,0.6646314624240239,7.620312889765592
V,2025-02-12,0.03,0.25,0.4655559401937785,0.5489839584488165,11.12349856789699
V,2025-02-12,0.03,0.5,0.35720800103537464,0.8662301461657932,11.12349856789699
V,2025-02-12,0.03,1.0,0.26543929510293285,1.6522744009805108,11.12349856789699
V,2025-02-12,0.03,2.0,0.18251918740582906,1.828835909767372,11.12349856789699
V,2025-02-12,0.03,4.0,0.09762717909984303,2.5376643568710273,11.12349856789699
V,2025-02-12,0.03,8.0,0.0,3.8949255009857855,11.12349856789699
V,2025-02-12,0.03,16.0,0.0,3.8949255009857855,11.12349856789699
V,2025-02-12,0.3,0.25,0.5345169951507568,0.41125174681681725,11.12349856789699
V,2025-02-12,0.3,0.5,0.4746697031389823,0.5286237701549446,11.12349856789699
V,2025-02-12,0.3,1.0,0.37160698665953207,0.8174628928623158,11.12349856789699
V,2025-02-12,0.3,2.0,0.27686345133344237,1.552726265034906,11.12349856789699
V,2025-02-12,0.3,4.0,0.18878457560785095,1.6741047643107194,11.12349856789699
V,2025-02-12,0.3,8.0,0.10951796456934375,2.64253026125185,11.12349856789699
V,2025-02-12,0.3,16.0,0.0,3.8949255009857855,11.12349856789699
V,2025-02-12,3.0,0.25,0.5801271291286275,0.3577151083696751,11.12349856789699
V,2025-02-12,3.0,0.5,0.539340503813304,0.40377255778897736,11.12349856789699
V,2025-02-12,3.0,1.0,0.48312351450958646,0.5101897995095783,11.12349856789699
V,2025-02-12,3.0,2.0,0.3849456847706306,0.7727925414108964,11.12349856789699
V,2025-02-12,3.0,4.0,0.28749431457897123,1.4319429985983365,11.12349856789699
V,2025-02-12,3.0,8.0,0.19460084679120174,1.5461558318513824,11.12349856789699
V,2025-02-12,3.0,16.0,0.12055639198096767,2.815586061346998,11.12349856789699
V,2025-03-13,0.03,0.25,0.7078109307225733,1.6252326100996597,10.46524908822283
V,2025-03-13,0.03,0.5,0.6296031166831348,1.809859910497154,10.46524908822283
V,2025-03-13,0.03,1.0,0.5408902252177334,1.5030550188709535,10.46524908822283
V,2025-03-13,0.03,2.0,0.4538720030773673,1.1140838040791827,10.46524908822283
V,2025-03-13,0.03,4.0,0.3542616527775122,1.747547357352075,10.46524908822283
V,2025-03-13,0.03,8.0,0.3564715655783345,9.193363186638859,10.46524908822283
V,2025-03-13,0.03,16.0,0.35735014941295096,12.788955678692849,10.46524908822283
V,2025-03-13,0.3,0.25,0.7691570314067752,1.5554406544321715,10.46524908822283
V,2025-03-13,0.3,0.5,0.7155366523309903,1.6143744827318265,10.46524908822283
V,2025-03-13,0.3,1.0,0.6393199418818024,1.782322266708529,10.46524908822283
V,2025-03-13,0.3,2.0,0.5528726776739143,1.565365329598484,10.46524908822283
V,2025-03-13,0.3,4.0,0.4630787542256133,1.1307583819646227,10.46524908822283
V,2025-03-13,0.3,8.0,0.35387343694646994,1.6669656102425885,10.46524908822283
V,2025-03-13,0.3,16.0,0.35643682319234676,7.4594886136313185,10.46524908822283
V,2025-03-13,3.0,0.25,0.8014061032589818,1.5321304043089226,10.46524908822283
V,2025-03-13,3.0,0.5,0.773471156283925,1.5519541945919109,10.46524908822283
V,2025-03-13,3.0,1.0,0.7227085769608361,1.6047623657409347,10.46524908822283
V,2025-03-13,3.0,2.0,0.6483464374513156,1.7579074451847825,10.46524908822283
V,2025-03-13,3.0,4.0,0.5639962011778955,1.6291269176755527,10.46524908822283
V,2025-03-13,3.0,8.0,0.47159572429507113,1.1591554037025575,10.46524908822283
V,2025-03-13,3.0,16.0,0.35971555362749025,1.5688779885022035,10.46524908822283
V,2025-04-10,0.03,0.25,0.3889309604893423,0.02333536072516781,19.078445980112647
V,2025-04-10,0.03,0.5,0.364288400784896,0.02997455672758804,19.078445980112647
V,2025-04-10,0.03,1.0,0.34617704328049015,0.061098270918740163,19.078445980112647
V,2025-04-10,0.03,2.0,0.34788277506718956,0.2218564596745213,19.078445980112647
V,2025-04-10,0.03,4.0,0.351293816348481,1.0074472510918615,19.078445980112647
V,2025-04-10,0.03,8.0,0.35737548006962455,3.988815101359461,19.078445980112647
V,2025-04-10,0.03,16.0,0.3599896593361499,6.176798759373045,19.078445980112647
V,2025-04-10,0.3,0.25,0.4043786951737241,0.022648593372237822,19.078445980112647
V,2025-04-10,0.3,0.5,0.3907818660648198,0.023053617841761628,19.078445980112647
V,2025-04-10,0.3,1.0,0.3669715340063261,0.02877235298523116,19.078445980112647
V,2025-04-10,0.3,2.0,0.3460547726166473,0.055517100031927294,19.078445980112647
V,2025-04-10,0.3,4.0,0.34763823373950375,0.18930958805621356,19.078445980112647
V,2025-04-10,0.3,8.0,0.3508051559852166,0.8568615596199533,19.078445980112647
V,2025-04-10,0.3,16.0,0.35672242445610014,3.611193838816834,19.078445980112647
V,2025-04-10,3.0,0.25,0.4144521603109003,0.023433568918225203,19.078445980112647
V,2025-04-10,3.0,0.5,0.40572627462489586,0.022711373212903074,19.078445980112647
V,2025-04-10,3.0,1.0,0.3925015645488537,0.022846497219477454,19.078445980112647
V,2025-04-10,3.0,2.0,0.3703723558091654,0.027550505802290834,19.078445980112647
V,2025-04-10,3.0,4.0,0.3459412665870528,0.05104750484702026,19.078445980112647
V,2025-04-10,3.0,8.0,0.347411221680315,0.16194176851543438,19.078445980112647
V,2025-04-10,3.0,16.0,0.3503511318668392,0.7284114038545372,19.078445980112647
V,2025-05-09,0.03,0.25,0.3527348786326841,0.30909755061594824,21.184139474703365
V,2025-05-09,0.03,0.5,0.2966524189106644,0.3404668563867286,21.184139474703365
V,2025-05-09,0.03,1.0,0.22637717149851178,0.4664129219794955,21.184139474703365
V,2025-05-09,0.03,2.0,0.19009788166215846,0.5527063986636516,21.184139474703365
V,2025-05-09,0.03,4.0,0.12826459005660928,1.3103942245199856,21.184139474703365
V,2025-05-09,0.03,8.0,0.006312354488951379,7.553423184938649,21.184139474703365
V,2025-05-09,0.03,16.0,0.0,8.028175945396036,21.184139474703365
V,2025-05-09,0.3,0.25,0.4133740641236202,0.32663579125525066,21.184139474703365
V,2025-05-09,0.3,0.5,0.3586890921483566,0.3102192031916868,21.184139474703365
V,2025-05-09,0.3,1.0,0.302982312866498,0.33459682589391054,21.184139474703365
V,2025-05-09,0.3,2.0,0.23481417642641242,0.4499418730843912,21.184139474703365
V,2025-05-09,0.3,4.0,0.19441479138980988,0.5166922402776586,21.184139474703365
V,2025-05-09,0.3,8.0,0.13713051480110794,1.0993699175028342,21.184139474703365
V,2025-05-09,0.3,16.0,0.02244714727443406,6.397393302937798,21.184139474703365
V,2025-05-09,3.0,0.25,0.448541215701231,0.32546397351372663,21.184139474703365
V,2025-05-09,3.0,0.5,0.41770211676439994,0.32744697275717355,21.184139474703365
V,2025-05-09,3.0,1.0,0.3655985475932828,0.31170565464434347,21.184139474703365
V,2025-05-09,3.0,2.0,0.30886843182937646,0.3295497454843717,21.184139474703365
V,2025-05-09,3.0,4.0,0.24265040180772965,0.4333284312361225,21.184139474703365
V,2025-05-09,3.0,8.0,0.1984428590846973,0.4907256938526397,21.184139474703365
V,2025-05-09,3.0,16.0,0.14535957963434626,0.9337094022283938,21.184139474703365
V,2025-06-09,0.03,0.25,0.2709423882282583,0.1332493901887675,22.23577130066872
V,2025-06-09,0.03,0.5,0.2305941138083757,0.15364730178668407,22.23577130066872
V,2025-06-09,0.03,1.0,0.18926265441803478,0.25022525564419246,22.23577130066872
V,2025-06-09,0.03,2.0,0.16003101369423303,0.3577781591638906,22.23577130066872
V,2025-06-09,0.03,4.0,0.10221526367963842,0.898741011945674,22.23577130066872
V,2025-06-09,0.03,8.0,0.0,4.802061635646088,22.23577130066872
V,2025-06-09,0.03,16.0,0.0,4.802061635646088,22.23577130066872
V,2025-06-09,0.3,0.25,0.3129029330345667,0.14101043980929237,22.23577130066872
V,2025-06-09,0.3,0.5,0.27524344283965674,0.1319893296922806,22.23577130066872
V,2025-06-09,0.3,1.0,0.2339738433807,0.14960852453684695,22.23577130066872
V,2025-06-09,0.3,2.0,0.19142863882469485,0.23210996950651716,22.23577130066872
V,2025-06-09,0.3,4.0,0.16427377966264223,0.3538228399482489,22.23577130066872
V,2025-06-09,0.3,8.0,0.11040740474552783,0.766053043489963,22.23577130066872
V,2025-06-09,0.3,16.0,0.004367715420472001,4.551471381278139,22.23577130066872
V,2025-06-09,3.0,0.25,0.3462889897576643,0.14034702282920353,22.23577130066872
V,2025-06-09,3.0,0.5,0.3160026073858356,0.14206446375423126,22.23577130066872
V,2025-06-09,3.0,1.0,0.27962290921742367,0.13172235523810016,22.23577130066872
V,2025-06-09,3.0,2.0,0.23711130638940625,0.1463755853670568,22.23577130066872
V,2025-06-09,3.0,4.0,0.1963540404017819,0.21825638560214602,22.23577130066872
V,2025-06-09,3.0,8.0,0.16814832005801159,0.324724840063251,22.23577130066872
V,2025-06-09,3.0,16.0,0.11807664391192958,0.6477275166604864,22.23577130066872
V,2025-07-09,0.03,0.25,0.24150867972822587,0.07143112300876574,13.582973126517407
V,2025-07-09,0.03,0.5,0.1862414720527835,0.0869254472470904,13.582973126517407
V,2025-07-09,0.03,1.0,0.14642242782482037,0.11365004903624207,13.582973126517407
V,2025-07-09,0.03,2.0,0.10895652392826459,0.19358820248944167,13.582973126517407
V,2025-07-09,0.03,4.0,0.03275701262869592,0.5876757125935808,13.582973126517407
V,2025-07-09,0.03,8.0,0.0,1.0786704912249994,13.582973126517407
V,2025-07-09,0.03,16.0,0.0,1.0786704912249994,13.582973126517407
V,2025-07-09,0.3,0.25,0.2835492357628902,0.05640692717790585,13.582973126517407
V,2025-07-09,0.3,0.5,0.24677750125581516,0.06920539858348135,13.582973126517407
V,2025-07-09,0.3,1.0,0.19356370819289853,0.08643467258583606,13.582973126517407
V,2025-07-09,0.3,2.0,0.14913437527598458,0.10915711134326643,13.582973126517407
V,2025-07-09,0.3,4.0,0.11433736030776678,0.18930024015866148,13.582973126517407
V,2025-07-09,0.3,8.0,0.04367478152147538,0.4669653115682454,13.582973126517407
V,2025-07-09,0.3,16.0,0.0,1.0786704912249994,13.582973126517407
V,2025-07-09,3.0,0.25,0.33625152994322677,0.05046719695898041,13.582973126517407
V,2025-07-09,3.0,0.5,0.2889911097180037,0.055970279321083775,13.582973126517407
V,2025-07-09,3.0,1.0,0.2516567549145012,0.06700157426522577,13.582973126517407
V,2025-07-09,3.0,2.0,0.20035160774151323,0.08617559853024442,13.582973126517407
V,2025-07-09,3.0,4.0,0.15165911791721295,0.10544715632445541,13.582973126517407
V,2025-07-09,3.0,8.0,0.11926779847072667,0.17808162139467018,13.582973126517407
V,2025-07-09,3.0,16.0,0.05380994035761341,0.3741768889412381,13.582973126517407
V,2025-08-06,0.03,0.25,0.4961973993243485,0.06591456275008262,14.395726926462668
V,2025-08-06,0.03,0.5,0.40702664129970884,0.09456067043465476,14.395726926462668
V,2025-08-06,0.03,1.0,0.3500620884570167,0.1401829753979008,14.395726926462668
V,2025-08-06,0.03,2.0,0.33280012447610346,0.3906415093313138,14.395726926462668
V,2025-08-06,0.03,4.0,0.31845066347747336,1.8774256962008464,14.395726926462668
V,2025-08-06,0.03,8.0,0.288068863502016,4.780789611375898,14.395726926462668
V,2025-08-06,0.03,16.0,0.22477399093730488,4.777633368563792,14.395726926462668
V,2025-08-06,0.3,0.25,0.5655975070789008,0.06076947084984679,14.395726926462668
V,2025-08-06,0.3,0.5,0.504899843192994,0.06421248746495188,14.395726926462668
V,2025-08-06,0.3,1.0,0.414404138250695,0.09251471857790694,14.395726926462668
V,2025-08-06,0.3,2.0,0.35768361107900903,0.1337669771220835,14.395726926462668
V,2025-08-06,0.3,4.0,0.3338301423678536,0.33448754647470486,14.395726926462668
V,2025-08-06,0.3,8.0,0.32050623179166016,1.5836434155391919,14.395726926462668
V,2025-08-06,0.3,16.0,0.29260598132246574,4.781108060635252,14.395726926462668
V,2025-08-06,3.0,0.25,0.6150911753652389,0.0630348618160499,14.395726926462668
V,2025-08-06,3.0,0.5,0.5702715237189067,0.0609782740498622,14.395726926462668
V,2025-08-06,3.0,1.0,0.5129714819433917,0.06297399113264891,14.395726926462668
V,2025-08-06,3.0,2.0,0.4219811670594218,0.0885324847065878,14.395726926462668
V,2025-08-06,3.0,4.0,0.36475880593848226,0.1296471471795534,14.395726926462668
V,2025-08-06,3.0,8.0,0.33478632627680727,0.2884011435669582,14.395726926462668
V,2025-08-06,3.0,16.0,0.3224144523784316,1.3350909981544825,14.395726926462668
V,2025-09-04,0.03,0.25,0.4279056690307866,0.12377109598133118,10.739000902086449
V,2025-09-04,0.03,0.5,0.2909194931329395,0.13400944070632245,10.739000902086449
V,2025-09-04,0.03,1.0,0.17312848685540966,0.17818583887217568,10.739000902086449
V,2025-09-04,0.03,2.0,0.10414756350992257,0.2600025571341299,10.739000902086449
V,2025-09-04,0.03,4.0,0.007187005815060843,1.9589328009377729,10.739000902086449
V,2025-09-04,0.03,8.0,0.0,2.1859694446226756,10.739000902086449
V,2025-09-04,0.03,16.0,0.0,2.1859694446226756,10.739000902086449
V,2025-09-04,0.3,0.25,0.5531306074543957,0.11569118614559876,10.739000902086449
V,2025-09-04,0.3,0.5,0.44375259365343067,0.12666422100767058,10.739000902086449
V,2025-09-04,0.3,1.0,0.3039801911431645,0.12587434256003985,10.739000902086449
V,2025-09-04,0.3,2.0,0.1844358542479491,0.1885010859095626,10.739000902086449
V,2025-09-04,0.3,4.0,0.11109580641014417,0.23629798432297874,10.739000902086449
V,2025-09-04,0.3,8.0,0.021112877072349694,1.5583390434850573,10.739000902086449
V,2025-09-04,0.3,16.0,0.0,2.1859694446226756,10.739000902086449
V,2025-09-04,3.0,0.25,0.6310978710650291,0.10810265749534156,10.739000902086449
V,2025-09-04,3.0,0.5,0.5628644021096814,0.1150673453584679,10.739000902086449
V,2025-09-04,3.0,1.0,0.4584616263072386,0.1296403172844815,10.739000902086449
V,2025-09-04,3.0,2.0,0.31688260497014026,0.11936659400323006,10.739000902086449
V,2025-09-04,3.0,4.0,0.19495138125784353,0.1936397633728388,10.739000902086449
V,2025-09-04,3.0,8.0,0.11754598374192372,0.22603335081620227,10.739000902086449
V,2025-09-04,3.0,16.0,0.03401323173590882,1.2337137839465053,10.739000902086449
V,2025-10-02,0.03,0.25,0.2950963618218978,0.046809017688427795,12.367603598693172
V,2025-10-02,0.03,0.5,0.23264539551836902,0.0699097134059602,12.367603598693172
V,2025-10-02,0.03,1.0,0.1856492900662696,0.11770767631508493,12.367603598693172
V,2025-10-02,0.03,2.0,0.14424267833896517,0.2280325419451028,12.367603598693172
V,2025-10-02,0.03,4.0,0.06315908628618741,0.9747319330491141,12.367603598693172
V,2025-10-02,0.03,8.0,0.0,2.259572787086996,12.367603598693172
V,2025-10-02,0.03,16.0,0.0,2.259572787086996,12.367603598693172
V,2025-10-02,0.3,0.25,0.377776458534506,0.045325056037306084,12.367603598693172
V,2025-10-02,0.3,0.5,0.3043572515044212,0.04821488517373511,12.367603598693172
V,2025-10-02,0.3,1.0,0.23936374726773257,0.06414669261683276,12.367603598693172
V,2025-10-02,0.3,2.0,0.18865623830121372,0.10768815505628836,12.367603598693172
V,2025-10-02,0.3,4.0,0.15011149788617464,0.20622782716736007,12.367603598693172
V,2025-10-02,0.3,8.0,0.07490821432193212,0.813755505483622,12.367603598693172
V,2025-10-02,0.3,16.0,0.0,2.259572787086996,12.367603598693172
V,2025-10-02,3.0,0.25,0.423560196494081,0.04071928537267243,12.367603598693172
V,2025-10-02,3.0,0.5,0.38389554832733924,0.04463651528730654,12.367603598693172
V,2025-10-02,3.0,1.0,0.3141302816529684,0.048587467353466016,12.367603598693172
V,2025-10-02,3.0,2.0,0.24667029578084487,0.05902426370826361,12.367603598693172
V,2025-10-02,3.0,4.0,0.19144762631347143,0.10014974775215578,12.367603598693172
V,2025-10-02,3.0,8.0,0.15559125040179633,0.18832709928991467,12.367603598693172
V,2025-10-02,3.0,16.0,0.08581513862101199,0.6905086767465966,12.367603598693172
V,2025-10-30,0.03,0.25,0.45334145929704417,0.2604848670502929,12.33712810727835
V,2025-10-30,0.03,0.5,0.39845067646880084,0.19002253740893496,12.33712810727835
V,2025-10-30,0.03,1.0,0.30927463018039403,0.13701815769548192,12.33712810727835
V,2025-10-30,0.03,2.0,0.18818648626375922,0.29160107933922386,12.33712810727835
V,2025-10-30,0.03,4.0,0.06996296678623451,2.011573679469443,12.33712810727835
V,2025-10-30,0.03,8.0,0.0,3.240808851923713,12.33712810727835
V,2025-10-30,0.03,16.0,0.0,3.240808851923713,12.33712810727835
V,2025-10-30,0.3,0.25,0.5299045166751252,0.3149305865299858,12.33712810727835
V,2025-10-30,0.3,0.5,0.4620695927506365,0.26729323111804254,12.33712810727835
V,2025-10-30,0.3,1.0,0.4063247952117036,0.19775407917507487,12.33712810727835
V,2025-10-30,0.3,2.0,0.3192914310822452,0.13829248597013055,12.33712810727835
V,2025-10-30,0.3,4.0,0.19665846358875155,0.25805358447368837,12.33712810727835
V,2025-10-30,0.3,8.0,0.08691765982378058,1.6217174058593442,12.33712810727835
V,2025-10-30,0.3,16.0,0.0,3.240808851923713,12.33712810727835
V,2025-10-30,3.0,0.25,0.5675239088697706,0.3440968390663831,12.33712810727835
V,2025-10-30,3.0,0.5,0.5349364112690675,0.3186397580924971,12.33712810727835
V,2025-10-30,3.0,1.0,0.470694351845231,0.27381052154263374,12.33712810727835
V,2025-10-30,3.0,2.0,0.41363447953802335,0.2058041693838866,12.33712810727835
V,2025-10-30,3.0,4.0,0.3285905816442552,0.1420784524590182,12.33712810727835
V,2025-10-30,3.0,8.0,0.20860461126038093,0.23742874003472772,12.33712810727835
V,2025-10-30,3.0,16.0,0.10265700259986181,1.3027988481882624,12.33712810727835
V,2025-11-28,0.03,0.25,0.45061445420596785,0.5144622554256828,11.092947696890059
V,2025-11-28,0.03,0.5,0.3260278686537265,0.5373075615554641,11.092947696890059
V,2025-11-28,0.03,1.0,0.28294610270191695,0.7565781950387517,11.092947696890059
V,2025-11-28,0.03,2.0,0.2558076674016131,1.4499687749913923,11.092947696890059
V,2025-11-28,0.03,4.0,0.20246838489789235,4.182286691556405,11.092947696890059
V,2025-11-28,0.03,8.0,0.09276951979190123,6.046048219502366,11.092947696890059
V,2025-11-28,0.03,16.0,0.0,8.077583723416927,11.092947696890059
V,2025-11-28,0.3,0.25,0.5405938831783613,0.5393945867717158,11.092947696890059
V,2025-11-28,0.3,0.5,0.4619198999122263,0.5162076298670191,11.092947696890059
V,2025-11-28,0.3,1.0,0.3370656222037137,0.5260061730105959,11.092947696890059
V,2025-11-28,0.3,2.0,0.2848914463518982,0.7360065886905648,11.092947696890059
V,2025-11-28,0.3,4.0,0.25969835470157554,1.3039883325257013,11.092947696890059
V,2025-11-28,0.3,8.0,0.2100235072073293,3.776004006124951,11.092947696890059
V,2025-11-28,0.3,16.0,0.10883989534510294,5.775618274559733,11.092947696890059
V,2025-11-28,3.0,0.25,0.5931995169497344,0.5596438664805267,11.092947696890059
V,2025-11-28,3.0,0.5,0.5465528114355163,0.5418478390521483,11.092947696890059
V,2025-11-28,3.0,1.0,0.47241702680527714,0.5182926207812592,11.092947696890059
V,2025-11-28,3.0,2.0,0.3521346790435895,0.5204542994728493,11.092947696890059
V,2025-11-28,3.0,4.0,0.28669734342455666,0.7203977396075769,11.092947696890059
V,2025-11-28,3.0,8.0,0.2633101488468925,1.1824246485109582,11.092947696890059
V,2025-11-28,3.0,16.0,0.21703702054854013,3.4418052428194468,11.092947696890059
V,2025-12-29,0.03,0.25,0.235094915845151,0.10729622685377455,13.05411185508811
V,2025-12-29,0.03,0.5,0.18517397206739278,0.17022959029003498,13.05411185508811
V,2025-12-29,0.03,1.0,0.1599911582218645,0.281722698553856,13.05411185508811
V,2025-12-29,0.03,2.0,0.11834298087722715,0.32891065182989815,13.05411185508811
V,2025-12-29,0.03,4.0,0.03655107646644259,0.7384979519283835,13.05411185508811
V,2025-12-29,0.03,8.0,0.0,1.293673663889646,13.05411185508811
V,2025-12-29,0.03,16.0,0.0,1.293673663889646,13.05411185508811
V,2025-12-29,0.3,0.25,0.2684983750663406,0.08366114501200517,13.05411185508811
V,2025-12-29,0.3,0.5,0.2395561901105515,0.10370425526011351,13.05411185508811
V,2025-12-29,0.3,1.0,0.19140751123400784,0.1606963362437141,13.05411185508811
V,2025-12-29,0.3,2.0,0.16297665291631463,0.2928396141494532,13.05411185508811
V,2025-12-29,0.3,4.0,0.12431312862868495,0.2991279606404838,13.05411185508811
V,2025-12-29,0.3,8.0,0.048122867620530384,0.6353299107854281,13.05411185508811
V,2025-12-29,0.3,16.0,0.0,1.293673663889646,13.05411185508811
V,2025-12-29,3.0,0.25,0.29131178407040764,0.07517984441424175,13.05411185508811
V,2025-12-29,3.0,0.5,0.27088232405015894,0.08244814495360003,13.05411185508811
V,2025-12-29,3.0,1.0,0.2437054710176711,0.10046373556741335,13.05411185508811
V,2025-12-29,3.0,2.0,0.19763256468149532,0.15135863710870623,13.05411185508811
V,2025-12-29,3.0,4.0,0.16582641966148318,0.28116942831316966,13.05411185508811
V,2025-12-29,3.0,8.0,0.12985610416331295,0.27822899823274994,13.05411185508811
V,2025-12-29,3.0,16.0,0.058865166941673,0.5814296071269583,13.05411185508811
V,2026-01-28,0.03,0.25,0.2939238327952517,0.0951568056213346,14.001035821182821
V,2026-01-28,0.03,0.5,0.23336976824427086,0.13642929557200248,14.001035821182821
V,2026-01-28,0.03,1.0,0.17827512306122775,0.265070477553511,14.001035821182821
V,2026-01-28,0.03,2.0,0.14260847789228548,0.5954522841670435,14.001035821182821
V,2026-01-28,0.03,4.0,0.07315790258855151,1.6622707183447787,14.001035821182821
V,2026-01-28,0.03,8.0,0.0,4.3505320878326295,14.001035821182821
V,2026-01-28,0.03,16.0,0.0,4.3505320878326295,14.001035821182821
V,2026-01-28,0.3,0.25,0.34321297879460017,0.09797091731954327,14.001035821182821
V,2026-01-28,0.3,0.5,0.29891027968669287,0.09493953855909329,14.001035821182821
V,2026-01-28,0.3,1.0,0.2404133245496239,0.12548720894803117,14.001035821182821
V,2026-01-28,0.3,2.0,0.1808785706547004,0.2398381011617787,14.001035821182821
V,2026-01-28,0.3,4.0,0.14768882201065006,0.535599235320033,14.001035821182821
V,2026-01-28,0.3,8.0,0.0831079650895799,1.4032813470080183,14.001035821182821
V,2026-01-28,0.3,16.0,0.0,4.3505320878326295,14.001035821182821
V,2026-01-28,3.0,0.25,0.3778562223140718,0.1027386660584154,14.001035821182821
V,2026-01-28,3.0,0.5,0.34682564112146547,0.09848957436389337,14.001035821182821
V,2026-01-28,3.0,1.0,0.3042275923535216,0.09489893226549628,14.001035821182821
V,2026-01-28,3.0,2.0,0.24695322057807897,0.1159755493327422,14.001035821182821
V,2026-01-28,3.0,4.0,0.18329539731045202,0.21912149485009405,14.001035821182821
V,2026-01-28,3.0,8.0,0.15239980383664803,0.48708588664234465,14.001035821182821
V,2026-01-28,3.0,16.0,0.09229993148634,1.1992569637499313,14.001035821182821
V,2026-02-26,0.03,0.25,0.5499056071285718,4.425817981600179,15.005243125507258
V,2026-02-26,0.03,0.5,0.48456689717919843,3.5281485465513187,15.005243125507258
V,2026-02-26,0.03,1.0,0.3855181541359764,2.153435017064734,15.005243125507258
V,2026-02-26,0.03,2.0,0.32855702878375537,2.0407524392782794,15.005243125507258
V,2026-02-26,0.03,4.0,0.3303530990978266,5.211352029803278,15.005243125507258
V,2026-02-26,0.03,8.0,0.33186271007123164,10.371147865455603,15.005243125507258
V,2026-02-26,0.03,16.0,0.3313756626642741,10.370916278485538,15.005243125507258
V,2026-02-26,0.3,0.25,0.6148434369657694,4.958860527803261,15.005243125507258
V,2026-02-26,0.3,0.5,0.5578059748721961,4.494520157342786,15.005243125507258
V,2026-02-26,0.3,1.0,0.4918094022093379,3.6496480439777943,15.005243125507258
V,2026-02-26,0.3,2.0,0.3979583123229272,2.2713865624886265,15.005243125507258
V,2026-02-26,0.3,4.0,0.32842827131222085,1.900939163762326,15.005243125507258
V,2026-02-26,0.3,8.0,0.33009565016878584,4.616977005377937,15.005243125507258
V,2026-02-26,0.3,16.0,0.3318976227170743,10.371164566396198,15.005243125507258
V,2026-02-26,3.0,0.25,0.6531264161480208,5.218368145632663,15.005243125507258
V,2026-02-26,3.0,0.5,0.6191011555843425,4.993492688149429,15.005243125507258
V,2026-02-26,3.0,1.0,0.565142055960639,4.5588149205016775,15.005243125507258
V,2026-02-26,3.0,2.0,0.49853274830439387,3.7648682127450073,15.005243125507258
V,2026-02-26,3.0,4.0,0.4114173835556779,2.4470267196874795,15.005243125507258
V,2026-02-26,3.0,8.0,0.33721078117883774,2.0457449346337384,15.005243125507258
V,2026-02-26,3.0,16.0,0.3298566557539335,4.10709736285143,15.005243125507258
V,2026-03-26,0.03,0.25,0.39839484200452024,0.39982993123748173,13.519643970152728
V,2026-03-26,0.03,0.5,0.3418346512804137,0.2871531851280263,13.519643970152728
V,2026-03-26,0.03,1.0,0.32194491456810864,0.5796557396937817,13.519643970152728
V,2026-03-26,0.03,2.0,0.32341411040966694,1.582156214205038,13.519643970152728
V,2026-03-26,0.03,4.0,0.326345709436375,5.295954975897262,13.519643970152728
V,2026-03-26,0.03,8.0,0.32901032275544473,12.59317496193903,13.519643970152728
V,2026-03-26,0.03,16.0,0.3276518990568177,15.298300033714929,13.519643970152728
V,2026-03-26,0.3,0.25,0.45356571800091816,0.481900824533121,13.519643970152728
V,2026-03-26,0.3,0.5,0.40477738423948106,0.4101746308520491,13.519643970152728
V,2026-03-26,0.3,1.0,0.34787983901545305,0.28881149593773037,13.519643970152728
V,2026-03-26,0.3,2.0,0.321839586099659,0.5296769230235904,13.519643970152728
V,2026-03-26,0.3,4.0,0.32320363802902774,1.403453459885964,13.519643970152728
V,2026-03-26,0.3,8.0,0.3259254223057581,4.623614922266984,13.519643970152728
V,2026-03-26,0.3,16.0,0.3291175218740463,12.423513223348705,13.519643970152728
V,2026-03-26,3.0,0.25,0.48649715516525616,0.5176645794338405,13.519643970152728
V,2026-03-26,3.0,0.5,0.45760500462398374,0.48742495107857775,13.519643970152728
V,2026-03-26,3.0,1.0,0.41160415737836886,0.4198018578848038,13.519643970152728
V,2026-03-26,3.0,2.0,0.35465316557670146,0.30475790543537906,13.519643970152728
V,2026-03-26,3.0,4.0,0.32174180781105544,0.4859008569794059,13.519643970152728
V,2026-03-26,3.0,8.0,0.3230080814518206,1.248036849163765,13.519643970152728
V,2026-03-26,3.0,16.0,0.32553526229528174,4.041385685374776,13.519643970152728
V,2026-04-24,0.03,0.25,0.45396599872924204,0.5590157086694579,12.158163000551104
V,2026-04-24,0.03,0.5,0.402573156135834,0.7636652390019194,12.158163000551104
V,2026-04-24,0.03,1.0,0.3418877708018658,1.2570754434089746,12.158163000551104
V,2026-04-24,0.03,2.0,0.33339389223213134,2.520325773700385,12.158163000551104
V,2026-04-24,0.03,4.0,0.3357000329436172,6.760575174982154,12.158163000551104
V,2026-04-24,0.03,8.0,0.3354948709164345,11.98789294281923,12.158163000551104
V,2026-04-24,0.03,16.0,0.33331626742750076,15.860220794712076,12.158163000551104
V,2026-04-24,0.3,0.25,0.508485154978563,0.4669206602029629,12.158163000551104
V,2026-04-24,0.3,0.5,0.4593292145740805,0.5458669016180809,12.158163000551104
V,2026-04-24,0.3,1.0,0.40760308478098584,0.7325831623877934,12.158163000551104
V,2026-04-24,0.3,2.0,0.34738784821604085,1.184264031201035,12.158163000551104
V,2026-04-24,0.3,4.0,0.3332283749060974,2.301807967980913,12.158163000551104
V,2026-04-24,0.3,8.0,0.33536946525443156,6.01475928825971,12.158163000551104
V,2026-04-24,0.3,16.0,0.3356801883301545,11.312601181902947,12.158163000551104
V,2026-04-24,3.0,0.25,0.5472070669896462,0.4285106605631862,12.158163000551104
V,2026-04-24,3.0,0.5,0.5127236917021775,0.4616975819001294,12.158163000551104
V,2026-04-24,3.0,1.0,0.4643089443376943,0.5339284479653528,12.158163000551104
V,2026-04-24,3.0,2.0,0.4122606107153571,0.7041106384356821,12.158163000551104
V,2026-04-24,3.0,4.0,0.35248558248346434,1.116456669162777,12.158163000551104
V,2026-04-24,3.0,8.0,0.3330747222316397,2.109634368112648,12.158163000551104
V,2026-04-24,3.0,16.0,0.3350625933954561,5.36383424266097,12.158163000551104
V,2026-05-22,0.03,0.25,0.4431921216182498,0.06475847045987165,15.537114622965666
V,2026-05-22,0.03,0.5,0.39145514205760157,0.09751396457751044,15.537114622965666
V,2026-05-22,0.03,1.0,0.3559240015192734,0.18907696651838146,15.537114622965666
V,2026-05-22,0.03,2.0,0.3561254485753105,0.5997584494379546,15.537114622965666
V,2026-05-22,0.03,4.0,0.3596985082069997,2.4116188729405703,15.537114622965666
V,2026-05-22,0.03,8.0,0.3641253984478904,6.651717626693183,15.537114622965666
V,2026-05-22,0.03,16.0,0.36438891229735915,10.719699724957207,15.537114622965666
V,2026-05-22,0.3,0.25,0.4908711020980039,0.04915271043508134,15.537114622965666
V,2026-05-22,0.3,0.5,0.4491667141747284,0.062209386023051594,15.537114622965666
V,2026-05-22,0.3,1.0,0.395910896078302,0.0910017561434237,15.537114622965666
V,2026-05-22,0.3,2.0,0.36041809672652947,0.17420317290276593,15.537114622965666
V,2026-05-22,0.3,4.0,0.35586732079599726,0.5200870684634581,15.537114622965666
V,2026-05-22,0.3,8.0,0.3591905574043761,2.072906119474166,15.537114622965666
V,2026-05-22,0.3,16.0,0.3638118633577324,6.1730758426951295,15.537114622965666
V,2026-05-22,3.0,0.25,0.5217056497231531,0.042620701861097635,15.537114622965666
V,2026-05-22,3.0,0.5,0.49398252394725284,0.048210981133576095,15.537114622965666
V,2026-05-22,3.0,1.0,0.45487409311051574,0.06001046233789222,15.537114622965666
V,2026-05-22,3.0,2.0,0.4000440221800757,0.08537333447154725,15.537114622965666
V,2026-05-22,3.0,4.0,0.3645900451527679,0.16204704202305512,15.537114622965666
V,2026-05-22,3.0,8.0,0.3556276961923762,0.45233303952471265,15.537114622965666
V,2026-05-22,3.0,16.0,0.3587174720230709,1.7822838205645262,15.537114622965666
UNH,2024-10-16,0.03,0.25,0.8004046458721581,2.648243950719623,25.99470234088337
UNH,2024-10-16,0.03,0.5,0.6850377448654383,2.6499519249900376,25.99470234088337
UNH,2024-10-16,0.03,1.0,0.5685239558763908,3.7456247962061906,25.99470234088337
UNH,2024-10-16,0.03,2.0,0.4533872928354909,6.355965456102312,25.99470234088337
UNH,2024-10-16,0.03,4.0,0.37804387409394635,13.081753774810158,25.99470234088337
UNH,2024-10-16,0.03,8.0,0.24872114097559894,22.007338009692784,25.99470234088337
UNH,2024-10-16,0.03,16.0,0.0,52.791790066557525,25.99470234088337
UNH,2024-10-16,0.3,0.25,0.895265286975741,2.661311736528329,25.99470234088337
UNH,2024-10-16,0.3,0.5,0.8106615091103067,2.6470799278513533,25.99470234088337
UNH,2024-10-16,0.3,1.0,0.6999600743505603,2.657472984387776,25.99470234088337
UNH,2024-10-16,0.3,2.0,0.5786757759073191,3.487424895417185,25.99470234088337
UNH,2024-10-16,0.3,4.0,0.45882086948861567,6.068176300046219,25.99470234088337
UNH,2024-10-16,0.3,8.0,0.3884651616595066,12.888890842821043,25.99470234088337
UNH,2024-10-16,0.3,16.0,0.2674541437312583,20.85598056250335,25.99470234088337
UNH,2024-10-16,3.0,0.25,0.94981297241343,2.690464898496231,25.99470234088337
UNH,2024-10-16,3.0,0.5,0.9022843724637141,2.6641870459541956,25.99470234088337
UNH,2024-10-16,3.0,1.0,0.8212238534647986,2.6463537305993095,25.99470234088337
UNH,2024-10-16,3.0,2.0,0.7138077747675445,2.6693166872089127,25.99470234088337
UNH,2024-10-16,3.0,4.0,0.5880998908065997,3.2610279207885977,25.99470234088337
UNH,2024-10-16,3.0,8.0,0.4673893047257494,5.818280792710677,25.99470234088337
UNH,2024-10-16,3.0,16.0,0.3985417335794039,11.526504732860856,25.99470234088337
UNH,2024-11-13,0.03,0.25,0.4271432417550133,0.49983696356743135,33.64300036558044
UNH,2024-11-13,0.03,0.5,0.3618632614337299,0.5112527228186405,33.64300036558044
UNH,2024-11-13,0.03,1.0,0.2918218047346109,0.8733415944043607,33.64300036558044
UNH,2024-11-13,0.03,2.0,0.235912082842829,1.4750728339332668,33.64300036558044
UNH,2024-11-13,0.03,4.0,0.14640128890641985,3.3262551443064763,33.64300036558044
UNH,2024-11-13,0.03,8.0,0.0,14.065055050559188,33.64300036558044
UNH,2024-11-13,0.03,16.0,0.0,14.065055050559188,33.64300036558044
UNH,2024-11-13,0.3,0.25,0.4817920656127896,0.5243735140947196,33.64300036558044
UNH,2024-11-13,0.3,0.5,0.43316971278665445,0.501898795412485,33.64300036558044
UNH,2024-11-13,0.3,1.0,0.3688873655034545,0.5024409504426314,33.64300036558044
UNH,2024-11-13,0.3,2.0,0.3018696927341578,0.8042662550084867,33.64300036558044
UNH,2024-11-13,0.3,4.0,0.24273763349871996,1.3540571893625548,33.64300036558044
UNH,2024-11-13,0.3,8.0,0.15835595818609505,2.951245231794522,33.64300036558044
UNH,2024-11-13,0.3,16.0,0.006489885249486469,13.272526794670425,33.64300036558044
UNH,2024-11-13,3.0,0.25,0.5147203972782491,0.5449943199126551,33.64300036558044
UNH,2024-11-13,3.0,0.5,0.48575435109350357,0.5266676501129067,33.64300036558044
UNH,2024-11-13,3.0,1.0,0.43876159796183356,0.5041669714538002,33.64300036558044
UNH,2024-11-13,3.0,2.0,0.376326734102194,0.4990153124264266,33.64300036558044
UNH,2024-11-13,3.0,4.0,0.3111973256821756,0.746042644805793,33.64300036558044
UNH,2024-11-13,3.0,8.0,0.24907391344024835,1.2640872391348053,33.64300036558044
UNH,2024-11-13,3.0,16.0,0.1694536900737099,2.687582713074839,33.64300036558044
UNH,2024-12-12,0.03,0.25,0.5935372522896022,0.4474547225155447,37.19027424597633
UNH,2024-12-12,0.03,0.5,0.5099243164989636,0.493693288023981,37.19027424597633
UNH,2024-12-12,0.03,1.0,0.4156686767261752,0.6486389323304519,37.19027424597633
UNH,2024-12-12,0.03,2.0,0.32770259492251025,0.9920260890473965,37.19027424597633
UNH,2024-12-12,0.03,4.0,0.24458752747509607,4.2524359724072625,37.19027424597633
UNH,2024-12-12,0.03,8.0,0.07557754599804997,21.6719758469386,37.19027424597633
UNH,2024-12-12,0.03,16.0,0.0,32.91858411796476,37.19027424597633
UNH,2024-12-12,0.3,0.25,0.6855758518471569,0.41925056607857697,37.19027424597633
UNH,2024-12-12,0.3,0.5,0.6020545924345849,0.44214620999239906,37.19027424597633
UNH,2024-12-12,0.3,1.0,0.5166931952233329,0.47897194745214067,37.19027424597633
UNH,2024-12-12,0.3,2.0,0.42917604492800887,0.6523745792261779,37.19027424597633
UNH,2024-12-12,0.3,4.0,0.3335912857749431,0.8899781897666585,37.19027424597633
UNH,2024-12-12,0.3,8.0,0.2567003508914072,3.621567823648333,37.19027424597633
UNH,2024-12-12,0.3,16.0,0.09981040483498951,18.18789292696103,37.19027424597633
UNH,2024-12-12,3.0,0.25,0.7415270428854336,0.41640449558855297,37.19027424597633
UNH,2024-12-12,3.0,0.5,0.6925726130304465,0.41870417226418133,37.19027424597633
UNH,2024-12-12,3.0,1.0,0.6117248307268988,0.43725003933568335,37.19027424597633
UNH,2024-12-12,3.0,2.0,0.5252430478500222,0.4775257437755144,37.19027424597633
UNH,2024-12-12,3.0,4.0,0.4416099012939054,0.6532218612710576,37.19027424597633
UNH,2024-12-12,3.0,8.0,0.3390578621159931,0.8150051343030289,37.19027424597633
UNH,2024-12-12,3.0,16.0,0.2679449000739418,3.110092283711506,37.19027424597633
UNH,2025-01-14,0.03,0.25,0.3800976779748282,0.5690258754527927,32.92903459228449
UNH,2025-01-14,0.03,0.5,0.3292945160968139,0.7052783940678221,32.92903459228449
UNH,2025-01-14,0.03,1.0,0.2701070372815225,1.1556808692021365,32.92903459228449
UNH,2025-01-14,0.03,2.0,0.20658232466472126,2.137090529087654,32.92903459228449
UNH,2025-01-14,0.03,4.0,0.13579377077614124,2.420376349464868,32.92903459228449
UNH,2025-01-14,0.03,8.0,0.0,10.912611034575544,32.92903459228449
UNH,2025-01-14,0.03,16.0,0.0,10.912611034575544,32.92903459228449
UNH,2025-01-14,0.3,0.25,0.44754728011147776,0.5124452968061853,32.92903459228449
UNH,2025-01-14,0.3,0.5,0.3844468301754243,0.5609229073885807,32.92903459228449
UNH,2025-01-14,0.3,1.0,0.335003218409963,0.6813065515073995,32.92903459228449
UNH,2025-01-14,0.3,2.0,0.2785725151090455,1.0797393964630613,32.92903459228449
UNH,2025-01-14,0.3,4.0,0.2120386758239689,1.9457710120940235,32.92903459228449
UNH,2025-01-14,0.3,8.0,0.14585416854485125,2.247512661931538,32.92903459228449
UNH,2025-01-14,0.3,16.0,0.01364502184972571,9.471260306266663,32.92903459228449
UNH,2025-01-14,3.0,0.25,0.4934388672770546,0.4901575691908416,32.92903459228449
UNH,2025-01-14,3.0,0.5,0.45368147802536163,0.5091597907281782,32.92903459228449
UNH,2025-01-14,3.0,1.0,0.3900942652814069,0.5534570928144212,32.92903459228449
UNH,2025-01-14,3.0,2.0,0.34030270819218933,0.6603503069160485,32.92903459228449
UNH,2025-01-14,3.0,4.0,0.28643917499814026,1.0133868234443244,32.92903459228449
UNH,2025-01-14,3.0,8.0,0.21766333706502228,1.7880867118585213,32.92903459228449
UNH,2025-01-14,3.0,16.0,0.15519341453384075,2.1525263916325312,32.92903459228449
UNH,2025-02-12,0.03,0.25,0.8584967124970229,1.127287093689012,32.90968298790048
UNH,2025-02-12,0.03,0.5,0.7695915558710666,1.1756429519004912,32.90968298790048
UNH,2025-02-12,0.03,1.0,0.6986846335963066,1.8638117771389977,32.90968298790048
UNH,2025-02-12,0.03,2.0,0.6356550324924599,3.3338648566507945,32.90968298790048
UNH,2025-02-12,0.03,4.0,0.5730691813038592,8.084477485188218,32.90968298790048
UNH,2025-02-12,0.03,8.0,0.582639940834664,32.00803289495079,32.90968298790048
UNH,2025-02-12,0.03,16.0,0.5860866241285305,36.62913471367401,32.90968298790048
UNH,2025-02-12,0.3,0.25,0.9387172984644998,1.1026795025327585,32.90968298790048
UNH,2025-02-12,0.3,0.5,0.8670215291964999,1.1221547241019139,32.90968298790048
UNH,2025-02-12,0.3,1.0,0.7794400202136496,1.1560764716415337,32.90968298790048
UNH,2025-02-12,0.3,2.0,0.703220926485667,1.7178468053829195,32.90968298790048
UNH,2025-02-12,0.3,4.0,0.6448985930156568,3.14628592002807,32.90968298790048
UNH,2025-02-12,0.3,8.0,0.5723819404371531,7.17859231777862,32.90968298790048
UNH,2025-02-12,0.3,16.0,0.5812820245641626,27.28654437631388,32.90968298790048
UNH,2025-02-12,3.0,0.25,0.9861441017203888,1.0987321378654349,32.90968298790048
UNH,2025-02-12,3.0,0.5,0.9450618268499249,1.1016561895099797,32.90968298790048
UNH,2025-02-12,3.0,1.0,0.874935074730339,1.1180434154727033,32.90968298790048
UNH,2025-02-12,3.0,2.0,0.788582524637803,1.1403871496655356,32.90968298790048
UNH,2025-02-12,3.0,4.0,0.7074320477699176,1.5906462824311618,32.90968298790048
UNH,2025-02-12,3.0,8.0,0.6532735605755133,2.91886211845376,32.90968298790048
UNH,2025-02-12,3.0,16.0,0.5717439625305718,6.434528579803972,32.90968298790048
UNH,2025-03-13,0.03,0.25,0.48082896548868537,19.901532480498485,29.840425765874247
UNH,2025-03-13,0.03,0.5,0.4637094980166151,19.27614635467502,29.840425765874247
UNH,2025-03-13,0.03,1.0,0.46017786309058445,18.18334487127739,29.840425765874247
UNH,2025-03-13,0.03,2.0,0.45311337150931974,16.61882238422837,29.840425765874247
UNH,2025-03-13,0.03,4.0,0.43897129485801756,15.969890504939151,29.840425765874247
UNH,2025-03-13,0.03,8.0,0.41317791593192255,19.974175632026032,29.840425765874247
UNH,2025-03-13,0.03,16.0,0.3582166872438423,37.10455790818106,29.840425765874247
UNH,2025-03-13,0.3,0.25,0.4903189891507723,20.050745209860892,29.840425765874247
UNH,2025-03-13,0.3,0.5,0.482088070892899,19.948568993597657,29.840425765874247
UNH,2025-03-13,0.3,1.0,0.4657820789690139,19.36230742406468,29.840425765874247
UNH,2025-03-13,0.3,2.0,0.46068417404782136,18.32729722587715,29.840425765874247
UNH,2025-03-13,0.3,4.0,0.45412699532206735,16.79238648435637,29.840425765874247
UNH,2025-03-13,0.3,8.0,0.4409987937892571,15.859804063172747,29.840425765874247
UNH,2025-03-13,0.3,16.0,0.4164496789237026,19.60629796477383,29.840425765874247
UNH,2025-03-13,3.0,0.25,0.4999397701603751,19.874770225134828,29.840425765874247
UNH,2025-03-13,3.0,0.5,0.4909236246086761,20.020526628013304,29.840425765874247
UNH,2025-03-13,3.0,1.0,0.4832569208098071,19.99249850082127,29.840425765874247
UNH,2025-03-13,3.0,2.0,0.46811977880282996,19.443311076447845,29.840425765874247
UNH,2025-03-13,3.0,4.0,0.46115419150491094,18.464740446580947,29.840425765874247
UNH,2025-03-13,3.0,8.0,0.45506725006717613,16.968630414809212,29.840425765874247
UNH,2025-03-13,3.0,16.0,0.44288095706913766,15.818461849789186,29.840425765874247
UNH,2025-04-10,0.03,0.25,0.29383364357731534,32.73274656874729,36.451445267681834
UNH,2025-04-10,0.03,0.5,0.2825726018283051,36.80450880276556,36.451445267681834
UNH,2025-04-10,0.03,1.0,0.2640503145416718,31.111285541406446,36.451445267681834
UNH,2025-04-10,0.03,2.0,0.22813042662599636,18.22583380709565,36.451445267681834
UNH,2025-04-10,0.03,4.0,0.1562907862496519,3.1810686660816043,36.451445267681834
UNH,2025-04-10,0.03,8.0,0.015778446739320655,14.926602658897577,36.451445267681834
UNH,2025-04-10,0.03,16.0,8.015227047435497e-263,19.954236129699982,36.451445267681834
UNH,2025-04-10,0.3,0.25,0.2998759830879011,30.651033896501392,36.451445267681834
UNH,2025-04-10,0.3,0.5,0.2946419585365262,32.45024780068447,36.451445267681834
UNH,2025-04-10,0.3,1.0,0.28418067284862814,36.20535852854091,36.451445267681834
UNH,2025-04-10,0.3,2.0,0.2666251338415344,32.172274953552574,36.451445267681834
UNH,2025-04-10,0.3,4.0,0.2332800524860212,19.853601083363326,36.451445267681834
UNH,2025-04-10,0.3,8.0,0.16659003796970154,4.459761661887473,36.451445267681834
UNH,2025-04-10,0.3,16.0,0.03531322813472803,9.849036890614009,36.451445267681834
UNH,2025-04-10,3.0,0.25,0.3026805886480244,29.708348967563783,36.451445267681834
UNH,2025-04-10,3.0,0.5,0.30025116965677257,30.524060561463287,36.451445267681834
UNH,2025-04-10,3.0,1.0,0.2953923316742692,32.18910977065937,36.451445267681834
UNH,2025-04-10,3.0,2.0,0.2856746557092624,35.653712274639446,36.451445267681834
UNH,2025-04-10,3.0,4.0,0.269015384343697,33.173653634241106,36.451445267681834
UNH,2025-04-10,3.0,8.0,0.2380605450952214,21.430459924536237,36.451445267681834
UNH,2025-04-10,3.0,16.0,0.1761510163253715,5.909888545080981,36.451445267681834
UNH,2025-05-09,0.03,0.25,0.25621818451667183,1.8027964980185962,46.48161117916851
UNH,2025-05-09,0.03,0.5,0.22878777898524058,1.5712270239233161,46.48161117916851
UNH,2025-05-09,0.03,1.0,0.19974593524222198,1.2184132091861215,46.48161117916851
UNH,2025-05-09,0.03,2.0,0.16105944665296484,1.031872852520613,46.48161117916851
UNH,2025-05-09,0.03,4.0,0.12866228541411778,1.7876618373294624,46.48161117916851
UNH,2025-05-09,0.03,8.0,0.06275175563570659,6.726300392328051,46.48161117916851
UNH,2025-05-09,0.03,16.0,0.0,22.586614091083057,46.48161117916851
UNH,2025-05-09,0.3,0.25,0.2741187350705468,1.9529716391851502,46.48161117916851
UNH,2025-05-09,0.3,0.5,0.25817952123993954,1.8219223621378005,46.48161117916851
UNH,2025-05-09,0.3,1.0,0.2327258220774354,1.6011418629156466,46.48161117916851
UNH,2025-05-09,0.3,2.0,0.20300592331993403,1.2595191566913562,46.48161117916851
UNH,2025-05-09,0.3,4.0,0.16351785141585864,1.0194609627608884,46.48161117916851
UNH,2025-05-09,0.3,8.0,0.13306224433710245,1.6365680857420755,46.48161117916851
UNH,2025-05-09,0.3,16.0,0.07230217194658077,5.367924372394358,46.48161117916851
UNH,2025-05-09,3.0,0.25,0.2883340929433749,1.9461767135533095,46.48161117916851
UNH,2025-05-09,3.0,0.5,0.2760075942707843,1.9627505863475052,46.48161117916851
UNH,2025-05-09,3.0,1.0,0.26000032024272485,1.8399293692645804,46.48161117916851
UNH,2025-05-09,3.0,2.0,0.23638157744603885,1.6298866329443378,46.48161117916851
UNH,2025-05-09,3.0,4.0,0.20603222817177788,1.3013929195196898,46.48161117916851
UNH,2025-05-09,3.0,8.0,0.16675378700770244,1.0209792169672545,46.48161117916851
UNH,2025-05-09,3.0,16.0,0.13714680437815863,1.5519760108636709,46.48161117916851
UNH,2025-06-09,0.03,0.25,0.2049318769514373,0.32822434498494824,46.29615950250205
UNH,2025-06-09,0.03,0.5,0.18626587432572786,0.3781129951350925,46.29615950250205
UNH,2025-06-09,0.03,1.0,0.1707673559235307,0.543861329992558,46.29615950250205
UNH,2025-06-09,0.03,2.0,0.15520972740423233,1.1077524244486157,46.29615950250205
UNH,2025-06-09,0.03,4.0,0.12695746677029354,1.8747661176233834,46.29615950250205
UNH,2025-06-09,0.03,8.0,0.07876274618898246,3.334733734234091,46.29615950250205
UNH,2025-06-09,0.03,16.0,0.0,11.207476907882487,46.29615950250205
UNH,2025-06-09,0.3,0.25,0.22554971725839523,0.31362742051553,46.29615950250205
UNH,2025-06-09,0.3,0.5,0.2067875010054121,0.32544320721755315,46.29615950250205
UNH,2025-06-09,0.3,1.0,0.18788560424888695,0.3701905233284988,46.29615950250205
UNH,2025-06-09,0.3,2.0,0.1719266085312978,0.514245116590928,46.29615950250205
UNH,2025-06-09,0.3,4.0,0.1573857966566483,1.0092832541230137,46.29615950250205
UNH,2025-06-09,0.3,8.0,0.13086395995160668,1.7885070421579554,46.29615950250205
UNH,2025-06-09,0.3,16.0,0.08546308226218992,3.024089868840552,46.29615950250205
UNH,2025-06-09,3.0,0.25,0.2410923403118241,0.3125430572887027,46.29615950250205
UNH,2025-06-09,3.0,0.5,0.22749325697885,0.3132747590900334,46.29615950250205
UNH,2025-06-09,3.0,1.0,0.20851010978307455,0.32296257432990844,46.29615950250205
UNH,2025-06-09,3.0,2.0,0.18973367858850654,0.36340070648298334,46.29615950250205
UNH,2025-06-09,3.0,4.0,0.1730103305883017,0.48767316986826487,46.29615950250205
UNH,2025-06-09,3.0,8.0,0.15941377472206372,0.9235073263445177,46.29615950250205
UNH,2025-06-09,3.0,16.0,0.13457685256772042,1.6707972645536364,46.29615950250205
UNH,2025-07-09,0.03,0.25,0.4658736543141997,1.1606445498183027,32.81696552455822
UNH,2025-07-09,0.03,0.5,0.42987383999896234,1.4754374923003497,32.81696552455822
UNH,2025-07-09,0.03,1.0,0.41614678590662013,2.273388448070392,32.81696552455822
UNH,2025-07-09,0.03,2.0,0.387992921407785,3.477601561340644,32.81696552455822
UNH,2025-07-09,0.03,4.0,0.3374411001530433,7.379367142963255,32.81696552455822
UNH,2025-07-09,0.03,8.0,0.3409693117140382,18.226016511686232,32.81696552455822
UNH,2025-07-09,0.03,16.0,0.3395603016047416,26.33756591493584,32.81696552455822
UNH,2025-07-09,0.3,0.25,0.4958800091122516,1.0223808216649026,32.81696552455822
UNH,2025-07-09,0.3,0.5,0.469298934050029,1.1402967482893933,32.81696552455822
UNH,2025-07-09,0.3,1.0,0.4316103086029042,1.426743188910651,32.81696552455822
UNH,2025-07-09,0.3,2.0,0.4181234177972678,2.1443859122391564,32.81696552455822
UNH,2025-07-09,0.3,4.0,0.3920398664509377,3.293865351223462,32.81696552455822
UNH,2025-07-09,0.3,8.0,0.3403672396807623,6.639621788765161,32.81696552455822
UNH,2025-07-09,0.3,16.0,0.3405207104449437,16.232739171828403,32.81696552455822
UNH,2025-07-09,3.0,0.25,0.5182220486359873,0.9715062187604846,32.81696552455822
UNH,2025-07-09,3.0,0.5,0.4980148489009958,1.014500165188126,32.81696552455822
UNH,2025-07-09,3.0,1.0,0.4724802196524358,1.1217343638714878,32.81696552455822
UNH,2025-07-09,3.0,2.0,0.4351339202531461,1.3826194422716447,32.81696552455822
UNH,2025-07-09,3.0,4.0,0.41995836029962647,2.029422800828963,32.81696552455822
UNH,2025-07-09,3.0,8.0,0.39579671743544603,3.140930791240737,32.81696552455822
UNH,2025-07-09,3.0,16.0,0.3478268056378915,6.052862301473001,32.81696552455822
UNH,2025-08-06,0.03,0.25,0.31742062382126945,0.25952139429995563,18.205164684032994
UNH,2025-08-06,0.03,0.5,0.31777611653674337,0.3560099373867135,18.205164684032994
UNH,2025-08-06,0.03,1.0,0.31904942976729256,0.6007405013762634,18.205164684032994
UNH,2025-08-06,0.03,2.0,0.3215960562283911,1.2975390612761295,18.205164684032994
UNH,2025-08-06,0.03,4.0,0.3266893091505881,3.5204859087590576,18.205164684032994
UNH,2025-08-06,0.03,8.0,0.33652781222049355,11.159544480589537,18.205164684032994
UNH,2025-08-06,0.03,16.0,0.34441343907902877,21.134238349227083,18.205164684032994
UNH,2025-08-06,0.3,0.25,0.3208645351136736,0.21456789104110238,18.205164684032994
UNH,2025-08-06,0.3,0.5,0.31778427886027305,0.25321438107078315,18.205164684032994
UNH,2025-08-06,0.3,1.0,0.3176848426007159,0.3411217341611008,18.205164684032994
UNH,2025-08-06,0.3,2.0,0.3188668818952376,0.5614109450677194,18.205164684032994
UNH,2025-08-06,0.3,4.0,0.3212309604842811,1.1806673492298758,18.205164684032994
UNH,2025-08-06,0.3,8.0,0.3259591176623682,3.133892086949885,18.205164684032994
UNH,2025-08-06,0.3,16.0,0.3353132881677955,9.86479713086666,18.205164684032994
UNH,2025-08-06,3.0,0.25,0.32401336753026533,0.19543630292657407,18.205164684032994
UNH,2025-08-06,3.0,0.5,0.32121626577520146,0.21194902432259288,18.205164684032994
UNH,2025-08-06,3.0,1.0,0.31812186629393824,0.24744085600978077,18.205164684032994
UNH,2025-08-06,3.0,2.0,0.3176001113842628,0.3276186024722023,18.205164684032994
UNH,2025-08-06,3.0,4.0,0.31869741946233154,0.5261720267092657,18.205164684032994
UNH,2025-08-06,3.0,8.0,0.32089203561846913,1.0772588925903868,18.205164684032994
UNH,2025-08-06,3.0,16.0,0.3252812679307441,2.7953526939804614,18.205164684032994
UNH,2025-09-04,0.03,0.25,0.35840628842275,0.18417969308684495,26.543071167669456
UNH,2025-09-04,0.03,0.5,0.3311423807448651,0.24682338054218447,26.543071167669456
UNH,2025-09-04,0.03,1.0,0.3203333903723699,0.40902921645020934,26.543071167669456
UNH,2025-09-04,0.03,2.0,0.31559196756152724,0.9131500457583418,26.543071167669456
UNH,2025-09-04,0.03,4.0,0.30610677177083523,2.6668283329932247,26.543071167669456
UNH,2025-09-04,0.03,8.0,0.28711731153655007,9.133775254980385,26.543071167669456
UNH,2025-09-04,0.03,16.0,0.23999131827803538,18.594456227132415,26.543071167669456
UNH,2025-09-04,0.3,0.25,0.37896255394184947,0.15553048041892215,26.543071167669456
UNH,2025-09-04,0.3,0.5,0.3611048311305595,0.1802012149126153,26.543071167669456
UNH,2025-09-04,0.3,1.0,0.33407647466646917,0.23671588572307145,26.543071167669456
UNH,2025-09-04,0.3,2.0,0.3206732661483638,0.3824392756680744,26.543071167669456
UNH,2025-09-04,0.3,4.0,0.3162717191135149,0.8256151801165438,26.543071167669456
UNH,2025-09-04,0.3,8.0,0.307467052173252,2.3544097300451337,26.543071167669456
UNH,2025-09-04,0.3,16.0,0.28983978356000073,7.963970610696595,26.543071167669456
UNH,2025-09-04,3.0,0.25,0.39251657584660626,0.14369711812067051,26.543071167669456
UNH,2025-09-04,3.0,0.5,0.38053159961588306,0.153828759497898,26.543071167669456
UNH,2025-09-04,3.0,1.0,0.3636145964233972,0.17652472936490396,26.543071167669456
UNH,2025-09-04,3.0,2.0,0.3370530888731698,0.22778115074646949,26.543071167669456
UNH,2025-09-04,3.0,4.0,0.32098877886969746,0.35889841837681496,26.543071167669456
UNH,2025-09-04,3.0,8.0,0.3169027445561822,0.7489272377451762,26.543071167669456
UNH,2025-09-04,3.0,16.0,0.30872982463853993,2.082667361651085,26.543071167669456
UNH,2025-10-02,0.03,0.25,0.2786348829431573,0.09233633999611328,27.955437309341768
UNH,2025-10-02,0.03,0.5,0.23247415000829028,0.09902637378274459,27.955437309341768
UNH,2025-10-02,0.03,1.0,0.19561366213477102,0.12093191726122086,27.955437309341768
UNH,2025-10-02,0.03,2.0,0.17245575442787414,0.35382320277885687,27.955437309341768
UNH,2025-10-02,0.03,4.0,0.12878206884419802,1.089669348798485,27.955437309341768
UNH,2025-10-02,0.03,8.0,0.04078159574614128,3.9111775495823706,27.955437309341768
UNH,2025-10-02,0.03,16.0,0.0,6.234276326585155,27.955437309341768
UNH,2025-10-02,0.3,0.25,0.32527285049001137,0.0835862475186817,27.955437309341768
UNH,2025-10-02,0.3,0.5,0.2834798355945331,0.0912982204965922,27.955437309341768
UNH,2025-10-02,0.3,1.0,0.2373901477296476,0.09792538091882862,27.955437309341768
UNH,2025-10-02,0.3,2.0,0.19731334064800077,0.11497420068275299,27.955437309341768
UNH,2025-10-02,0.3,4.0,0.17571355076165046,0.30359532772780595,27.955437309341768
UNH,2025-10-02,0.3,8.0,0.13490884639607226,0.980157800070663,27.955437309341768
UNH,2025-10-02,0.3,16.0,0.053662616374523346,3.309685292667201,27.955437309341768
UNH,2025-10-02,3.0,0.25,0.3517032135785495,0.07948820773358889,27.955437309341768
UNH,2025-10-02,3.0,0.5,0.32840245845807237,0.08318064691276837,27.955437309341768
UNH,2025-10-02,3.0,1.0,0.28829695586497367,0.09036746004623221,27.955437309341768
UNH,2025-10-02,3.0,2.0,0.2435325857282552,0.09740997668023031,27.955437309341768
UNH,2025-10-02,3.0,4.0,0.19889118240954853,0.11095241736675229,27.955437309341768
UNH,2025-10-02,3.0,8.0,0.17876142464832945,0.26184915457478986,27.955437309341768
UNH,2025-10-02,3.0,16.0,0.14061016530082715,0.8961943514771711,27.955437309341768
UNH,2025-10-30,0.03,0.25,0.3774452619049993,0.17450487339110674,19.051409525303384
UNH,2025-10-30,0.03,0.5,0.3029652411654943,0.19224681666747703,19.051409525303384
UNH,2025-10-30,0.03,1.0,0.1930019031008804,0.2991204416583779,19.051409525303384
UNH,2025-10-30,0.03,2.0,0.12837279858217093,0.35336862501127314,19.051409525303384
UNH,2025-10-30,0.03,4.0,0.0685029114571172,1.003479563716253,19.051409525303384
UNH,2025-10-30,0.03,8.0,0.0,4.005947274606286,19.051409525303384
UNH,2025-10-30,0.03,16.0,0.0,4.005947274606286,19.051409525303384
UNH,2025-10-30,0.3,0.25,0.4428064622299306,0.17183609946403963,19.051409525303384
UNH,2025-10-30,0.3,0.5,0.3842543497005516,0.17172386606929116,19.051409525303384
UNH,2025-10-30,0.3,1.0,0.3112067364857133,0.18638939373934316,19.051409525303384
UNH,2025-10-30,0.3,2.0,0.2050127672614403,0.2797926071151671,19.051409525303384
UNH,2025-10-30,0.3,4.0,0.1323363440794617,0.34609253855880623,19.051409525303384
UNH,2025-10-30,0.3,8.0,0.07717310817217594,0.7995589658883919,19.051409525303384
UNH,2025-10-30,0.3,16.0,0.0,4.005947274606286,19.051409525303384
UNH,2025-10-30,3.0,0.25,0.48531651708543133,0.17443555113520526,19.051409525303384
UNH,2025-10-30,3.0,0.5,0.44811711694855355,0.17221872998385376,19.051409525303384
UNH,2025-10-30,3.0,1.0,0.3917175990637854,0.1705946106566703,19.051409525303384
UNH,2025-10-30,3.0,2.0,0.3197628823855468,0.1832384386734579,19.051409525303384
UNH,2025-10-30,3.0,4.0,0.22006266085955803,0.2624750219846917,19.051409525303384
UNH,2025-10-30,3.0,8.0,0.1360470610756293,0.34358114343290874,19.051409525303384
UNH,2025-10-30,3.0,16.0,0.08522180582374451,0.6456701337152349,19.051409525303384
UNH,2025-11-28,0.03,0.25,0.4706762656955419,40.616687424816966,16.392051469837412
UNH,2025-11-28,0.03,0.5,0.39009126716924486,38.5588885642404,16.392051469837412
UNH,2025-11-28,0.03,1.0,0.2772804153276236,34.720785532585815,16.392051469837412
UNH,2025-11-28,0.03,2.0,0.25722521473268106,27.66623247670469,16.392051469837412
UNH,2025-11-28,0.03,4.0,0.2180409306551402,17.828119841388496,16.392051469837412
UNH,2025-11-28,0.03,8.0,0.1380949038073581,12.100806651459552,16.392051469837412
UNH,2025-11-28,0.03,16.0,0.0,22.40529967316429,16.392051469837412
UNH,2025-11-28,0.3,0.25,0.5396567965732046,41.75165682745568,16.392051469837412
UNH,2025-11-28,0.3,0.5,0.4791542478667791,40.766838617755795,16.392051469837412
UNH,2025-11-28,0.3,1.0,0.39866159586851657,38.8473753979919,16.392051469837412
UNH,2025-11-28,0.3,2.0,0.28868882690518466,35.258465014983365,16.392051469837412
UNH,2025-11-28,0.3,4.0,0.26003028303552467,28.590125862434874,16.392051469837412
UNH,2025-11-28,0.3,8.0,0.22365856463925202,18.88845216771919,16.392051469837412
UNH,2025-11-28,0.3,16.0,0.1498887773670367,12.401101677968308,16.392051469837412
UNH,2025-11-28,3.0,0.25,0.5788654448386421,42.28670363888153,16.392051469837412
UNH,2025-11-28,3.0,0.5,0.5449035531736932,41.82285351010792,16.392051469837412
UNH,2025-11-28,3.0,1.0,0.4870245093422958,40.90668502697045,16.392051469837412
UNH,2025-11-28,3.0,2.0,0.4066331108890652,39.11782006163373,16.392051469837412
UNH,2025-11-28,3.0,4.0,0.3031715458701583,35.755704903269134,16.392051469837412
UNH,2025-11-28,3.0,8.0,0.26262957681008725,29.473724764855476,16.392051469837412
UNH,2025-11-28,3.0,16.0,0.22887351407364748,19.9776633991576,16.392051469837412
UNH,2025-12-29,0.03,0.25,0.30863362516202253,18.345003131007072,16.53826330230756
UNH,2025-12-29,0.03,0.5,0.26964405513302403,16.6077731018938,16.53826330230756
UNH,2025-12-29,0.03,1.0,0.22872416366866308,13.40994607499332,16.53826330230756
UNH,2025-12-29,0.03,2.0,0.20377508882209483,8.139420350458114,16.53826330230756
UNH,2025-12-29,0.03,4.0,0.15387001985655988,2.5649136911229053,16.53826330230756
UNH,2025-12-29,0.03,8.0,0.05373207662534156,10.093491709777595,16.53826330230756
UNH,2025-12-29,0.03,16.0,0.0,21.748633782350407,16.53826330230756
UNH,2025-12-29,0.3,0.25,0.34637197217914634,18.231364549819656,16.53826330230756
UNH,2025-12-29,0.3,0.5,0.3135238646487595,18.47233283650286,16.53826330230756
UNH,2025-12-29,0.3,1.0,0.27468701308627846,16.850248544498,16.53826330230756
UNH,2025-12-29,0.3,2.0,0.23091943047053837,13.850573698546038,16.53826330230756
UNH,2025-12-29,0.3,4.0,0.20735239561740923,8.793375081996972,16.53826330230756
UNH,2025-12-29,0.3,8.0,0.16102463344718876,2.957458387356178,16.53826330230756
UNH,2025-12-29,0.3,16.0,0.06812551884791893,7.656019781459691,16.53826330230756
UNH,2025-12-29,3.0,0.25,0.3680323439528653,17.741233793670645,16.53826330230756
UNH,2025-12-29,3.0,0.5,0.34902391353651685,18.165419519465267,16.53826330230756
UNH,2025-12-29,3.0,1.0,0.3180618288963837,18.59109952136963,16.53826330230756
UNH,2025-12-29,3.0,2.0,0.2794848697535648,17.077144692877628,16.53826330230756
UNH,2025-12-29,3.0,4.0,0.2368549805006117,14.26000663681843,16.53826330230756
UNH,2025-12-29,3.0,8.0,0.210673273072517,9.43090884441903,16.53826330230756
UNH,2025-12-29,3.0,16.0,0.16766638835740413,3.4436884691112386,16.53826330230756
UNH,2026-01-28,0.03,0.25,0.2336208060252505,0.09670743748956179,28.139373054809067
UNH,2026-01-28,0.03,0.5,0.19563073940457051,0.1269383028900314,28.139373054809067
UNH,2026-01-28,0.03,1.0,0.1453567624946089,0.17123405791504112,28.139373054809067
UNH,2026-01-28,0.03,2.0,0.12046911198730667,0.25414020698409434,28.139373054809067
UNH,2026-01-28,0.03,4.0,0.08558246322236578,0.7060572846275628,28.139373054809067
UNH,2026-01-28,0.03,8.0,0.016687929002370108,3.3420708429759087,28.139373054809067
UNH,2026-01-28,0.03,16.0,0.0,4.400713283516121,28.139373054809067
UNH,2026-01-28,0.3,0.25,0.26089478237116326,0.09159012250561131,28.139373054809067
UNH,2026-01-28,0.3,0.5,0.2363984800128185,0.09568812412998136,28.139373054809067
UNH,2026-01-28,0.3,1.0,0.20044234544288975,0.12183348357649872,28.139373054809067
UNH,2026-01-28,0.3,2.0,0.15253298731117318,0.16699963889244887,28.139373054809067
UNH,2026-01-28,0.3,4.0,0.12301997877693235,0.23807855687394647,28.139373054809067
UNH,2026-01-28,0.3,8.0,0.09046415672831234,0.6269831369657154,28.139373054809067
UNH,2026-01-28,0.3,16.0,0.026802346572202686,2.786981287443726,28.139373054809067
UNH,2026-01-28,3.0,0.25,0.2811912765723549,0.09086165638295006,28.139373054809067
UNH,2026-01-28,3.0,0.5,0.2633113983264111,0.09151798384886824,28.139373054809067
UNH,2026-01-28,3.0,1.0,0.2392648460901199,0.09482777421783918,28.139373054809067
UNH,2026-01-28,3.0,2.0,0.20560552835690551,0.11735749579293726,28.139373054809067
UNH,2026-01-28,3.0,4.0,0.1592210606068838,0.1623768903523289,28.139373054809067
UNH,2026-01-28,3.0,8.0,0.1253985203118364,0.22624816014171437,28.139373054809067
UNH,2026-01-28,3.0,16.0,0.0949959195415767,0.5667736392934288,28.139373054809067
UNH,2026-02-26,0.03,0.25,0.4151219201343079,0.4112662627702633,29.332033918044132
UNH,2026-02-26,0.03,0.5,0.396882552860782,0.5356932929536372,29.332033918044132
UNH,2026-02-26,0.03,1.0,0.3793311269795755,0.8589156441982795,29.332033918044132
UNH,2026-02-26,0.03,2.0,0.342760856735617,0.8185957324330221,29.332033918044132
UNH,2026-02-26,0.03,4.0,0.3432734893435887,2.3657012236013686,29.332033918044132
UNH,2026-02-26,0.03,8.0,0.3511704553867604,9.268448618312718,29.332033918044132
UNH,2026-02-26,0.03,16.0,0.35981287309458676,20.99799980341358,29.332033918044132
UNH,2026-02-26,0.3,0.25,0.4267742996342634,0.3573076981331936,29.332033918044132
UNH,2026-02-26,0.3,0.5,0.4164496147084619,0.40352891724010276,29.332033918044132
UNH,2026-02-26,0.3,1.0,0.39928430838950657,0.5161127530798367,29.332033918044132
UNH,2026-02-26,0.3,2.0,0.3818635946426753,0.805991295523187,29.332033918044132
UNH,2026-02-26,0.3,4.0,0.34796812153792955,0.8134727092068456,29.332033918044132
UNH,2026-02-26,0.3,8.0,0.3427073869070062,2.0621436086870344,29.332033918044132
UNH,2026-02-26,0.3,16.0,0.35003867285662776,7.973120421209341,29.332033918044132
UNH,2026-02-26,3.0,0.25,0.4417395324679213,0.33258525175205506,29.332033918044132
UNH,2026-02-26,3.0,0.5,0.42840768695408027,0.35416309216946273,29.332033918044132
UNH,2026-02-26,3.0,1.0,0.41768061998482264,0.3965419892802643,29.332033918044132
UNH,2026-02-26,3.0,2.0,0.40173906108274177,0.49840526357574694,29.332033918044132
UNH,2026-02-26,3.0,4.0,0.38421064492270346,0.7586489679210544,29.332033918044132
UNH,2026-02-26,3.0,8.0,0.3528021179699453,0.8158899330640665,29.332033918044132
UNH,2026-02-26,3.0,16.0,0.34218186395734185,1.8032448423346217,29.332033918044132
UNH,2026-03-26,0.03,0.25,0.3430823242406328,0.16605936478965796,26.912055208724453
UNH,2026-03-26,0.03,0.5,0.33728034641172033,0.2227218609698264,26.912055208724453
UNH,2026-03-26,0.03,1.0,0.33861542322613486,0.37088649238461097,26.912055208724453
UNH,2026-03-26,0.03,2.0,0.3412854437770638,0.826406622484181,26.912055208724453
UNH,2026-03-26,0.03,4.0,0.34661686484623333,2.370652990018352,26.912055208724453
UNH,2026-03-26,0.03,8.0,0.35725751260546496,7.981258170176279,26.912055208724453
UNH,2026-03-26,0.03,16.0,0.3706445529401967,17.11054623144621,26.912055208724453
UNH,2026-03-26,0.3,0.25,0.34712267451341666,0.1411479607713235,26.912055208724453
UNH,2026-03-26,0.3,0.5,0.3436228227611514,0.16248978629455804,26.912055208724453
UNH,2026-03-26,0.3,1.0,0.3371846451240662,0.21413924356555006,26.912055208724453
UNH,2026-03-26,0.3,2.0,0.33842402065082655,0.3463866037677273,26.912055208724453
UNH,2026-03-26,0.3,4.0,0.34090266219822574,0.7480676532616761,26.912055208724453
UNH,2026-03-26,0.3,8.0,0.3458540462572788,2.097902654095051,26.912055208724453
UNH,2026-03-26,0.3,16.0,0.35573205336392166,6.969980408578038,26.912055208724453
UNH,2026-03-26,3.0,0.25,0.35142190711823473,0.1295176436253704,26.912055208724453
UNH,2026-03-26,3.0,0.5,0.3473703714744465,0.13969348133063722,26.912055208724453
UNH,2026-03-26,3.0,1.0,0.3441245771406361,0.1592416165325883,26.912055208724453
UNH,2026-03-26,3.0,2.0,0.3376266280155904,0.20618949362236785,26.912055208724453
UNH,2026-03-26,3.0,4.0,0.33824633823957134,0.3246190746847856,26.912055208724453
UNH,2026-03-26,3.0,8.0,0.3405473192578162,0.6792488445271068,26.912055208724453
UNH,2026-03-26,3.0,16.0,0.345145908208366,1.8602009808058326,26.912055208724453
UNH,2026-04-24,0.03,0.25,0.4311884736443744,0.07798192465057915,24.274378531826407
UNH,2026-04-24,0.03,0.5,0.41336624578734926,0.08940319048957525,24.274378531826407
UNH,2026-04-24,0.03,1.0,0.3969749415108561,0.14745108025203285,24.274378531826407
UNH,2026-04-24,0.03,2.0,0.3988717404214237,0.47194352309118764,24.274378531826407
UNH,2026-04-24,0.03,4.0,0.4026600374388726,1.8208489264460008,24.274378531826407
UNH,2026-04-24,0.03,8.0,0.4099669969085114,7.1500599947373225,24.274378531826407
UNH,2026-04-24,0.03,16.0,0.41475775557318695,17.942337576934786,24.274378531826407
UNH,2026-04-24,0.3,0.25,0.46234881798027294,0.07124758009938402,24.274378531826407
UNH,2026-04-24,0.3,0.5,0.43409904982680825,0.07514614060034504,24.274378531826407
UNH,2026-04-24,0.3,1.0,0.4152382435779165,0.08889387026057574,24.274378531826407
UNH,2026-04-24,0.3,2.0,0.3968385166381633,0.13312862609151208,24.274378531826407
UNH,2026-04-24,0.3,4.0,0.3986001868308947,0.4111318496002845,24.274378531826407
UNH,2026-04-24,0.3,8.0,0.4021169302578145,1.570101977399892,24.274378531826407
UNH,2026-04-24,0.3,16.0,0.40913531906194767,6.2938412008461375,24.274378531826407
UNH,2026-04-24,3.0,0.25,0.48178554559930037,0.0737079452577907,24.274378531826407
UNH,2026-04-24,3.0,0.5,0.46474892046880734,0.07151931703157441,24.274378531826407
UNH,2026-04-24,3.0,1.0,0.4371120978854446,0.0726017986747788,24.274378531826407
UNH,2026-04-24,3.0,2.0,0.4169760523861653,0.08880574640821744,24.274378531826407
UNH,2026-04-24,3.0,4.0,0.39671187100501965,0.12091649255715278,24.274378531826407
UNH,2026-04-24,3.0,8.0,0.39834809880818933,0.358975486106468,24.274378531826407
UNH,2026-04-24,3.0,16.0,0.4016127542124037,1.3545139033765408,24.274378531826407
UNH,2026-05-22,0.03,0.25,0.478001466598288,0.10417588973488164,25.096342511116625
UNH,2026-05-22,0.03,0.5,0.4242549417278707,0.13515976540288135,25.096342511116625
UNH,2026-05-22,0.03,1.0,0.41552684207591584,0.28680180726350674,25.096342511116625
UNH,2026-05-22,0.03,2.0,0.4154611705220961,0.9309979815807911,25.096342511116625
UNH,2026-05-22,0.03,4.0,0.4153295096999189,3.5531912021571146,25.096342511116625
UNH,2026-05-22,0.03,8.0,0.4147536957336878,13.317103071328171,25.096342511116625
UNH,2026-05-22,0.03,16.0,0.40234873028901214,24.321180519493872,25.096342511116625
UNH,2026-05-22,0.3,0.25,0.5468789272190134,0.09781105292762256,25.096342511116625
UNH,2026-05-22,0.3,0.5,0.48531172577421555,0.10272614076414151,25.096342511116625
UNH,2026-05-22,0.3,1.0,0.4287040053740764,0.12968034152079105,25.096342511116625
UNH,2026-05-22,0.3,2.0,0.4155315495595564,0.25771273719309745,25.096342511116625
UNH,2026-05-22,0.3,4.0,0.4154705854893773,0.8113244305693162,25.096342511116625
UNH,2026-05-22,0.3,8.0,0.41534865734901916,3.0687313800442055,25.096342511116625
UNH,2026-05-22,0.3,16.0,0.41505472544084643,12.02290687066275,25.096342511116625
UNH,2026-05-22,3.0,0.25,0.5850527899867812,0.09847752884170093,25.096342511116625
UNH,2026-05-22,3.0,0.5,0.5518524951766638,0.0977524484342735,25.096342511116625
UNH,2026-05-22,3.0,1.0,0.4935691878980043,0.10157479961315191,25.096342511116625
UNH,2026-05-22,3.0,2.0,0.43325996562148306,0.12449375789168915,25.096342511116625
UNH,2026-05-22,3.0,4.0,0.4155340048857883,0.23249397697317892,25.096342511116625
UNH,2026-05-22,3.0,8.0,0.4154793255707776,0.7084136347588629,25.096342511116625
UNH,2026-05-22,3.0,16.0,0.4153661375118196,2.6509292340913415,25.096342511116625
HD,2024-10-16,0.03,0.25,0.5565889014849538,0.13934164080315423,12.595036279536595
HD,2024-10-16,0.03,0.5,0.4747869790514512,0.23028321162674079,12.595036279536595
HD,2024-10-16,0.03,1.0,0.3731665428846769,0.4613333561502185,12.595036279536595
HD,2024-10-16,0.03,2.0,0.21995595716764926,0.6790796308618906,12.595036279536595
HD,2024-10-16,0.03,4.0,0.08009311323656271,2.7293493089739447,12.595036279536595
HD,2024-10-16,0.03,8.0,0.0,3.911831283448025,12.595036279536595
HD,2024-10-16,0.03,16.0,0.0,3.911831283448025,12.595036279536595
HD,2024-10-16,0.3,0.25,0.6631560347291733,0.11127063870995145,12.595036279536595
HD,2024-10-16,0.3,0.5,0.5649496637652319,0.13495215724399004,12.595036279536595
HD,2024-10-16,0.3,1.0,0.48427196827981167,0.21274683480178214,12.595036279536595
HD,2024-10-16,0.3,2.0,0.3841441023065889,0.4150977263509324,12.595036279536595
HD,2024-10-16,0.3,4.0,0.24193393653896622,0.6886213994358521,12.595036279536595
HD,2024-10-16,0.3,8.0,0.09911057680815352,2.206095151303551,12.595036279536595
HD,2024-10-16,0.3,16.0,0.0,3.911831283448025,12.595036279536595
HD,2024-10-16,3.0,0.25,0.7500860642441177,0.10457402197033026,12.595036279536595
HD,2024-10-16,3.0,0.5,0.6738895626642212,0.11014837789740671,12.595036279536595
HD,2024-10-16,3.0,1.0,0.5747075478406412,0.13105065907370195,12.595036279536595
HD,2024-10-16,3.0,2.0,0.4930770522976709,0.1978099754831902,12.595036279536595
HD,2024-10-16,3.0,4.0,0.3943191262894971,0.37722908055637133,12.595036279536595
HD,2024-10-16,3.0,8.0,0.26233596312660434,0.7090019409186187,12.595036279536595
HD,2024-10-16,3.0,16.0,0.11676482611966026,1.7894338332942574,12.595036279536595
HD,2024-11-13,0.03,0.25,0.5300154323015869,0.2916418332661752,15.351091614892539
HD,2024-11-13,0.03,0.5,0.43614648298917846,0.42604887503028716,15.351091614892539
HD,2024-11-13,0.03,1.0,0.3332334527599842,0.8295134866186356,15.351091614892539
HD,2024-11-13,0.03,2.0,0.2516609739713829,1.2833052067887227,15.351091614892539
HD,2024-11-13,0.03,4.0,0.1762535088304374,2.581034042650602,15.351091614892539
HD,2024-11-13,0.03,8.0,0.013449292311036485,6.477766964659711,15.351091614892539
HD,2024-11-13,0.03,16.0,0.0,6.906460317148435,15.351091614892539
HD,2024-11-13,0.3,0.25,0.5973496449389173,0.24157665536281742,15.351091614892539
HD,2024-11-13,0.3,0.5,0.5374833645888524,0.2843556481628005,15.351091614892539
HD,2024-11-13,0.3,1.0,0.44958089200650936,0.4038358314480001,15.351091614892539
HD,2024-11-13,0.3,2.0,0.34649547343934706,0.7591714327500064,15.351091614892539
HD,2024-11-13,0.3,4.0,0.25718080274225885,1.2260007629406864,15.351091614892539
HD,2024-11-13,0.3,8.0,0.18698143870861678,2.3410814549830694,15.351091614892539
HD,2024-11-13,0.3,16.0,0.03722112233751525,5.7239596212252,15.351091614892539
HD,2024-11-13,3.0,0.25,0.651344197779471,0.21241657517328075,15.351091614892539
HD,2024-11-13,3.0,0.5,0.603468254790082,0.23816213863230032,15.351091614892539
HD,2024-11-13,3.0,1.0,0.5452898633555981,0.2777406107743966,15.351091614892539
HD,2024-11-13,3.0,2.0,0.4620732170470463,0.3833662991699642,15.351091614892539
HD,2024-11-13,3.0,4.0,0.35880918363249126,0.6979947010656093,15.351091614892539
HD,2024-11-13,3.0,8.0,0.26230495785952923,1.1835919679266567,15.351091614892539
HD,2024-11-13,3.0,16.0,0.19694036661468456,2.1570313518031266,15.351091614892539
HD,2024-12-12,0.03,0.25,0.5643414205490733,0.17818193756381054,16.160107307790128
HD,2024-12-12,0.03,0.5,0.4073620440863746,0.21147038930209439,16.160107307790128
HD,2024-12-12,0.03,1.0,0.32291637738489226,0.35430283025909426,16.160107307790128
HD,2024-12-12,0.03,2.0,0.18569698856653022,0.4903133941236121,16.160107307790128
HD,2024-12-12,0.03,4.0,0.06350343108148884,2.2622050921633226,16.160107307790128
HD,2024-12-12,0.03,8.0,0.0,5.208425820249582,16.160107307790128
HD,2024-12-12,0.03,16.0,0.0,5.208425820249582,16.160107307790128
HD,2024-12-12,0.3,0.25,0.6755318295492108,0.14010412252254403,16.160107307790128
HD,2024-12-12,0.3,0.5,0.5792191062514644,0.1716389671983283,16.160107307790128
HD,2024-12-12,0.3,1.0,0.42513049015664484,0.21225295684557696,16.160107307790128
HD,2024-12-12,0.3,2.0,0.3327683397842555,0.3177299145306568,16.160107307790128
HD,2024-12-12,0.3,4.0,0.20542540695653547,0.5226036132942428,16.160107307790128
HD,2024-12-12,0.3,8.0,0.07850252918071796,1.8212336199961434,16.160107307790128
HD,2024-12-12,0.3,16.0,0.0,5.208425820249582,16.160107307790128
HD,2024-12-12,3.0,0.25,0.7315706272307284,0.13069414950571487,16.160107307790128
HD,2024-12-12,3.0,0.5,0.6824325967828998,0.13857914324420584,16.160107307790128
HD,2024-12-12,3.0,1.0,0.5930255766399305,0.16592442143927433,16.160107307790128
HD,2024-12-12,3.0,2.0,0.44185527292396615,0.20846646242867972,16.160107307790128
HD,2024-12-12,3.0,4.0,0.3419147498905447,0.28866252462870445,16.160107307790128
HD,2024-12-12,3.0,8.0,0.2236526255129283,0.5017646432870662,16.160107307790128
HD,2024-12-12,3.0,16.0,0.09371712425380016,1.4540063112596533,16.160107307790128
HD,2025-01-14,0.03,0.25,0.45611553512723907,0.1214643569878101,13.803530878088365
HD,2025-01-14,0.03,0.5,0.3713454267835187,0.2062955632871951,13.803530878088365
HD,2025-01-14,0.03,1.0,0.30709250303585034,0.41003973130984667,13.803530878088365
HD,2025-01-14,0.03,2.0,0.27499503229087147,1.101182647467968,13.803530878088365
HD,2025-01-14,0.03,4.0,0.21322614732666667,2.8564989854147687,13.803530878088365
HD,2025-01-14,0.03,8.0,0.09057819966704364,7.860479627083928,13.803530878088365
HD,2025-01-14,0.03,16.0,0.0,12.361221702451031,13.803530878088365
HD,2025-01-14,0.3,0.25,0.5525686507918737,0.08964195655976964,13.803530878088365
HD,2025-01-14,0.3,0.5,0.46742549533681876,0.11670859539606676,13.803530878088365
HD,2025-01-14,0.3,1.0,0.3800867869597957,0.19295483999377447,13.803530878088365
HD,2025-01-14,0.3,2.0,0.30943843487122064,0.37970881798883105,13.803530878088365
HD,2025-01-14,0.3,4.0,0.27952129557618427,0.9737732817364748,13.803530878088365
HD,2025-01-14,0.3,8.0,0.2219547041620755,2.5720859895738872,13.803530878088365
HD,2025-01-14,0.3,16.0,0.10835559039162623,6.99620955433154,13.803530878088365
HD,2025-01-14,3.0,0.25,0.6003129515084071,0.08152577948585911,13.803530878088365
HD,2025-01-14,3.0,0.5,0.5588768385434346,0.0883299254615514,13.803530878088365
HD,2025-01-14,3.0,1.0,0.4779107642774534,0.1120685839694478,13.803530878088365
HD,2025-01-14,3.0,2.0,0.3882369377132835,0.17903865233968316,13.803530878088365
HD,2025-01-14,3.0,4.0,0.3150448481450783,0.3533844425930544,13.803530878088365
HD,2025-01-14,3.0,8.0,0.2837231062008042,0.8687534695332086,13.803530878088365
HD,2025-01-14,3.0,16.0,0.2300998995330176,2.341314068223932,13.803530878088365
HD,2025-02-12,0.03,0.25,0.2860539075336544,0.04914609313655072,16.597033285110616
HD,2025-02-12,0.03,0.5,0.2518847744970699,0.09026785528550117,16.597033285110616
HD,2025-02-12,0.03,1.0,0.20813722950924624,0.1863073239236698,16.597033285110616
HD,2025-02-12,0.03,2.0,0.1647695614791536,0.44382779740938677,16.597033285110616
HD,2025-02-12,0.03,4.0,0.08186037682483449,0.9614306691928419,16.597033285110616
HD,2025-02-12,0.03,8.0,0.0,2.1207687600848466,16.597033285110616
HD,2025-02-12,0.03,16.0,0.0,2.1207687600848466,16.597033285110616
HD,2025-02-12,0.3,0.25,0.3254744204388278,0.033989542706698274,16.597033285110616
HD,2025-02-12,0.3,0.5,0.28939113350114637,0.046714328459017705,16.597033285110616
HD,2025-02-12,0.3,1.0,0.2566823780407728,0.0849750065576729,16.597033285110616
HD,2025-02-12,0.3,2.0,0.21131362910444765,0.1697627078325383,16.597033285110616
HD,2025-02-12,0.3,4.0,0.17092474305011715,0.42390929910679936,16.597033285110616
HD,2025-02-12,0.3,8.0,0.09333137671371056,0.9182206666064432,16.597033285110616
HD,2025-02-12,0.3,16.0,0.0,2.1207687600848466,16.597033285110616
HD,2025-02-12,3.0,0.25,0.3495648534745847,0.03000760385687293,16.597033285110616
HD,2025-02-12,3.0,0.5,0.3284519826921632,0.03335865328462419,16.597033285110616
HD,2025-02-12,3.0,1.0,0.2934292199933877,0.044503773676585374,16.597033285110616
HD,2025-02-12,3.0,2.0,0.26114955408482377,0.07970582759256317,16.597033285110616
HD,2025-02-12,3.0,4.0,0.2142871090113379,0.1537189177155059,16.597033285110616
HD,2025-02-12,3.0,8.0,0.17667331642256942,0.39198147699164143,16.597033285110616
HD,2025-02-12,3.0,16.0,0.10398010971262671,0.9118759220562385,16.597033285110616
HD,2025-03-13,0.03,0.25,0.5789015902883176,0.22027907080846756,15.588963001579732
HD,2025-03-13,0.03,0.5,0.5116029942748107,0.20223809580655774,15.588963001579732
HD,2025-03-13,0.03,1.0,0.4576233685755533,0.29463138553561347,15.588963001579732
HD,2025-03-13,0.03,2.0,0.3849007729073435,0.7578962009505914,15.588963001579732
HD,2025-03-13,0.03,4.0,0.37177632856938325,2.538247536877142,15.588963001579732
HD,2025-03-13,0.03,8.0,0.37567749126449834,11.832335646512087,15.588963001579732
HD,2025-03-13,0.03,16.0,0.3775945626286108,20.342484934639348,15.588963001579732
HD,2025-03-13,0.3,0.25,0.6436240384540242,0.2547644804245119,15.588963001579732
HD,2025-03-13,0.3,0.5,0.5868708813751491,0.223904052202544,15.588963001579732
HD,2025-03-13,0.3,1.0,0.5209163043756013,0.20082980104566042,15.588963001579732
HD,2025-03-13,0.3,2.0,0.4628169151967032,0.28040549789486124,15.588963001579732
HD,2025-03-13,0.3,4.0,0.3953585672754185,0.6786196245425049,15.588963001579732
HD,2025-03-13,0.3,8.0,0.3713827652456963,2.1464922657702115,15.588963001579732
HD,2025-03-13,0.3,16.0,0.37538992061238374,10.227060271411872,15.588963001579732
HD,2025-03-13,3.0,0.25,0.6957728617582954,0.27432408962169424,15.588963001579732
HD,2025-03-13,3.0,0.5,0.648368655055585,0.25728989597932583,15.588963001579732
HD,2025-03-13,3.0,1.0,0.5949889965558091,0.22784026801750795,15.588963001579732
HD,2025-03-13,3.0,2.0,0.5296680199796986,0.2007161160321284,15.588963001579732
HD,2025-03-13,3.0,4.0,0.46768024452830426,0.2636612150269195,15.588963001579732
HD,2025-03-13,3.0,8.0,0.40500010545174314,0.6069018647532837,15.588963001579732
HD,2025-03-13,3.0,16.0,0.37101741341998734,1.8275467426956011,15.588963001579732
HD,2025-04-10,0.03,0.25,0.4091483674159009,0.0797647436091198,19.532562934839593
HD,2025-04-10,0.03,0.5,0.32722879736678034,0.12733273831022035,19.532562934839593
HD,2025-04-10,0.03,1.0,0.27218712808475504,0.2608406815053511,19.532562934839593
HD,2025-04-10,0.03,2.0,0.22999268976020748,0.7779730747522499,19.532562934839593
HD,2025-04-10,0.03,4.0,0.16988806841558268,2.7674794040628963,19.532562934839593
HD,2025-04-10,0.03,8.0,0.04824076079213459,8.75235432437226,19.532562934839593
HD,2025-04-10,0.03,16.0,0.0,10.285016657358442,19.532562934839593
HD,2025-04-10,0.3,0.25,0.48409511595152316,0.06521189617149316,19.532562934839593
HD,2025-04-10,0.3,0.5,0.4175534592260427,0.07721795750515054,19.532562934839593
HD,2025-04-10,0.3,1.0,0.3338853417198089,0.12078657498175857,19.532562934839593
HD,2025-04-10,0.3,2.0,0.275700385112841,0.23741296881182417,19.532562934839593
HD,2025-04-10,0.3,4.0,0.23430023796869975,0.6878713590101008,19.532562934839593
HD,2025-04-10,0.3,8.0,0.17850541889121693,2.3981703814631166,19.532562934839593
HD,2025-04-10,0.3,16.0,0.06607661296748393,8.20634664922863,19.532562934839593
HD,2025-04-10,3.0,0.25,0.540579574570906,0.0646664761757295,19.532562934839593
HD,2025-04-10,3.0,0.5,0.49053312414357836,0.06465406606528562,19.532562934839593
HD,2025-04-10,3.0,1.0,0.4253560552843316,0.07500310057442792,19.532562934839593
HD,2025-04-10,3.0,2.0,0.3404911481348778,0.11407542105256026,19.532562934839593
HD,2025-04-10,3.0,4.0,0.27896208225776575,0.21762519987225756,19.532562934839593
HD,2025-04-10,3.0,8.0,0.23829764619965688,0.6101407965389841,19.532562934839593
HD,2025-04-10,3.0,16.0,0.18650489473446424,2.0805346418570903,19.532562934839593
HD,2025-05-09,0.03,0.25,0.4146837055598941,0.39175272259848143,19.253969702967016
HD,2025-05-09,0.03,0.5,0.3523739469275239,0.3467768766298381,19.253969702967016
HD,2025-05-09,0.03,1.0,0.27751535659585924,0.3890550247543853,19.253969702967016
HD,2025-05-09,0.03,2.0,0.18799037617823633,0.524596193776621,19.253969702967016
HD,2025-05-09,0.03,4.0,0.1289646846156474,1.4787555174580072,19.253969702967016
HD,2025-05-09,0.03,8.0,0.009798325970813471,5.9481176786214425,19.253969702967016
HD,2025-05-09,0.03,16.0,0.0,6.363494567896826,19.253969702967016
HD,2025-05-09,0.3,0.25,0.48030003769118895,0.4344737737310378,19.253969702967016
HD,2025-05-09,0.3,0.5,0.4209635012925804,0.3965072477087814,19.253969702967016
HD,2025-05-09,0.3,1.0,0.360826940044702,0.3514967620166477,19.253969702967016
HD,2025-05-09,0.3,2.0,0.28705463583020324,0.3785479419734102,19.253969702967016
HD,2025-05-09,0.3,4.0,0.192065362364393,0.4993820587149502,19.253969702967016
HD,2025-05-09,0.3,8.0,0.13742860876215313,1.2707774025362488,19.253969702967016
HD,2025-05-09,0.3,16.0,0.027083113263486412,5.218368372018934,19.253969702967016
HD,2025-05-09,3.0,0.25,0.5351408269196495,0.4628030303301122,19.253969702967016
HD,2025-05-09,3.0,0.5,0.48764109878663814,0.43794151938105624,19.253969702967016
HD,2025-05-09,3.0,1.0,0.4267931472426215,0.4011670055948336,19.253969702967016
HD,2025-05-09,3.0,2.0,0.36868112969736067,0.3563223383114375,19.253969702967016
HD,2025-05-09,3.0,4.0,0.29591520916999786,0.3690339701158155,19.253969702967016
HD,2025-05-09,3.0,8.0,0.19586916490251827,0.4817637879626963,19.253969702967016
HD,2025-05-09,3.0,16.0,0.1452858199235465,1.0990406575006029,19.253969702967016
HD,2025-06-09,0.03,0.25,0.5591138632376369,0.07286674973788988,17.190856840345983
HD,2025-06-09,0.03,0.5,0.48659325700417555,0.08585619608832167,17.190856840345983
HD,2025-06-09,0.03,1.0,0.39759267211445104,0.1370811152975985,17.190856840345983
HD,2025-06-09,0.03,2.0,0.3858446316870332,0.4796278306686786,17.190856840345983
HD,2025-06-09,0.03,4.0,0.38795939634657484,2.4260378948881582,17.190856840345983
HD,2025-06-09,0.03,8.0,0.39009186287883124,5.931252976789528,17.190856840345983
HD,2025-06-09,0.03,16.0,0.3891084577317349,5.984124393800047,17.190856840345983
HD,2025-06-09,0.3,0.25,0.6150988859461795,0.06003856815303854,17.190856840345983
HD,2025-06-09,0.3,0.5,0.5654924700500252,0.0718119763325935,17.190856840345983
HD,2025-06-09,0.3,1.0,0.4963758816323197,0.08524522845354382,17.190856840345983
HD,2025-06-09,0.3,2.0,0.40598065624064494,0.12731414313170109,17.190856840345983
HD,2025-06-09,0.3,4.0,0.3856929698366124,0.40509099032156876,17.190856840345983
HD,2025-06-09,0.3,8.0,0.38765706029309654,2.043709513533241,17.190856840345983
HD,2025-06-09,0.3,16.0,0.3901392274519349,5.927870472724112,17.190856840345983
HD,2025-06-09,3.0,0.25,0.6528937239353582,0.05498463804613638,17.190856840345983
HD,2025-06-09,3.0,0.5,0.6201577636058372,0.05908323335440569,17.190856840345983
HD,2025-06-09,3.0,1.0,0.5714138440809028,0.07099151189132397,17.190856840345983
HD,2025-06-09,3.0,2.0,0.5054571660101179,0.08527105927656481,17.190856840345983
HD,2025-06-09,3.0,4.0,0.41663345080762704,0.12059187551891895,17.190856840345983
HD,2025-06-09,3.0,8.0,0.38555217944633263,0.34368527979075975,17.190856840345983
HD,2025-06-09,3.0,16.0,0.38737547951253715,1.7191775428420686,17.190856840345983
HD,2025-07-09,0.03,0.25,0.5043057514158615,0.06299558396608745,13.291331176300044
HD,2025-07-09,0.03,0.5,0.4512976633600772,0.07252911477393072,13.291331176300044
HD,2025-07-09,0.03,1.0,0.3979026212238427,0.13780903068976,13.291331176300044
HD,2025-07-09,0.03,2.0,0.39989865414468145,0.5449588800341156,13.291331176300044
HD,2025-07-09,0.03,4.0,0.4038777309245792,2.5403076239946154,13.291331176300044
HD,2025-07-09,0.03,8.0,0.4089840993061065,6.157988377295246,13.291331176300044
HD,2025-07-09,0.03,16.0,0.4110210169666758,10.205491324225532,13.291331176300044
HD,2025-07-09,0.3,0.25,0.5485408727594859,0.051010841427012815,13.291331176300044
HD,2025-07-09,0.3,0.5,0.5092213704628143,0.06242567871162183,13.291331176300044
HD,2025-07-09,0.3,1.0,0.4581145855882742,0.07122723918581804,13.291331176300044
HD,2025-07-09,0.3,2.0,0.4026602063430296,0.12382542674691024,13.291331176300044
HD,2025-07-09,0.3,4.0,0.3996124939497594,0.4622987284406974,13.291331176300044
HD,2025-07-09,0.3,8.0,0.40330822881365846,2.1580177366800504,13.291331176300044
HD,2025-07-09,0.3,16.0,0.4086259249464099,5.828368137231532,13.291331176300044
HD,2025-07-09,3.0,0.25,0.5717098997449305,0.04466279079761037,13.291331176300044
HD,2025-07-09,3.0,0.5,0.5516443969163042,0.050007697405320496,13.291331176300044
HD,2025-07-09,3.0,1.0,0.5137884316498585,0.06206840801968157,13.291331176300044
HD,2025-07-09,3.0,2.0,0.46444285560707543,0.07052347198401096,13.291331176300044
HD,2025-07-09,3.0,4.0,0.4085377769793397,0.11274858298046472,13.291331176300044
HD,2025-07-09,3.0,8.0,0.3993468463566845,0.3928405709286784,13.291331176300044
HD,2025-07-09,3.0,16.0,0.40277954988590464,1.8320516760133752,13.291331176300044
HD,2025-08-06,0.03,0.25,0.42886127257497453,0.06088655887950285,14.659098140986629
HD,2025-08-06,0.03,0.5,0.3851085174250096,0.0764573580449579,14.659098140986629
HD,2025-08-06,0.03,1.0,0.36838710121998963,0.20626169222091156,14.659098140986629
HD,2025-08-06,0.03,2.0,0.35468484800098976,0.7365234475344525,14.659098140986629
HD,2025-08-06,0.03,4.0,0.32728034156298996,2.910989818954407,14.659098140986629
HD,2025-08-06,0.03,8.0,0.26979898155950205,9.877032159132321,14.659098140986629
HD,2025-08-06,0.03,16.0,0.14764914963921624,14.867038315152495,14.659098140986629
HD,2025-08-06,0.3,0.25,0.46726898159679187,0.06892245374115488,14.659098140986629
HD,2025-08-06,0.3,0.5,0.4321843881466624,0.06121445024937773,14.659098140986629
HD,2025-08-06,0.3,1.0,0.3893706080442616,0.07073305139966779,14.659098140986629
HD,2025-08-06,0.3,2.0,0.36936930933166057,0.18251363404918497,14.659098140986629
HD,2025-08-06,0.3,4.0,0.35664926422433163,0.6377019965274593,14.659098140986629
HD,2025-08-06,0.3,8.0,0.3312091740096738,2.5080455782861737,14.659098140986629
HD,2025-08-06,0.3,16.0,0.27832654862668327,8.791311029536603,14.659098140986629
HD,2025-08-06,3.0,0.25,0.49127269184406497,0.07650669337263274,14.659098140986629
HD,2025-08-06,3.0,0.5,0.4703411420673742,0.06985217531217253,14.659098140986629
HD,2025-08-06,3.0,1.0,0.4356817983146019,0.061699013851992814,14.659098140986629
HD,2025-08-06,3.0,2.0,0.39549444195262656,0.0673481825526067,14.659098140986629
HD,2025-08-06,3.0,4.0,0.3702811105723437,0.16217558345347632,14.659098140986629
HD,2025-08-06,3.0,8.0,0.35847286670569795,0.5527950627453552,14.659098140986629
HD,2025-08-06,3.0,16.0,0.3348563789724065,2.161308380359335,14.659098140986629
HD,2025-09-04,0.03,0.25,0.3082363272399071,0.0350425877379319,16.94082044060639
HD,2025-09-04,0.03,0.5,0.26966785925590436,0.0602608975842197,16.94082044060639
HD,2025-09-04,0.03,1.0,0.23946119339051472,0.15369569167695407,16.94082044060639
HD,2025-09-04,0.03,2.0,0.19760962312766375,0.3840294328253366,16.94082044060639
HD,2025-09-04,0.03,4.0,0.11661697248375419,1.1775015954123786,16.94082044060639
HD,2025-09-04,0.03,8.0,0.0,2.660612107134474,16.94082044060639
HD,2025-09-04,0.03,16.0,0.0,2.660612107134474,16.94082044060639
HD,2025-09-04,0.3,0.25,0.33942197787067385,0.029032404242928998,16.94082044060639
HD,2025-09-04,0.3,0.5,0.3120342231425586,0.03397130531922957,16.94082044060639
HD,2025-09-04,0.3,1.0,0.27404123411766984,0.05557420174269549,16.94082044060639
HD,2025-09-04,0.3,2.0,0.24253639517275802,0.13835548565293634,16.94082044060639
HD,2025-09-04,0.3,4.0,0.20352760032892558,0.3427330907007546,16.94082044060639
HD,2025-09-04,0.3,8.0,0.1282984287458285,1.0705907926537241,16.94082044060639
HD,2025-09-04,0.3,16.0,0.0,2.660612107134474,16.94082044060639
HD,2025-09-04,3.0,0.25,0.3630328999580868,0.026943114215301534,16.94082044060639
HD,2025-09-04,3.0,0.5,0.34203395871224185,0.028745072521550948,16.94082044060639
HD,2025-09-04,3.0,1.0,0.3155634046791861,0.03306334861181153,16.94082044060639
HD,2025-09-04,3.0,2.0,0.2780906402385463,0.05136789878682462,16.94082044060639
HD,2025-09-04,3.0,4.0,0.24540806492059108,0.12356921143096047,16.94082044060639
HD,2025-09-04,3.0,8.0,0.20902136370791596,0.30899818049947786,16.94082044060639
HD,2025-09-04,3.0,16.0,0.1390276491437111,0.9599762429675235,16.94082044060639
HD,2025-10-02,0.03,0.25,0.25739882716362833,0.041785323664351545,15.231013052182385
HD,2025-10-02,0.03,0.5,0.22272009477142204,0.07001962849497055,15.231013052182385
HD,2025-10-02,0.03,1.0,0.1698059029739682,0.14182910975817953,15.231013052182385
HD,2025-10-02,0.03,2.0,0.1265363250982834,0.28540669424601384,15.231013052182385
HD,2025-10-02,0.03,4.0,0.04295357313730248,0.8668407322124733,15.231013052182385
HD,2025-10-02,0.03,8.0,0.0,1.3862723441525153,15.231013052182385
HD,2025-10-02,0.03,16.0,0.0,1.3862723441525153,15.231013052182385
HD,2025-10-02,0.3,0.25,0.2938257953598484,0.03418737870729253,15.231013052182385
HD,2025-10-02,0.3,0.5,0.26157412940952,0.04077124636093976,15.231013052182385
HD,2025-10-02,0.3,1.0,0.22747785150028912,0.06666118202647947,15.231013052182385
HD,2025-10-02,0.3,2.0,0.17294933660856698,0.12793403653827723,15.231013052182385
HD,2025-10-02,0.3,4.0,0.13268214535266212,0.256800375763025,15.231013052182385
HD,2025-10-02,0.3,8.0,0.05448183168383227,0.824691099105782,15.231013052182385
HD,2025-10-02,0.3,16.0,0.0,1.3862723441525153,15.231013052182385
HD,2025-10-02,3.0,0.25,0.32604385396643715,0.03030679864502862,15.231013052182385
HD,2025-10-02,3.0,0.5,0.29653491020987294,0.03365776809725823,15.231013052182385
HD,2025-10-02,3.0,1.0,0.26545361702730563,0.03993592059698658,15.231013052182385
HD,2025-10-02,3.0,2.0,0.23191824209336023,0.06279548640940356,15.231013052182385
HD,2025-10-02,3.0,4.0,0.17586814112006535,0.11650902991494126,15.231013052182385
HD,2025-10-02,3.0,8.0,0.13838734541451736,0.23582543848427814,15.231013052182385
HD,2025-10-02,3.0,16.0,0.06547335610620805,0.7269187213085627,15.231013052182385
HD,2025-10-30,0.03,0.25,0.2644051978894004,0.18341930470865825,11.373694602463898
HD,2025-10-30,0.03,0.5,0.22132554678773123,0.27986048866384894,11.373694602463898
HD,2025-10-30,0.03,1.0,0.1751795435288439,0.5433815606354844,11.373694602463898
HD,2025-10-30,0.03,2.0,0.12495193568654088,0.9229106656210395,11.373694602463898
HD,2025-10-30,0.03,4.0,0.02898756173755033,0.8221111449117195,11.373694602463898
HD,2025-10-30,0.03,8.0,0.0,1.1603113414764137,11.373694602463898
HD,2025-10-30,0.03,16.0,0.0,1.1603113414764137,11.373694602463898
HD,2025-10-30,0.3,0.25,0.31064051313725277,0.14360267322390025,11.373694602463898
HD,2025-10-30,0.3,0.5,0.26953134631110554,0.17763792791264574,11.373694602463898
HD,2025-10-30,0.3,1.0,0.22673594709235745,0.26467097633883463,11.373694602463898
HD,2025-10-30,0.3,2.0,0.17889785131360483,0.502423313223284,11.373694602463898
HD,2025-10-30,0.3,4.0,0.13182734735109364,1.011273664221466,11.373694602463898
HD,2025-10-30,0.3,8.0,0.042843096735579525,0.7543766686153568,11.373694602463898
HD,2025-10-30,0.3,16.0,0.0,1.1603113414764137,11.373694602463898
HD,2025-10-30,3.0,0.25,0.34307516769615864,0.1279755834897542,11.373694602463898
HD,2025-10-30,3.0,0.5,0.31446515309204887,0.14145117093746415,11.373694602463898
HD,2025-10-30,3.0,1.0,0.2742948601957488,0.17235576690550333,11.373694602463898
HD,2025-10-30,3.0,2.0,0.23176159794358056,0.25103275458463814,11.373694602463898
HD,2025-10-30,3.0,4.0,0.18267352593152134,0.4650776894145625,11.373694602463898
HD,2025-10-30,3.0,8.0,0.138308127753622,1.045756936140444,11.373694602463898
HD,2025-10-30,3.0,16.0,0.0555527494909508,0.6744287152029075,11.373694602463898
HD,2025-11-28,0.03,0.25,0.4729857836766294,0.16546219980346882,18.422927118880928
HD,2025-11-28,0.03,0.5,0.4303104617859953,0.22222464428385705,18.422927118880928
HD,2025-11-28,0.03,1.0,0.3765445184912284,0.3522287847412489,18.422927118880928
HD,2025-11-28,0.03,2.0,0.3756100305230483,0.8867974385290222,18.422927118880928
HD,2025-11-28,0.03,4.0,0.37795787065654063,3.208068081772049,18.422927118880928
HD,2025-11-28,0.03,8.0,0.3807866063595332,7.992679251296875,18.422927118880928
HD,2025-11-28,0.03,16.0,0.3797504451799152,9.955779369779105,18.422927118880928
HD,2025-11-28,0.3,0.25,0.5302716025174165,0.13015839844298893,18.422927118880928
HD,2025-11-28,0.3,0.5,0.47796876505220565,0.1596715549853586,18.422927118880928
HD,2025-11-28,0.3,1.0,0.43563481945974825,0.21498848369006687,18.422927118880928
HD,2025-11-28,0.3,2.0,0.3822616890294378,0.35704892287352036,18.422927118880928
HD,2025-11-28,0.3,4.0,0.37544169073352807,0.7832012560656683,18.422927118880928
HD,2025-11-28,0.3,8.0,0.377621302169758,2.7748823122645976,18.422927118880928
HD,2025-11-28,0.3,16.0,0.3806276855580447,7.683670768760715,18.422927118880928
HD,2025-11-28,3.0,0.25,0.5747257585967096,0.11535664482536982,18.422927118880928
HD,2025-11-28,3.0,0.5,0.5355116445894933,0.12845943231414084,18.422927118880928
HD,2025-11-28,3.0,1.0,0.4831021442647938,0.154753554992554,18.422927118880928
HD,2025-11-28,3.0,2.0,0.4405825337318159,0.20874324096376365,18.422927118880928
HD,2025-11-28,3.0,4.0,0.3874641969932012,0.33105922502806406,18.422927118880928
HD,2025-11-28,3.0,8.0,0.37528541791607,0.6945577231765788,18.422927118880928
HD,2025-11-28,3.0,16.0,0.37730885966375877,2.402832336572265,18.422927118880928
HD,2025-12-29,0.03,0.25,0.3811011376506711,0.06380101942835135,18.29012965109307
HD,2025-12-29,0.03,0.5,0.36837096816478654,0.1070203031139295,18.29012965109307
HD,2025-12-29,0.03,1.0,0.3653272037778357,0.23115400247378604,18.29012965109307
HD,2025-12-29,0.03,2.0,0.36678500295485156,0.6491609901578784,18.29012965109307
HD,2025-12-29,0.03,4.0,0.36970060130888344,2.1665419826071886,18.29012965109307
HD,2025-12-29,0.03,8.0,0.37407608807455334,6.744591792585357,18.29012965109307
HD,2025-12-29,0.03,16.0,0.37384976463328584,12.837331482493346,18.29012965109307
HD,2025-12-29,0.3,0.25,0.40147740473834964,0.04682778608658604,18.29012965109307
HD,2025-12-29,0.3,0.5,0.3820126674021682,0.061258687833875246,18.29012965109307
HD,2025-12-29,0.3,1.0,0.3701939626620874,0.09995656388297312,18.29012965109307
HD,2025-12-29,0.3,2.0,0.3652227054771572,0.20991416250668457,18.29012965109307
HD,2025-12-29,0.3,4.0,0.3665760063534945,0.57528706962905,18.29012965109307
HD,2025-12-29,0.3,8.0,0.3692826081061693,1.8932171791710202,18.29012965109307
HD,2025-12-29,0.3,16.0,0.37386548859735946,6.270460618558018,18.29012965109307
HD,2025-12-29,3.0,0.25,0.4271794483723073,0.0405167816454744,18.29012965109307
HD,2025-12-29,3.0,0.5,0.4045069013053428,0.045945186120568256,18.29012965109307
HD,2025-12-29,3.0,1.0,0.38286241419121403,0.05893799006587089,18.29012965109307
HD,2025-12-29,3.0,2.0,0.37188626885474374,0.0936768324074399,18.29012965109307
HD,2025-12-29,3.0,4.0,0.36512569784804494,0.19124138916040784,18.29012965109307
HD,2025-12-29,3.0,8.0,0.36638199109527014,0.510886786534774,18.29012965109307
HD,2025-12-29,3.0,16.0,0.36889457758972055,1.6561976673756484,18.29012965109307
HD,2026-01-28,0.03,0.25,0.2845425703383372,0.04192708380875163,16.79064419493148
HD,2026-01-28,0.03,0.5,0.24818181718728957,0.080908340987825,16.79064419493148
HD,2026-01-28,0.03,1.0,0.22864596195257939,0.21617984652309993,16.79064419493148
HD,2026-01-28,0.03,2.0,0.1908880941352035,0.6550716915164215,16.79064419493148
HD,2026-01-28,0.03,4.0,0.11919870484242054,1.917308560009805,16.79064419493148
HD,2026-01-28,0.03,8.0,0.0,5.882590048680215,16.79064419493148
HD,2026-01-28,0.03,16.0,0.0,5.882590048680215,16.79064419493148
HD,2026-01-28,0.3,0.25,0.3454242674941033,0.03146736794557559,16.79064419493148
HD,2026-01-28,0.3,0.5,0.2899027363021199,0.04023545921825508,16.79064419493148
HD,2026-01-28,0.3,1.0,0.24959607834689726,0.07384698467437249,16.79064419493148
HD,2026-01-28,0.3,2.0,0.2314134308405256,0.19498479754298462,16.79064419493148
HD,2026-01-28,0.3,4.0,0.1962131535078329,0.5752606377459123,16.79064419493148
HD,2026-01-28,0.3,8.0,0.12928862929637125,1.7062454419036357,16.79064419493148
HD,2026-01-28,0.3,16.0,0.0,5.882590048680215,16.79064419493148
HD,2026-01-28,3.0,0.25,0.3900190024684589,0.030106065355123487,16.79064419493148
HD,2026-01-28,3.0,0.5,0.35138993548059494,0.031162666361681593,16.79064419493148
HD,2026-01-28,3.0,1.0,0.2948794063170972,0.0388696069484766,16.79064419493148
HD,2026-01-28,3.0,2.0,0.25090896210814667,0.06787418607131615,16.79064419493148
HD,2026-01-28,3.0,4.0,0.23398252137805803,0.1773978234098187,16.79064419493148
HD,2026-01-28,3.0,8.0,0.2011864793687307,0.5071383976626455,16.79064419493148
HD,2026-01-28,3.0,16.0,0.13865528543186212,1.5403927547567937,16.79064419493148
HD,2026-02-26,0.03,0.25,0.22662465355659775,0.033902707356758495,14.594364908099772
HD,2026-02-26,0.03,0.5,0.20611719975184362,0.0682669843795038,14.594364908099772
HD,2026-02-26,0.03,1.0,0.18494837894576435,0.17062998918620864,14.594364908099772
HD,2026-02-26,0.03,2.0,0.1442602809342129,0.4512658054040291,14.594364908099772
HD,2026-02-26,0.03,4.0,0.06703804031120188,0.8310233667415574,14.594364908099772
HD,2026-02-26,0.03,8.0,0.0,1.6213836664317307,14.594364908099772
HD,2026-02-26,0.03,16.0,0.0,1.6213836664317307,14.594364908099772
HD,2026-02-26,0.3,0.25,0.2491874254420305,0.023298829680931808,14.594364908099772
HD,2026-02-26,0.3,0.5,0.22879782063219306,0.032162245362378016,14.594364908099772
HD,2026-02-26,0.3,1.0,0.2086219735255155,0.06225895255745735,14.594364908099772
HD,2026-02-26,0.3,2.0,0.18793384769863494,0.154093106583135,14.594364908099772
HD,2026-02-26,0.3,4.0,0.14988831740061176,0.4421482757736914,14.594364908099772
HD,2026-02-26,0.3,8.0,0.07786726456134026,0.7477300179843152,14.594364908099772
HD,2026-02-26,0.3,16.0,0.0,1.6213836664317307,14.594364908099772
HD,2026-02-26,3.0,0.25,0.27151534971047664,0.021683860099257338,14.594364908099772
HD,2026-02-26,3.0,0.5,0.25216693907045856,0.023119120639842963,14.594364908099772
HD,2026-02-26,3.0,1.0,0.23081614547739457,0.03063953180530935,14.594364908099772
HD,2026-02-26,3.0,2.0,0.2109390621409372,0.056920555446163285,14.594364908099772
HD,2026-02-26,3.0,4.0,0.19070531138391986,0.1400409158918437,14.594364908099772
HD,2026-02-26,3.0,8.0,0.1552726459248226,0.3963462314142055,14.594364908099772
HD,2026-02-26,3.0,16.0,0.08805895379064674,0.675260053589517,14.594364908099772
HD,2026-03-26,0.03,0.25,0.3631011818781298,0.11950381560876688,13.759978914227188
HD,2026-03-26,0.03,0.5,0.27602958508999487,0.13249007795256196,13.759978914227188
HD,2026-03-26,0.03,1.0,0.2330815309287281,0.3168968456318418,13.759978914227188
HD,2026-03-26,0.03,2.0,0.20161588666337674,1.0857849123478351,13.759978914227188
HD,2026-03-26,0.03,4.0,0.14171162842962354,3.234776818754497,13.759978914227188
HD,2026-03-26,0.03,8.0,0.021422184742092853,7.142320352577383,13.759978914227188
HD,2026-03-26,0.03,16.0,0.0,7.711747466956314,13.759978914227188
HD,2026-03-26,0.3,0.25,0.4379048735884211,0.12593681009028038,13.759978914227188
HD,2026-03-26,0.3,0.5,0.3728830981914814,0.11974797549313317,13.759978914227188
HD,2026-03-26,0.3,1.0,0.2835578359562584,0.12832115781699874,13.759978914227188
HD,2026-03-26,0.3,2.0,0.23541877594914248,0.27680384948144415,13.759978914227188
HD,2026-03-26,0.3,4.0,0.2059648383074073,0.9920795279679666,13.759978914227188
HD,2026-03-26,0.3,8.0,0.1501197591850856,2.8590799682610113,13.759978914227188
HD,2026-03-26,0.3,16.0,0.03935448329215373,6.772261504746234,13.759978914227188
HD,2026-03-26,3.0,0.25,0.4783847180748777,0.13193477637605214,13.759978914227188
HD,2026-03-26,3.0,0.5,0.4433209850963705,0.1265348957538102,13.759978914227188
HD,2026-03-26,3.0,1.0,0.38196382489775904,0.12021871235670431,13.759978914227188
HD,2026-03-26,3.0,2.0,0.29148432517037737,0.12402925908196187,13.759978914227188
HD,2026-03-26,3.0,4.0,0.23758847585409298,0.24307625237775007,13.759978914227188
HD,2026-03-26,3.0,8.0,0.21005224071782452,0.8953110270936535,13.759978914227188
HD,2026-03-26,3.0,16.0,0.15792517635030737,2.5547873873046645,13.759978914227188
HD,2026-04-24,0.03,0.25,0.6221098307846337,0.4106692315533046,18.565664158389414
HD,2026-04-24,0.03,0.5,0.5122228185117021,0.32652777624646245,18.565664158389414
HD,2026-04-24,0.03,1.0,0.37919138158775056,0.25771124822531455,18.565664158389414
HD,2026-04-24,0.03,2.0,0.2741079855687507,0.6297134939171305,18.565664158389414
HD,2026-04-24,0.03,4.0,0.1701427002431895,1.6719965423874221,18.565664158389414
HD,2026-04-24,0.03,8.0,0.013843499964506688,5.630475755476021,18.565664158389414
HD,2026-04-24,0.03,16.0,0.0,5.634158179237428,18.565664158389414
HD,2026-04-24,0.3,0.25,0.7012566923509378,0.47644575941882744,18.565664158389414
HD,2026-04-24,0.3,0.5,0.6320629460004819,0.41843929755380227,18.565664158389414
HD,2026-04-24,0.3,1.0,0.5239012905033693,0.3380557619008587,18.565664158389414
HD,2026-04-24,0.3,2.0,0.39535163537939344,0.2579773638497716,18.565664158389414
HD,2026-04-24,0.3,4.0,0.28730289273492277,0.6588736551943524,18.565664158389414
HD,2026-04-24,0.3,8.0,0.18127114889272314,1.366516375215849,18.565664158389414
HD,2026-04-24,0.3,16.0,0.03643711307480142,5.624869959145828,18.565664158389414
HD,2026-04-24,3.0,0.25,0.7433501314425683,0.5127308710776198,18.565664158389414
HD,2026-04-24,3.0,0.5,0.7065309505723136,0.48104522920019394,18.565664158389414
HD,2026-04-24,3.0,1.0,0.6413025996895906,0.4259845107648512,18.565664158389414
HD,2026-04-24,3.0,2.0,0.5382141656934598,0.34594904198468174,18.565664158389414
HD,2026-04-24,3.0,4.0,0.41290002223618594,0.26215229215336366,18.565664158389414
HD,2026-04-24,3.0,8.0,0.29948505003325243,0.5912841400952211,18.565664158389414
HD,2026-04-24,3.0,16.0,0.1915676859855478,1.1179937458930682,18.565664158389414
HD,2026-05-22,0.03,0.25,0.4505540786809827,0.07464717209475642,16.2545208950685
HD,2026-05-22,0.03,0.5,0.3820222722595631,0.06468417869200732,16.2545208950685
HD,2026-05-22,0.03,1.0,0.33520865867888217,0.1406062138372311,16.2545208950685
HD,2026-05-22,0.03,2.0,0.33623490759717845,0.6052919630346593,16.2545208950685
HD,2026-05-22,0.03,4.0,0.3382874054337708,2.7180223943493806,16.2545208950685
HD,2026-05-22,0.03,8.0,0.34102352436848926,10.29431981156002,16.2545208950685
HD,2026-05-22,0.03,16.0,0.33723787810954664,17.722013451983894,16.2545208950685
HD,2026-05-22,0.3,0.25,0.4996569830236407,0.09101668180768706,16.2545208950685
HD,2026-05-22,0.3,0.5,0.45604316836610415,0.0762024571292001,16.2545208950685
HD,2026-05-22,0.3,1.0,0.3906972927835755,0.06560671724037644,16.2545208950685
HD,2026-05-22,0.3,2.0,0.3351350948645202,0.12244755400560763,16.2545208950685
HD,2026-05-22,0.3,4.0,0.3360877799684543,0.5144509371770204,16.2545208950685
HD,2026-05-22,0.3,8.0,0.3379931501763227,2.3182455178565258,16.2545208950685
HD,2026-05-22,0.3,16.0,0.34104459418146293,9.240448655384812,16.2545208950685
HD,2026-05-22,3.0,0.25,0.5343723995522284,0.10248829659503511,16.2545208950685
HD,2026-05-22,3.0,0.5,0.5042069303568892,0.09240554937955806,16.2545208950685
HD,2026-05-22,3.0,1.0,0.46114222848969244,0.07782417299091342,16.2545208950685
HD,2026-05-22,3.0,2.0,0.3987587042570355,0.0669316258110354,16.2545208950685
HD,2026-05-22,3.0,4.0,0.33506680426866,0.10740465723708993,16.2545208950685
HD,2026-05-22,3.0,8.0,0.33595119877673396,0.4373780380182577,16.2545208950685
HD,2026-05-22,3.0,16.0,0.33771998779288204,1.9761512970520678,16.2545208950685
PG,2024-10-16,0.03,0.25,0.2369443460785154,0.031955807692368714,6.0439230944071785
PG,2024-10-16,0.03,0.5,0.2193266455654742,0.050815967053207435,6.0439230944071785
PG,2024-10-16,0.03,1.0,0.18460702778216181,0.09258533355374049,6.0439230944071785
PG,2024-10-16,0.03,2.0,0.14333571929744326,0.13091212985596423,6.0439230944071785
PG,2024-10-16,0.03,4.0,0.11851606828895916,0.512173170192085,6.0439230944071785
PG,2024-10-16,0.03,8.0,0.0671928775998675,0.7384641127798425,6.0439230944071785
PG,2024-10-16,0.03,16.0,0.0,1.2044352558583966,6.0439230944071785
PG,2024-10-16,0.3,0.25,0.2772860074096107,0.022197891446085034,6.0439230944071785
PG,2024-10-16,0.3,0.5,0.23915642428485195,0.030908233710078437,6.0439230944071785
PG,2024-10-16,0.3,1.0,0.22182725602439,0.04813683135397375,6.0439230944071785
PG,2024-10-16,0.3,2.0,0.18953737301033594,0.09237905245004475,6.0439230944071785
PG,2024-10-16,0.3,4.0,0.14510618836589667,0.11818631261514118,6.0439230944071785
PG,2024-10-16,0.3,8.0,0.12215877088425793,0.5005713042608676,6.0439230944071785
PG,2024-10-16,0.3,16.0,0.07461198164304803,0.7032269413781799,6.0439230944071785
PG,2024-10-16,3.0,0.25,0.3121481456743676,0.018064920168679853,6.0439230944071785
PG,2024-10-16,3.0,0.5,0.2813837578806321,0.021589757269224828,6.0439230944071785
PG,2024-10-16,3.0,1.0,0.2427265882400422,0.02946539542171348,6.0439230944071785
PG,2024-10-16,3.0,2.0,0.2241632819541072,0.04526488156736619,6.0439230944071785
PG,2024-10-16,3.0,4.0,0.19412835609790413,0.08902411543600279,6.0439230944071785
PG,2024-10-16,3.0,8.0,0.1467497462575747,0.1090815182412095,6.0439230944071785
PG,2024-10-16,3.0,16.0,0.12546491845963995,0.42881359168426114,6.0439230944071785
PG,2024-11-13,0.03,0.25,0.1555531066011973,0.0261158860421957,6.174336851195807
PG,2024-11-13,0.03,0.5,0.1509240036515817,0.050162005854802995,6.174336851195807
PG,2024-11-13,0.03,1.0,0.14414653740331418,0.12335649904461775,6.174336851195807
PG,2024-11-13,0.03,2.0,0.13179559906972976,0.21874403491516012,6.174336851195807
PG,2024-11-13,0.03,4.0,0.10779180527061384,0.37742036823993846,6.174336851195807
PG,2024-11-13,0.03,8.0,0.056475770640559066,0.7515629323873594,6.174336851195807
PG,2024-11-13,0.03,16.0,0.0,1.4017191515661431,6.174336851195807
PG,2024-11-13,0.3,0.25,0.17128174534480348,0.017311507861778232,6.174336851195807
PG,2024-11-13,0.3,0.5,0.15699401077242106,0.024669130086663462,6.174336851195807
PG,2024-11-13,0.3,1.0,0.15141906819445486,0.046218557650927174,6.174336851195807
PG,2024-11-13,0.3,2.0,0.14508953083485646,0.11167450143782026,6.174336851195807
PG,2024-11-13,0.3,4.0,0.13354766623228204,0.20304792914986533,6.174336851195807
PG,2024-11-13,0.3,8.0,0.11130351930123714,0.3525877841688453,6.174336851195807
PG,2024-11-13,0.3,16.0,0.06393082445077608,0.6900842282773678,6.174336851195807
PG,2024-11-13,3.0,0.25,0.18926406549545388,0.015070717652470577,6.174336851195807
PG,2024-11-13,3.0,0.5,0.17308561872197287,0.016973123659570977,6.174336851195807
PG,2024-11-13,3.0,1.0,0.1583316277147126,0.023377927454171495,6.174336851195807
PG,2024-11-13,3.0,2.0,0.1518786454052784,0.042753826537585346,6.174336851195807
PG,2024-11-13,3.0,4.0,0.14597478646426637,0.10093470036190046,6.174336851195807
PG,2024-11-13,3.0,8.0,0.13517414130777045,0.19005868729741823,6.174336851195807
PG,2024-11-13,3.0,16.0,0.1144762364506648,0.3267338283708658,6.174336851195807
PG,2024-12-12,0.03,0.25,0.1752173108057115,0.13812894642452342,6.259007578909063
PG,2024-12-12,0.03,0.5,0.12941345269643154,0.08954289769059977,6.259007578909063
PG,2024-12-12,0.03,1.0,0.07726296100217209,0.04332096703944191,6.259007578909063
PG,2024-12-12,0.03,2.0,0.04670687042490967,0.0438363646247216,6.259007578909063
PG,2024-12-12,0.03,4.0,0.0,0.4555429830531699,6.259007578909063
PG,2024-12-12,0.03,8.0,0.0,0.4555429830531699,6.259007578909063
PG,2024-12-12,0.03,16.0,0.0,0.4555429830531699,6.259007578909063
PG,2024-12-12,0.3,0.25,0.22838198875304183,0.18034679720598626,6.259007578909063
PG,2024-12-12,0.3,0.5,0.1808299327966168,0.14297275872060805,6.259007578909063
PG,2024-12-12,0.3,1.0,0.13445528149391409,0.09483811456387468,6.259007578909063
PG,2024-12-12,0.3,2.0,0.08354174032850711,0.0442652919394179,6.259007578909063
PG,2024-12-12,0.3,4.0,0.050524566439083714,0.03978603827789449,6.259007578909063
PG,2024-12-12,0.3,8.0,0.0005976842687931589,0.4459159689988685,6.259007578909063
PG,2024-12-12,0.3,16.0,0.0,0.4555429830531699,6.259007578909063
PG,2024-12-12,3.0,0.25,0.26500745816594645,0.20352325843246125,6.259007578909063
PG,2024-12-12,3.0,0.5,0.23287200104379713,0.1833129112572349,6.259007578909063
PG,2024-12-12,3.0,1.0,0.18668671437902745,0.14790015229856415,6.259007578909063
PG,2024-12-12,3.0,2.0,0.1406690290321219,0.10002788547856728,6.259007578909063
PG,2024-12-12,3.0,4.0,0.0902780168053068,0.04776650735679652,6.259007578909063
PG,2024-12-12,3.0,8.0,0.05406860147698736,0.04026216842926053,6.259007578909063
PG,2024-12-12,3.0,16.0,0.007796477822562694,0.33884081890269885,6.259007578909063
PG,2025-01-14,0.03,0.25,0.19648664554716253,0.013567634997919454,4.986034522447109
PG,2025-01-14,0.03,0.5,0.18137502013946416,0.017721788656198032,4.986034522447109
PG,2025-01-14,0.03,1.0,0.16689876846840734,0.04104918204434054,4.986034522447109
PG,2025-01-14,0.03,2.0,0.1679327865210733,0.16872971779449325,4.986034522447109
PG,2025-01-14,0.03,4.0,0.16979043400895688,0.7433975110388549,4.986034522447109
PG,2025-01-14,0.03,8.0,0.17101225412075582,2.1644314644957334,4.986034522447109
PG,2025-01-14,0.03,16.0,0.17165213942643529,2.5646715329464267,4.986034522447109
PG,2025-01-14,0.3,0.25,0.21453694951943048,0.015394603732751977,4.986034522447109
PG,2025-01-14,0.3,0.5,0.19819575929397254,0.013512343559004502,4.986034522447109
PG,2025-01-14,0.3,1.0,0.18313089196971677,0.01666537490964077,4.986034522447109
PG,2025-01-14,0.3,2.0,0.16682464774514305,0.03625476777279683,4.986034522447109
PG,2025-01-14,0.3,4.0,0.1677845450745447,0.14345782372401897,4.986034522447109
PG,2025-01-14,0.3,8.0,0.16961759141718807,0.6448452058594755,4.986034522447109
PG,2025-01-14,0.3,16.0,0.17092929235856896,1.9900804968885581,4.986034522447109
PG,2025-01-14,3.0,0.25,0.22993061576510063,0.017422596544948443,4.986034522447109
PG,2025-01-14,3.0,0.5,0.2162681436937256,0.015634908272606662,4.986034522447109
PG,2025-01-14,3.0,1.0,0.199782359950486,0.013501662121580103,4.986034522447109
PG,2025-01-14,3.0,2.0,0.18476085165970885,0.01583617635637731,4.986034522447109
PG,2025-01-14,3.0,4.0,0.16675584016085448,0.03232583392272053,4.986034522447109
PG,2025-01-14,3.0,8.0,0.16764692990596763,0.12208469985656484,4.986034522447109
PG,2025-01-14,3.0,16.0,0.16941146846138905,0.5538107710972802,4.986034522447109
PG,2025-02-12,0.03,0.25,0.2623479045831655,0.12498756743354558,5.261137113697934
PG,2025-02-12,0.03,0.5,0.2013794025380638,0.08383115437947478,5.261137113697934
PG,2025-02-12,0.03,1.0,0.11836310167734634,0.07941278811983303,5.261137113697934
PG,2025-02-12,0.03,2.0,0.07738006821813594,0.23738609053685977,5.261137113697934
PG,2025-02-12,0.03,4.0,0.024504719745914734,0.9858547456439055,5.261137113697934
PG,2025-02-12,0.03,8.0,0.0,1.3994216862316826,5.261137113697934
PG,2025-02-12,0.03,16.0,0.0,1.3994216862316826,5.261137113697934
PG,2025-02-12,0.3,0.25,0.3105274437170181,0.15375133267963548,5.261137113697934
PG,2025-02-12,0.3,0.5,0.2668953460736223,0.12866753107569587,5.261137113697934
PG,2025-02-12,0.3,1.0,0.21013577887991639,0.08818407044541028,5.261137113697934
PG,2025-02-12,0.3,2.0,0.12564819651082396,0.07726486705240171,5.261137113697934
PG,2025-02-12,0.3,4.0,0.08119049677189671,0.22196108896803732,5.261137113697934
PG,2025-02-12,0.3,8.0,0.03211469824598078,0.8814513869062214,5.261137113697934
PG,2025-02-12,0.3,16.0,0.0,1.3994216862316826,5.261137113697934
PG,2025-02-12,3.0,0.25,0.34922205791713756,0.16955172278290923,5.261137113697934
PG,2025-02-12,3.0,0.5,0.31492284686322497,0.15578004222292588,5.261137113697934
PG,2025-02-12,3.0,1.0,0.2719283230190051,0.13215704185238436,5.261137113697934
PG,2025-02-12,3.0,2.0,0.21826447861016718,0.09293534041909958,5.261137113697934
PG,2025-02-12,3.0,4.0,0.1324093821164147,0.07526574113941581,5.261137113697934
PG,2025-02-12,3.0,8.0,0.08477678809587927,0.19176654583075362,5.261137113697934
PG,2025-02-12,3.0,16.0,0.03913798604848514,0.7477790614611507,5.261137113697934
PG,2025-03-13,0.03,0.25,0.17120058072685732,0.04314773083422379,6.035181661457284
PG,2025-03-13,0.03,0.5,0.1362966225501067,0.059753615237244345,6.035181661457284
PG,2025-03-13,0.03,1.0,0.0870950202065527,0.07023273261386834,6.035181661457284
PG,2025-03-13,0.03,2.0,0.0500066135733788,0.17560571752432183,6.035181661457284
PG,2025-03-13,0.03,4.0,0.0,1.1016875254983012,6.035181661457284
PG,2025-03-13,0.03,8.0,0.0,1.1016875254983012,6.035181661457284
PG,2025-03-13,0.03,16.0,0.0,1.1016875254983012,6.035181661457284
PG,2025-03-13,0.3,0.25,0.20482118571068098,0.042694342190313046,6.035181661457284
PG,2025-03-13,0.3,0.5,0.17458387569792475,0.04275956931346892,6.035181661457284
PG,2025-03-13,0.3,1.0,0.14087735373633606,0.056560597817224674,6.035181661457284
PG,2025-03-13,0.3,2.0,0.09269512508932481,0.06742062210973675,6.035181661457284
PG,2025-03-13,0.3,4.0,0.053716353223941034,0.15039006531765867,6.035181661457284
PG,2025-03-13,0.3,8.0,0.005763970866724903,0.9619362626741073,6.035181661457284
PG,2025-03-13,0.3,16.0,0.0,1.1016875254983012,6.035181661457284
PG,2025-03-13,3.0,0.25,0.22880400839791762,0.04462802646826879,6.035181661457284
PG,2025-03-13,3.0,0.5,0.20734441698020276,0.04289270350683299,6.035181661457284
PG,2025-03-13,3.0,1.0,0.17816583386422238,0.04247669723823441,6.035181661457284
PG,2025-03-13,3.0,2.0,0.14511829812539606,0.0536342729860449,6.035181661457284
PG,2025-03-13,3.0,4.0,0.09790402374427858,0.06576261436020081,6.035181661457284
PG,2025-03-13,3.0,8.0,0.057179421391089356,0.13147106073063136,6.035181661457284
PG,2025-03-13,3.0,16.0,0.012646658632884982,0.7824103094677141,6.035181661457284
PG,2025-04-10,0.03,0.25,0.16614765468571585,0.03525308302918934,6.847300161243348
PG,2025-04-10,0.03,0.5,0.14477825759311153,0.053765877886203704,6.847300161243348
PG,2025-04-10,0.03,1.0,0.10678127208168009,0.09900713005096233,6.847300161243348
PG,2025-04-10,0.03,2.0,0.0704015064921251,0.16158148937900238,6.847300161243348
PG,2025-04-10,0.03,4.0,0.030355030193551083,0.6325435878748428,6.847300161243348
PG,2025-04-10,0.03,8.0,0.0,1.2441366877261608,6.847300161243348
PG,2025-04-10,0.03,16.0,0.0,1.2441366877261608,6.847300161243348
PG,2025-04-10,0.3,0.25,0.20008946978979528,0.026933642050190745,6.847300161243348
PG,2025-04-10,0.3,0.5,0.16959482569690804,0.03389541657413691,6.847300161243348
PG,2025-04-10,0.3,1.0,0.14748488057556247,0.05266018172568788,6.847300161243348
PG,2025-04-10,0.3,2.0,0.11223889103256735,0.08954185000722925,6.847300161243348
PG,2025-04-10,0.3,4.0,0.07327212734809913,0.1495998533933036,6.847300161243348
PG,2025-04-10,0.3,8.0,0.03609627190549912,0.530208457958343,6.847300161243348
PG,2025-04-10,0.3,16.0,0.0,1.2441366877261608,6.847300161243348
PG,2025-04-10,3.0,0.25,0.222389611007347,0.02390828215236829,6.847300161243348
PG,2025-04-10,3.0,0.5,0.20297199316190295,0.026470508044206396,6.847300161243348
PG,2025-04-10,3.0,1.0,0.17318940762962404,0.03273733754690473,6.847300161243348
PG,2025-04-10,3.0,2.0,0.14999657708114403,0.05189680284249507,6.847300161243348
PG,2025-04-10,3.0,4.0,0.11731028387130132,0.08145832125879184,6.847300161243348
PG,2025-04-10,3.0,8.0,0.07593697569022412,0.14108467200828634,6.847300161243348
PG,2025-04-10,3.0,16.0,0.04142596858974912,0.4456392753966418,6.847300161243348
PG,2025-05-09,0.03,0.25,0.12465935950412538,0.020327367024139367,6.545298590633457
PG,2025-05-09,0.03,0.5,0.11412460788506695,0.033428758292051164,6.545298590633457
PG,2025-05-09,0.03,1.0,0.10458777469505112,0.07694178152986851,6.545298590633457
PG,2025-05-09,0.03,2.0,0.08644574830945238,0.12377358542931956,6.545298590633457
PG,2025-05-09,0.03,4.0,0.05061276414107885,0.3762270528469493,6.545298590633457
PG,2025-05-09,0.03,8.0,0.0,0.8311351127768191,6.545298590633457
PG,2025-05-09,0.03,16.0,0.0,0.8311351127768191,6.545298590633457
PG,2025-05-09,0.3,0.25,0.1490408630197701,0.016243984500568735,6.545298590633457
PG,2025-05-09,0.3,0.5,0.1279111276111301,0.019637078907513886,6.545298590633457
PG,2025-05-09,0.3,1.0,0.11481980364400365,0.031125365950114368,6.545298590633457
PG,2025-05-09,0.3,2.0,0.10593654703849824,0.06951171588395046,6.545298590633457
PG,2025-05-09,0.3,4.0,0.08901370398712036,0.11724656609355187,6.545298590633457
PG,2025-05-09,0.3,8.0,0.05575750128890782,0.3225057366518516,6.545298590633457
PG,2025-05-09,0.3,16.0,0.0,0.8311351127768191,6.545298590633457
PG,2025-05-09,3.0,0.25,0.17154851020710954,0.014878155190023412,6.545298590633457
PG,2025-05-09,3.0,0.5,0.1509407850271198,0.01602724337630485,6.545298590633457
PG,2025-05-09,3.0,1.0,0.13093220052705937,0.019035336907231873,6.545298590633457
PG,2025-05-09,3.0,2.0,0.11546516621837477,0.029144511995632352,6.545298590633457
PG,2025-05-09,3.0,4.0,0.10718863636818421,0.06322381578696291,6.545298590633457
PG,2025-05-09,3.0,8.0,0.09139758286685558,0.1125838680320269,6.545298590633457
PG,2025-05-09,3.0,16.0,0.060525259048378306,0.27701100703721687,6.545298590633457
PG,2025-06-09,0.03,0.25,0.08331716882599567,0.008723098460782385,6.30536443885519
PG,2025-06-09,0.03,0.5,0.07010037605594516,0.013117268789958962,6.30536443885519
PG,2025-06-09,0.03,1.0,0.05940683164560529,0.02346047619812396,6.30536443885519
PG,2025-06-09,0.03,2.0,0.038460708478623123,0.04263630999367036,6.30536443885519
PG,2025-06-09,0.03,4.0,0.0,0.1895131489189266,6.30536443885519
PG,2025-06-09,0.03,8.0,0.0,0.1895131489189266,6.30536443885519
PG,2025-06-09,0.03,16.0,0.0,0.1895131489189266,6.30536443885519
PG,2025-06-09,0.3,0.25,0.1039025862432233,0.00625508117463383,6.30536443885519
PG,2025-06-09,0.3,0.5,0.08529811807591438,0.008335754693957404,6.30536443885519
PG,2025-06-09,0.3,1.0,0.07087662302213148,0.012198849148537465,6.30536443885519
PG,2025-06-09,0.3,2.0,0.060916363252969716,0.02195125122432874,6.30536443885519
PG,2025-06-09,0.3,4.0,0.041442736362108816,0.0400679578358737,6.30536443885519
PG,2025-06-09,0.3,8.0,0.0028412319653351235,0.17050377658064486,6.30536443885519
PG,2025-06-09,0.3,16.0,0.0,0.1895131489189266,6.30536443885519
PG,2025-06-09,3.0,0.25,0.11975525185354381,0.0054416773210600655,6.30536443885519
PG,2025-06-09,3.0,0.5,0.10560123557746463,0.006148401526776318,6.30536443885519
PG,2025-06-09,3.0,1.0,0.08717397044686066,0.007929472214768597,6.30536443885519
PG,2025-06-09,3.0,2.0,0.07159874795436098,0.011424028038523016,6.30536443885519
PG,2025-06-09,3.0,4.0,0.06231768826351536,0.020855848683738777,6.30536443885519
PG,2025-06-09,3.0,8.0,0.044229825667051186,0.037959016235935956,6.30536443885519
PG,2025-06-09,3.0,16.0,0.008438056337658763,0.1369763136782363,6.30536443885519
PG,2025-07-09,0.03,0.25,0.16546335148107008,0.028399183854586504,3.3841726845784716
PG,2025-07-09,0.03,0.5,0.10079039679583206,0.02611174326080864,3.3841726845784716
PG,2025-07-09,0.03,1.0,0.049987572561598914,0.028015234801959818,3.3841726845784716
PG,2025-07-09,0.03,2.0,0.020686911303810486,0.10287409081381184,3.3841726845784716
PG,2025-07-09,0.03,4.0,0.0,0.24370965429999386,3.3841726845784716
PG,2025-07-09,0.03,8.0,0.0,0.24370965429999386,3.3841726845784716
PG,2025-07-09,0.03,16.0,0.0,0.24370965429999386,3.3841726845784716
PG,2025-07-09,0.3,0.25,0.20601908623926282,0.01999115656996554,3.3841726845784716
PG,2025-07-09,0.3,0.5,0.17009529462825096,0.028144762230832523,3.3841726845784716
PG,2025-07-09,0.3,1.0,0.11008493910971683,0.026536877087773855,3.3841726845784716
PG,2025-07-09,0.3,2.0,0.052290811141027675,0.027562665071274327,3.3841726845784716
PG,2025-07-09,0.3,4.0,0.02491420284296396,0.08306699222967608,3.3841726845784716
PG,2025-07-09,0.3,8.0,0.0,0.24370965429999386,3.3841726845784716
PG,2025-07-09,0.3,16.0,0.0,0.24370965429999386,3.3841726845784716
PG,2025-07-09,3.0,0.25,0.23307091666066176,0.015767403221696192,3.3841726845784716
PG,2025-07-09,3.0,0.5,0.2090152511259955,0.019342789724647546,3.3841726845784716
PG,2025-07-09,3.0,1.0,0.174406462222812,0.02688458631483391,3.3841726845784716
PG,2025-07-09,3.0,2.0,0.1187118592311818,0.02708006055723421,3.3841726845784716
PG,2025-07-09,3.0,4.0,0.058530439855980776,0.027015074342079174,3.3841726845784716
PG,2025-07-09,3.0,8.0,0.028838472683876057,0.0674681924808181,3.3841726845784716
PG,2025-07-09,3.0,16.0,0.0,0.24370965429999386,3.3841726845784716
PG,2025-08-06,0.03,0.25,0.13692231626570078,0.01053635214843696,3.5279546928731977
PG,2025-08-06,0.03,0.5,0.11517883922412712,0.023033388806726177,3.5279546928731977
PG,2025-08-06,0.03,1.0,0.10069207986042499,0.05254413255641149,3.5279546928731977
PG,2025-08-06,0.03,2.0,0.0722205332000759,0.1584479624425543,3.5279546928731977
PG,2025-08-06,0.03,4.0,0.014987978059023516,0.5772837594050264,3.5279546928731977
PG,2025-08-06,0.03,8.0,0.0,0.6891554488454924,3.5279546928731977
PG,2025-08-06,0.03,16.0,0.0,0.6891554488454924,3.5279546928731977
PG,2025-08-06,0.3,0.25,0.16672461768954258,0.006838147105136535,3.5279546928731977
PG,2025-08-06,0.3,0.5,0.13973636380837517,0.009943499513587448,3.5279546928731977
PG,2025-08-06,0.3,1.0,0.11624064605678847,0.020860868297961802,3.5279546928731977
PG,2025-08-06,0.3,2.0,0.10276609826754948,0.04638918722375725,3.5279546928731977
PG,2025-08-06,0.3,4.0,0.07628011909728256,0.13886355971959238,3.5279546928731977
PG,2025-08-06,0.3,8.0,0.02327685804474093,0.5078562002403378,3.5279546928731977
PG,2025-08-06,0.3,16.0,0.0,0.6891554488454924,3.5279546928731977
PG,2025-08-06,3.0,0.25,0.19529252174521128,0.005360959655370244,3.5279546928731977
PG,2025-08-06,3.0,0.5,0.17024898794791019,0.006632403030198172,3.5279546928731977
PG,2025-08-06,3.0,1.0,0.14234869413864173,0.009441640524519094,3.5279546928731977
PG,2025-08-06,3.0,2.0,0.11722634020437539,0.019006673780194692,3.5279546928731977
PG,2025-08-06,3.0,4.0,0.10469321770402487,0.04126258649049647,3.5279546928731977
PG,2025-08-06,3.0,8.0,0.08004870481119584,0.12275525678808732,3.5279546928731977
PG,2025-08-06,3.0,16.0,0.030962972800040425,0.45000617243263347,3.5279546928731977
PG,2025-09-04,0.03,0.25,0.09043985381018924,0.0036607676017957574,4.168675931678631
PG,2025-09-04,0.03,0.5,0.07361736962687913,0.008725940889590817,4.168675931678631
PG,2025-09-04,0.03,1.0,0.058849218538023045,0.021779137938962953,4.168675931678631
PG,2025-09-04,0.03,2.0,0.029989481942528852,0.07401616327223536,4.168675931678631
PG,2025-09-04,0.03,4.0,0.0,0.1832240043055598,4.168675931678631
PG,2025-09-04,0.03,8.0,0.0,0.1832240043055598,4.168675931678631
PG,2025-09-04,0.03,16.0,0.0,0.1832240043055598,4.168675931678631
PG,2025-09-04,0.3,0.25,0.11206853392633466,0.0026880926084313045,4.168675931678631
PG,2025-09-04,0.3,0.5,0.09261780871896609,0.003463473154302262,4.168675931678631
PG,2025-09-04,0.3,1.0,0.07477056275604482,0.007727248914632728,4.168675931678631
PG,2025-09-04,0.3,2.0,0.06095199255552167,0.018701632938086528,4.168675931678631
PG,2025-09-04,0.3,4.0,0.034078666105995234,0.06471915159117826,4.168675931678631
PG,2025-09-04,0.3,8.0,0.0,0.1832240043055598,4.168675931678631
PG,2025-09-04,0.3,16.0,0.0,0.1832240043055598,4.168675931678631
PG,2025-09-04,3.0,0.25,0.13033612156110777,0.002145855003042781,4.168675931678631
PG,2025-09-04,3.0,0.5,0.11397621720611377,0.0025917766554973,4.168675931678631
PG,2025-09-04,3.0,1.0,0.09463990097919278,0.0033066643273126166,4.168675931678631
PG,2025-09-04,3.0,2.0,0.07584109272848745,0.006898326487453783,4.168675931678631
PG,2025-09-04,3.0,4.0,0.06290830588637153,0.016190615262603923,4.168675931678631
PG,2025-09-04,3.0,8.0,0.03787472841634159,0.05771736893405243,4.168675931678631
PG,2025-09-04,3.0,16.0,0.0,0.1832240043055598,4.168675931678631
PG,2025-10-02,0.03,0.25,0.17305980263754486,0.015223488980442602,5.337271433249921
PG,2025-10-02,0.03,0.5,0.1169697525668842,0.014667460773080397,5.337271433249921
PG,2025-10-02,0.03,1.0,0.0736526485751019,0.03233001029610183,5.337271433249921
PG,2025-10-02,0.03,2.0,0.04526600359757909,0.09378388719490022,5.337271433249921
PG,2025-10-02,0.03,4.0,0.0,0.49925037615294365,5.337271433249921
PG,2025-10-02,0.03,8.0,0.0,0.49925037615294365,5.337271433249921
PG,2025-10-02,0.03,16.0,0.0,0.49925037615294365,5.337271433249921
PG,2025-10-02,0.3,0.25,0.23470834068987378,0.015128577364761418,5.337271433249921
PG,2025-10-02,0.3,0.5,0.17759876112800693,0.015085045306182281,5.337271433249921
PG,2025-10-02,0.3,1.0,0.12337051815197109,0.014320631660028928,5.337271433249921
PG,2025-10-02,0.3,2.0,0.07568671109719033,0.02823703110635351,5.337271433249921
PG,2025-10-02,0.3,4.0,0.049331519261633566,0.07691467763864045,5.337271433249921
PG,2025-10-02,0.3,8.0,0.0,0.49925037615294365,5.337271433249921
PG,2025-10-02,0.3,16.0,0.0,0.49925037615294365,5.337271433249921
PG,2025-10-02,3.0,0.25,0.2732215095479543,0.015724187916780586,5.337271433249921
PG,2025-10-02,3.0,0.5,0.23986012696573866,0.015124966196359528,5.337271433249921
PG,2025-10-02,3.0,1.0,0.18181408990108383,0.015038777425144435,5.337271433249921
PG,2025-10-02,3.0,2.0,0.12931510976458552,0.014075945459769644,5.337271433249921
PG,2025-10-02,3.0,4.0,0.07757589889519331,0.025244710450229604,5.337271433249921
PG,2025-10-02,3.0,8.0,0.05310560968346418,0.06417562755379186,5.337271433249921
PG,2025-10-02,3.0,16.0,0.00422400431468272,0.44562765805086413,5.337271433249921
PG,2025-10-30,0.03,0.25,0.14317723937111387,0.01691245215937125,4.15018458801839
PG,2025-10-30,0.03,0.5,0.10165072770902041,0.031972950886125145,4.15018458801839
PG,2025-10-30,0.03,1.0,0.05763877644208075,0.06953840254901379,4.15018458801839
PG,2025-10-30,0.03,2.0,0.030533583832539003,0.11442129165461394,4.15018458801839
PG,2025-10-30,0.03,4.0,0.0,0.33582722158249206,4.15018458801839
PG,2025-10-30,0.03,8.0,0.0,0.33582722158249206,4.15018458801839
PG,2025-10-30,0.03,16.0,0.0,0.33582722158249206,4.15018458801839
PG,2025-10-30,0.3,0.25,0.17592197173173407,0.011446585944308956,4.15018458801839
PG,2025-10-30,0.3,0.5,0.14678167406414744,0.015973623885342146,4.15018458801839
PG,2025-10-30,0.3,1.0,0.10670095896822267,0.02934241445399225,4.15018458801839
PG,2025-10-30,0.3,2.0,0.06000579105685236,0.0635075265195083,4.15018458801839
PG,2025-10-30,0.3,4.0,0.03440501371806142,0.10081658695563012,4.15018458801839
PG,2025-10-30,0.3,8.0,0.0,0.33582722158249206,4.15018458801839
PG,2025-10-30,0.3,16.0,0.0,0.33582722158249206,4.15018458801839
PG,2025-10-30,3.0,0.25,0.20177709092525423,0.009874477447146498,4.15018458801839
PG,2025-10-30,3.0,0.5,0.1789901989678359,0.011190607317204723,4.15018458801839
PG,2025-10-30,3.0,1.0,0.15012773482868166,0.0151679478916781,4.15018458801839
PG,2025-10-30,3.0,2.0,0.11139744695720905,0.026986359619248647,4.15018458801839
PG,2025-10-30,3.0,4.0,0.06533892360128077,0.057663709384041396,4.15018458801839
PG,2025-10-30,3.0,8.0,0.03799893086341254,0.09093344650731403,4.15018458801839
PG,2025-10-30,3.0,16.0,0.0,0.33582722158249206,4.15018458801839
PG,2025-11-28,0.03,0.25,0.26813694676071975,0.023672207129086086,3.805375703339435
PG,2025-11-28,0.03,0.5,0.21916013107145527,0.04496745369978395,3.805375703339435
PG,2025-11-28,0.03,1.0,0.16860050005876126,0.06522324812464962,3.805375703339435
PG,2025-11-28,0.03,2.0,0.1274854771359513,0.11623153894028754,3.805375703339435
PG,2025-11-28,0.03,4.0,0.1022452411932176,0.29196985701066314,3.805375703339435
PG,2025-11-28,0.03,8.0,0.05107390312504563,0.32402019940620386,3.805375703339435
PG,2025-11-28,0.03,16.0,0.0,0.37619677686618225,3.805375703339435
PG,2025-11-28,0.3,0.25,0.30900394000701903,0.015423026706224457,3.805375703339435
PG,2025-11-28,0.3,0.5,0.272770181900342,0.02241182334531789,3.805375703339435
PG,2025-11-28,0.3,1.0,0.2260843810808548,0.041732065677205846,3.805375703339435
PG,2025-11-28,0.3,2.0,0.1755346284383551,0.06322041523849813,3.805375703339435
PG,2025-11-28,0.3,4.0,0.12925502190055888,0.09730894183660105,3.805375703339435
PG,2025-11-28,0.3,8.0,0.10591331698573926,0.29045003500640393,3.805375703339435
PG,2025-11-28,0.3,16.0,0.05841005471008898,0.31818216090691503,3.805375703339435
PG,2025-11-28,3.0,0.25,0.3350856267258264,0.014599039656389172,3.805375703339435
PG,2025-11-28,3.0,0.5,0.31223223246412635,0.015264366589651896,3.805375703339435
PG,2025-11-28,3.0,1.0,0.2770676454184641,0.021090550521128213,3.805375703339435
PG,2025-11-28,3.0,2.0,0.23251194096125616,0.03901375893741364,3.805375703339435
PG,2025-11-28,3.0,4.0,0.1819766324146891,0.06209506204552051,3.805375703339435
PG,2025-11-28,3.0,8.0,0.13215586291256987,0.08543289477656422,3.805375703339435
PG,2025-11-28,3.0,16.0,0.10931845691362205,0.28913226526617214,3.805375703339435
PG,2025-12-29,0.03,0.25,0.1793937309404282,0.004747781567436855,4.9243901142552975
PG,2025-12-29,0.03,0.5,0.16616263073298207,0.011607302363409849,4.9243901142552975
PG,2025-12-29,0.03,1.0,0.15422637900906594,0.035389677918069906,4.9243901142552975
PG,2025-12-29,0.03,2.0,0.15533654002901015,0.14491377374728973,4.9243901142552975
PG,2025-12-29,0.03,4.0,0.15729166672592654,0.5053210131597433,4.9243901142552975
PG,2025-12-29,0.03,8.0,0.1588366138926642,0.6795522682337392,4.9243901142552975
PG,2025-12-29,0.03,16.0,0.15971006906402424,0.8761558621642511,4.9243901142552975
PG,2025-12-29,0.3,0.25,0.19717641854253082,0.0028093084216257616,4.9243901142552975
PG,2025-12-29,0.3,0.5,0.18114191491408388,0.004448251864826194,4.9243901142552975
PG,2025-12-29,0.3,1.0,0.1677698977252519,0.01028630905311925,4.9243901142552975
PG,2025-12-29,0.3,2.0,0.15414680018785878,0.03108210700915255,4.9243901142552975
PG,2025-12-29,0.3,4.0,0.1551773823865958,0.1235472294662399,4.9243901142552975
PG,2025-12-29,0.3,8.0,0.157107811093173,0.48053947922125706,4.9243901142552975
PG,2025-12-29,0.3,16.0,0.15870031971746826,0.6638984359544172,4.9243901142552975
PG,2025-12-29,3.0,0.25,0.21021825976208444,0.0030588321411991067,4.9243901142552975
PG,2025-12-29,3.0,0.5,0.19842772570548745,0.0027337885293137465,4.9243901142552975
PG,2025-12-29,3.0,1.0,0.1827647851563281,0.0041997975205866735,4.9243901142552975
PG,2025-12-29,3.0,2.0,0.16926280634025104,0.009171514867386148,4.9243901142552975
PG,2025-12-29,3.0,4.0,0.15407292575427733,0.027507576368942518,4.9243901142552975
PG,2025-12-29,3.0,8.0,0.15502963351943294,0.10540934266049508,4.9243901142552975
PG,2025-12-29,3.0,16.0,0.15692473130962892,0.45542062720938126,4.9243901142552975
PG,2026-01-28,0.03,0.25,0.14784157973483508,0.01569760984341218,6.693775344741241
PG,2026-01-28,0.03,0.5,0.145594590763406,0.029709434895149534,6.693775344741241
PG,2026-01-28,0.03,1.0,0.14400554931731524,0.06978006800971771,6.693775344741241
PG,2026-01-28,0.03,2.0,0.14150689212240933,0.15752774099185143,6.693775344741241
PG,2026-01-28,0.03,4.0,0.1367713809028594,0.3175174883708631,6.693775344741241
PG,2026-01-28,0.03,8.0,0.12547045349614452,0.697083950421382,6.693775344741241
PG,2026-01-28,0.03,16.0,0.09957631320183721,1.463668373736187,6.693775344741241
PG,2026-01-28,0.3,0.25,0.178388679696773,0.01299245153412648,6.693775344741241
PG,2026-01-28,0.3,0.5,0.15150796825571494,0.01505925671359857,6.693775344741241
PG,2026-01-28,0.3,1.0,0.14571709479524395,0.02734105572697794,6.693775344741241
PG,2026-01-28,0.3,2.0,0.1442043516321006,0.06518306994124863,6.693775344741241
PG,2026-01-28,0.3,4.0,0.14182617797550684,0.1426846064134185,6.693775344741241
PG,2026-01-28,0.3,8.0,0.13746103571112178,0.28915731851888365,6.693775344741241
PG,2026-01-28,0.3,16.0,0.12722019821537206,0.6391103055823074,6.693775344741241
PG,2026-01-28,3.0,0.25,0.19884041374976275,0.012518012578357164,6.693775344741241
PG,2026-01-28,3.0,0.5,0.1805163504906209,0.012893095874596498,6.693775344741241
PG,2026-01-28,3.0,1.0,0.15535916400923064,0.014729755117190456,6.693775344741241
PG,2026-01-28,3.0,2.0,0.1458308174644942,0.02527177591739614,6.693775344741241
PG,2026-01-28,3.0,4.0,0.14439957904455064,0.060084446777219,6.693775344741241
PG,2026-01-28,3.0,8.0,0.14212826373384893,0.12925869280014693,6.693775344741241
PG,2026-01-28,3.0,16.0,0.1381012545225374,0.26500599345264386,6.693775344741241
PG,2026-02-26,0.03,0.25,0.09421721705099445,0.012132678632646403,4.868181752071179
PG,2026-02-26,0.03,0.5,0.0874792455440664,0.022887757383958943,4.868181752071179
PG,2026-02-26,0.03,1.0,0.0742415971922348,0.053652981414575286,4.868181752071179
PG,2026-02-26,0.03,2.0,0.04872598915711684,0.11716121106793102,4.868181752071179
PG,2026-02-26,0.03,4.0,0.0,0.30952757871469533,4.868181752071179
PG,2026-02-26,0.03,8.0,0.0,0.30952757871469533,4.868181752071179
PG,2026-02-26,0.03,16.0,0.0,0.30952757871469533,4.868181752071179
PG,2026-02-26,0.3,0.25,0.10110359774854406,0.0071867719095408044,4.868181752071179
PG,2026-02-26,0.3,0.5,0.09470576335793496,0.011376187668570998,4.868181752071179
PG,2026-02-26,0.3,1.0,0.08843411117769949,0.021407143026998685,4.868181752071179
PG,2026-02-26,0.3,2.0,0.07610087712548058,0.0501950640934008,4.868181752071179
PG,2026-02-26,0.3,4.0,0.0523407953623672,0.10581535262773113,4.868181752071179
PG,2026-02-26,0.3,8.0,0.006563938932676335,0.2693238350339589,4.868181752071179
PG,2026-02-26,0.3,16.0,0.0,0.30952757871469533,4.868181752071179
PG,2026-02-26,3.0,0.25,0.10693043756202304,0.005639965077252584,4.868181752071179
PG,2026-02-26,3.0,0.5,0.10173095888175429,0.006938054536119823,4.868181752071179
PG,2026-02-26,3.0,1.0,0.09515928957453451,0.010702081682531294,4.868181752071179
PG,2026-02-26,3.0,2.0,0.08932052991023388,0.02014868344183283,4.868181752071179
PG,2026-02-26,3.0,4.0,0.07785840840395473,0.04486826014788332,4.868181752071179
PG,2026-02-26,3.0,8.0,0.05569648418596006,0.09721449810930274,4.868181752071179
PG,2026-02-26,3.0,16.0,0.013112289943636158,0.23633350579200504,4.868181752071179
PG,2026-03-26,0.03,0.25,0.19397594807196167,0.02104341361503945,7.122989819965768
PG,2026-03-26,0.03,0.5,0.1515492541760988,0.034330957174247625,7.122989819965768
PG,2026-03-26,0.03,1.0,0.14317085990000822,0.05788950454492374,7.122989819965768
PG,2026-03-26,0.03,2.0,0.14253402696522716,0.21052605058902454,7.122989819965768
PG,2026-03-26,0.03,4.0,0.14125084651091133,0.8727083591451603,7.122989819965768
PG,2026-03-26,0.03,8.0,0.13743088789417995,2.118758978850171,7.122989819965768
PG,2026-03-26,0.03,16.0,0.12935567259700725,2.1199183322065065,7.122989819965768
PG,2026-03-26,0.3,0.25,0.2266300426615347,0.01563360056835589,7.122989819965768
PG,2026-03-26,0.3,0.5,0.1981265152462965,0.020292842063711212,7.122989819965768
PG,2026-03-26,0.3,1.0,0.15524030017774731,0.03186888967649601,7.122989819965768
PG,2026-03-26,0.3,2.0,0.14321650950699794,0.05152849571109317,7.122989819965768
PG,2026-03-26,0.3,4.0,0.14262532617920665,0.18132095330005835,7.122989819965768
PG,2026-03-26,0.3,8.0,0.14143492389316442,0.7485418035225173,7.122989819965768
PG,2026-03-26,0.3,16.0,0.13800973736087746,2.1187529333100152,7.122989819965768
PG,2026-03-26,3.0,0.25,0.2513373982234467,0.01380542992427524,7.122989819965768
PG,2026-03-26,3.0,0.5,0.22917125525247678,0.015337559425406438,7.122989819965768
PG,2026-03-26,3.0,1.0,0.2019845061954224,0.019589208292900714,7.122989819965768
PG,2026-03-26,3.0,2.0,0.1600932491669897,0.02993857093113428,7.122989819965768
PG,2026-03-26,3.0,4.0,0.14325888684821042,0.04617188232081159,7.122989819965768
PG,2026-03-26,3.0,8.0,0.14271008086163156,0.15640303910561779,7.122989819965768
PG,2026-03-26,3.0,16.0,0.14160580619756177,0.642035227839446,7.122989819965768
PG,2026-04-24,0.03,0.25,0.19728491671977225,0.020774775365503755,5.425800606217093
PG,2026-04-24,0.03,0.5,0.13625085713606988,0.02083428170290059,5.425800606217093
PG,2026-04-24,0.03,1.0,0.08058526687814309,0.04174923870608341,5.425800606217093
PG,2026-04-24,0.03,2.0,0.035708286916087975,0.15889161519923334,5.425800606217093
PG,2026-04-24,0.03,4.0,0.0,0.7326423451121492,5.425800606217093
PG,2026-04-24,0.03,8.0,0.0,0.7326423451121492,5.425800606217093
PG,2026-04-24,0.03,16.0,0.0,0.7326423451121492,5.425800606217093
PG,2026-04-24,0.3,0.25,0.24030804360679692,0.02451185626917701,5.425800606217093
PG,2026-04-24,0.3,0.5,0.20183343252174082,0.020854534313411114,5.425800606217093
PG,2026-04-24,0.3,1.0,0.14376036346568088,0.020673603074838023,5.425800606217093
PG,2026-04-24,0.3,2.0,0.08596912861179272,0.03796149000407603,5.425800606217093
PG,2026-04-24,0.3,4.0,0.038796246017903546,0.13296478912394755,5.425800606217093
PG,2026-04-24,0.3,8.0,0.0,0.7326423451121492,5.425800606217093
PG,2026-04-24,0.3,16.0,0.0,0.7326423451121492,5.425800606217093
PG,2026-04-24,3.0,0.25,0.2658248109640881,0.02798784484091107,5.425800606217093
PG,2026-04-24,3.0,0.5,0.24328482112894823,0.024901272136043696,5.425800606217093
PG,2026-04-24,3.0,1.0,0.20605637175692043,0.021025402753126525,5.425800606217093
PG,2026-04-24,3.0,2.0,0.1514949876373397,0.02022846805515223,5.425800606217093
PG,2026-04-24,3.0,4.0,0.09096197906637099,0.0339721635631931,5.425800606217093
PG,2026-04-24,3.0,8.0,0.04178525501896528,0.11193126359921374,5.425800606217093
PG,2026-04-24,3.0,16.0,0.0045389752985548985,0.6321107712041623,5.425800606217093
PG,2026-05-22,0.03,0.25,0.23307750439706887,0.02235538348792398,5.051515761480381
PG,2026-05-22,0.03,0.5,0.1722805554256775,0.026135706734608032,5.051515761480381
PG,2026-05-22,0.03,1.0,0.13564549932506104,0.05930979480288241,5.051515761480381
PG,2026-05-22,0.03,2.0,0.12428614326359627,0.29074627781454415,5.051515761480381
PG,2026-05-22,0.03,4.0,0.10143229579902632,1.3642269337797457,5.051515761480381
PG,2026-05-22,0.03,8.0,0.054095037262896245,2.4781486719402683,5.051515761480381
PG,2026-05-22,0.03,16.0,0.0,2.47763575360427,5.051515761480381
PG,2026-05-22,0.3,0.25,0.2915726411291881,0.022114359882359654,5.051515761480381
PG,2026-05-22,0.3,0.5,0.23830842406072805,0.02192454037207548,5.051515761480381
PG,2026-05-22,0.3,1.0,0.17892144715419975,0.02536457577086595,5.051515761480381
PG,2026-05-22,0.3,2.0,0.13646068099916608,0.05135578459516861,5.051515761480381
PG,2026-05-22,0.3,4.0,0.12591362097166853,0.24380066250741297,5.051515761480381
PG,2026-05-22,0.3,8.0,0.10475726049678125,1.1768334234911602,5.051515761480381
PG,2026-05-22,0.3,16.0,0.06081694104373779,2.4782247775454143,5.051515761480381
PG,2026-05-22,3.0,0.25,0.32919661774153647,0.023180757949347926,5.051515761480381
PG,2026-05-22,3.0,0.5,0.2964290348719788,0.022368685756124575,5.051515761480381
PG,2026-05-22,3.0,1.0,0.24373358927323355,0.021600576773514027,5.051515761480381
PG,2026-05-22,3.0,2.0,0.18624986032697108,0.024719692361786803,5.051515761480381
PG,2026-05-22,3.0,4.0,0.13721742863034447,0.045015886483654344,5.051515761480381
PG,2026-05-22,3.0,8.0,0.12742443744301687,0.20435549678784196,5.051515761480381
PG,2026-05-22,3.0,16.0,0.10784388429943244,1.017485066940012,5.051515761480381
MA,2024-10-16,0.03,0.25,0.8099810024302905,0.13357996872909514,13.356192711458448
MA,2024-10-16,0.03,0.5,0.6720069074586916,0.19710339434806826,13.356192711458448
MA,2024-10-16,0.03,1.0,0.520858567939086,0.18008529700106654,13.356192711458448
MA,2024-10-16,0.03,2.0,0.5216143849655404,0.8594889895796404,13.356192711458448
MA,2024-10-16,0.03,4.0,0.5230350276410473,4.750265181041186,13.356192711458448
MA,2024-10-16,0.03,8.0,0.5217932057330864,9.317634651207163,13.356192711458448
MA,2024-10-16,0.03,16.0,0.5167091599793276,9.566866237951807,13.356192711458448
MA,2024-10-16,0.3,0.25,0.9337860496056581,0.132311992678662,13.356192711458448
MA,2024-10-16,0.3,0.5,0.8243481022132797,0.13028445027674668,13.356192711458448
MA,2024-10-16,0.3,1.0,0.6887351368502581,0.1961275307721149,13.356192711458448
MA,2024-10-16,0.3,2.0,0.5337272900887876,0.1701436130270098,13.356192711458448
MA,2024-10-16,0.3,4.0,0.5215067109863427,0.7098388159518435,13.356192711458448
MA,2024-10-16,0.3,8.0,0.5228320191753844,3.9846736532341067,13.356192711458448
MA,2024-10-16,0.3,16.0,0.5221777736299862,9.301525717154313,13.356192711458448
MA,2024-10-16,3.0,0.25,1.0129496560576268,0.14959607770233216,13.356192711458448
MA,2024-10-16,3.0,0.5,0.9431335170039686,0.1344044172128301,13.356192711458448
MA,2024-10-16,3.0,1.0,0.8376762355965748,0.1274219367535914,13.356192711458448
MA,2024-10-16,3.0,2.0,0.7042183579726385,0.18609746865846263,13.356192711458448
MA,2024-10-16,3.0,4.0,0.5534174339791047,0.16639262371919303,13.356192711458448
MA,2024-10-16,3.0,8.0,0.5214067553184397,0.5865811311603386,13.356192711458448
MA,2024-10-16,3.0,16.0,0.5226435628099146,3.336243018538288,13.356192711458448
MA,2024-11-13,0.03,0.25,0.8066796702314383,0.2610139201847923,17.954342835944082
MA,2024-11-13,0.03,0.5,0.6273030059319062,0.24632910536593144,17.954342835944082
MA,2024-11-13,0.03,1.0,0.44351624630783604,0.3195098462798937,17.954342835944082
MA,2024-11-13,0.03,2.0,0.28305271014058125,0.7003257790983395,17.954342835944082
MA,2024-11-13,0.03,4.0,0.1504154117140359,2.5969543116041476,17.954342835944082
MA,2024-11-13,0.03,8.0,0.0,7.560075188686174,17.954342835944082
MA,2024-11-13,0.03,16.0,0.0,7.560075188686174,17.954342835944082
MA,2024-11-13,0.3,0.25,0.9426189325185957,0.2514908539603064,17.954342835944082
MA,2024-11-13,0.3,0.5,0.8248406014780745,0.26422491242833107,17.954342835944082
MA,2024-11-13,0.3,1.0,0.6483212246603505,0.24532388008121056,17.954342835944082
MA,2024-11-13,0.3,2.0,0.4639745701673479,0.30203184451174087,17.954342835944082
MA,2024-11-13,0.3,4.0,0.29219549606741263,0.6463625567583836,17.954342835944082
MA,2024-11-13,0.3,8.0,0.16963441535186247,2.1615570662690917,17.954342835944082
MA,2024-11-13,0.3,16.0,0.0,7.560075188686174,17.954342835944082
MA,2024-11-13,3.0,0.25,1.017306029184734,0.23937027340273243,17.954342835944082
MA,2024-11-13,3.0,0.5,0.9521747218299043,0.24959770266932504,17.954342835944082
MA,2024-11-13,3.0,1.0,0.8416997166145532,0.267550311993204,17.954342835944082
MA,2024-11-13,3.0,2.0,0.6708988531031178,0.24480558511952957,17.954342835944082
MA,2024-11-13,3.0,4.0,0.4829663956834968,0.2903684466678361,17.954342835944082
MA,2024-11-13,3.0,8.0,0.3006829066806312,0.610481234576994,17.954342835944082
MA,2024-11-13,3.0,16.0,0.18747575788756227,1.8120207827831178,17.954342835944082
MA,2024-12-12,0.03,0.25,0.8010216093131711,0.20118903371758234,18.67389963374658
MA,2024-12-12,0.03,0.5,0.7317648576918006,0.30085433019853464,18.67389963374658
MA,2024-12-12,0.03,1.0,0.657885312549503,0.6402878794521785,18.67389963374658
MA,2024-12-12,0.03,2.0,0.5588210177614115,1.4062717982882502,18.67389963374658
MA,2024-12-12,0.03,4.0,0.5628596940342449,5.188844996447334,18.67389963374658
MA,2024-12-12,0.03,8.0,0.5672694060575454,12.179219923571441,18.67389963374658
MA,2024-12-12,0.03,16.0,0.5672886175383803,15.46254178839291,18.67389963374658
MA,2024-12-12,0.3,0.25,0.8615449103962367,0.16057415958578306,18.67389963374658
MA,2024-12-12,0.3,0.5,0.8078663375507942,0.19650536893743115,18.67389963374658
MA,2024-12-12,0.3,1.0,0.7404767353550308,0.28353079728856856,18.67389963374658
MA,2024-12-12,0.3,2.0,0.666432070453378,0.5810577756408799,18.67389963374658
MA,2024-12-12,0.3,4.0,0.5585315164266902,1.2676208633148147,18.67389963374658
MA,2024-12-12,0.3,8.0,0.5622806913648023,4.434746250216928,18.67389963374658
MA,2024-12-12,0.3,16.0,0.5672680289356946,12.032604044395255,18.67389963374658
MA,2024-12-12,3.0,0.25,0.8991855498630756,0.1408642762493655,18.67389963374658
MA,2024-12-12,3.0,0.5,0.8659144622314485,0.15748124730442606,18.67389963374658
MA,2024-12-12,3.0,1.0,0.8154606322741176,0.19281825348140655,18.67389963374658
MA,2024-12-12,3.0,2.0,0.7485641247402874,0.26863209578992614,18.67389963374658
MA,2024-12-12,3.0,4.0,0.6743495704158515,0.5307968525899363,18.67389963374658
MA,2024-12-12,3.0,8.0,0.5708510189404423,1.194842765851029,18.67389963374658
MA,2024-12-12,3.0,16.0,0.5617431928997788,3.798158824680405,18.67389963374658
MA,2025-01-14,0.03,0.25,0.57545485905373,0.08007652211796466,13.846971927361599
MA,2025-01-14,0.03,0.5,0.5508183469320231,0.14104696066336175,13.846971927361599
MA,2025-01-14,0.03,1.0,0.5312494597297673,0.31758339274370334,13.846971927361599
MA,2025-01-14,0.03,2.0,0.5339742834193761,0.8666110000478561,13.846971927361599
MA,2025-01-14,0.03,4.0,0.539423930798594,2.814124804368644,13.846971927361599
MA,2025-01-14,0.03,8.0,0.5464104403126517,6.845492890899371,13.846971927361599
MA,2025-01-14,0.03,16.0,0.5510090139662679,12.575192524116169,13.846971927361599
MA,2025-01-14,0.3,0.25,0.5946896166078179,0.0571477752219828,13.846971927361599
MA,2025-01-14,0.3,0.5,0.5779450591750637,0.07662196770406865,13.846971927361599
MA,2025-01-14,0.3,1.0,0.554324233338259,0.13080060996247844,13.846971927361599
MA,2025-01-14,0.3,2.0,0.5310541382824089,0.28910385072420636,13.846971927361599
MA,2025-01-14,0.3,4.0,0.5335836405246592,0.7705127932276598,13.846971927361599
MA,2025-01-14,0.3,8.0,0.5386426450091601,2.4653718996034155,13.846971927361599
MA,2025-01-14,0.3,16.0,0.5457189069127654,6.228022623880585,13.846971927361599
MA,2025-01-14,3.0,0.25,0.6070072216961531,0.04903785199492197,13.846971927361599
MA,2025-01-14,3.0,0.5,0.5960022419222307,0.05597389266994158,13.846971927361599
MA,2025-01-14,3.0,1.0,0.5802587982706529,0.07349813198277692,13.846971927361599
MA,2025-01-14,3.0,2.0,0.5575675349719396,0.12171462412227528,13.846971927361599
MA,2025-01-14,3.0,4.0,0.5308728172674348,0.2639680246121662,13.846971927361599
MA,2025-01-14,3.0,8.0,0.5332209997850497,0.6865120595039654,13.846971927361599
MA,2025-01-14,3.0,16.0,0.5379173635299409,2.1624541379844158,13.846971927361599
MA,2025-02-12,0.03,0.25,0.539398370532059,0.30854844998205355,19.009883413363525
MA,2025-02-12,0.03,0.5,0.45714763419534804,0.3717550171290939,19.009883413363525
MA,2025-02-12,0.03,1.0,0.3617389111807959,0.7483682187462576,19.009883413363525
MA,2025-02-12,0.03,2.0,0.24193732324779563,1.7389574811640265,19.009883413363525
MA,2025-02-12,0.03,4.0,0.11973884248481872,4.183870760223633,19.009883413363525
MA,2025-02-12,0.03,8.0,0.0,6.132522057213774,19.009883413363525
MA,2025-02-12,0.03,16.0,0.0,6.132522057213774,19.009883413363525
MA,2025-02-12,0.3,0.25,0.6061268601985907,0.33651479238188836,19.009883413363525
MA,2025-02-12,0.3,0.5,0.5475375933300868,0.3105556106935736,19.009883413363525
MA,2025-02-12,0.3,1.0,0.46842157307801685,0.3565245791457638,19.009883413363525
MA,2025-02-12,0.3,2.0,0.37522186258341306,0.7115234102412334,19.009883413363525
MA,2025-02-12,0.3,4.0,0.2509623643095504,1.5432059734052743,19.009883413363525
MA,2025-02-12,0.3,8.0,0.13652259757964744,4.481580445887982,19.009883413363525
MA,2025-02-12,0.3,16.0,0.0,6.132522057213774,19.009883413363525
MA,2025-02-12,3.0,0.25,0.6596764332097232,0.3399491990008087,19.009883413363525
MA,2025-02-12,3.0,0.5,0.6121402398130195,0.3391877594262277,19.009883413363525
MA,2025-02-12,3.0,1.0,0.5550985769164946,0.3128714177388597,19.009883413363525
MA,2025-02-12,3.0,2.0,0.47888737084374244,0.34423628369817644,19.009883413363525
MA,2025-02-12,3.0,4.0,0.3877712098674755,0.6501086558972996,19.009883413363525
MA,2025-02-12,3.0,8.0,0.25934047027257795,1.3811696556662674,19.009883413363525
MA,2025-02-12,3.0,16.0,0.15271231433649154,4.294497001135613,19.009883413363525
MA,2025-03-13,0.03,0.25,1.020724105644031,2.8994223227077445,19.571684802381462
MA,2025-03-13,0.03,0.5,0.9283528683876885,3.2791570646928334,19.571684802381462
MA,2025-03-13,0.03,1.0,0.8508740120809787,4.486621972964786,19.571684802381462
MA,2025-03-13,0.03,2.0,0.7746483126371217,3.7168263457138937,19.571684802381462
MA,2025-03-13,0.03,4.0,0.618758148262543,3.8916016282200143,19.571684802381462
MA,2025-03-13,0.03,8.0,0.5711154954719293,10.708899243940143,19.571684802381462
MA,2025-03-13,0.03,16.0,0.5731916642211962,30.28976738957846,19.571684802381462
MA,2025-03-13,0.3,0.25,1.090172454574919,2.761837364597905,19.571684802381462
MA,2025-03-13,0.3,0.5,1.0286003094471372,2.878658761348726,19.571684802381462
MA,2025-03-13,0.3,1.0,0.9365919153281282,3.21165684308715,19.571684802381462
MA,2025-03-13,0.3,2.0,0.8565667592719812,4.287831534662045,19.571684802381462
MA,2025-03-13,0.3,4.0,0.7856751645829405,3.9103695379029917,19.571684802381462
MA,2025-03-13,0.3,8.0,0.6413252042298405,3.587090194838747,19.571684802381462
MA,2025-03-13,0.3,16.0,0.5706457829993985,8.877938323244736,19.571684802381462
MA,2025-03-13,3.0,0.25,1.1322770273210925,2.710881650385013,19.571684802381462
MA,2025-03-13,3.0,0.5,1.0949749265432238,2.7545898942561644,19.571684802381462
MA,2025-03-13,3.0,1.0,1.0359119293718884,2.8600990157373896,19.571684802381462
MA,2025-03-13,3.0,2.0,0.9479202046981829,3.1552756482538173,19.571684802381462
MA,2025-03-13,3.0,4.0,0.8618514376308485,4.113849629620312,19.571684802381462
MA,2025-03-13,3.0,8.0,0.795861546481583,4.069315741973374,19.571684802381462
MA,2025-03-13,3.0,16.0,0.66231117742034,3.3904250308192427,19.571684802381462
MA,2025-04-10,0.03,0.25,0.5514265483724716,0.04993755374948938,28.75868595523744
MA,2025-04-10,0.03,0.5,0.5421432977468352,0.07366777130031286,28.75868595523744
MA,2025-04-10,0.03,1.0,0.5434799976565766,0.16198965261209747,28.75868595523744
MA,2025-04-10,0.03,2.0,0.5461500837737915,0.4910679849535178,28.75868595523744
MA,2025-04-10,0.03,4.0,0.5514902560082215,1.760431539346201,28.75868595523744
MA,2025-04-10,0.03,8.0,0.5618990932213902,6.612080895791227,28.75868595523744
MA,2025-04-10,0.03,16.0,0.5707767303003299,12.474566875175562,28.75868595523744
MA,2025-04-10,0.3,0.25,0.5694488497173517,0.047849052191367085,28.75868595523744
MA,2025-04-10,0.3,0.5,0.5535158239316342,0.04940862305031762,28.75868595523744
MA,2025-04-10,0.3,1.0,0.5420472788321162,0.06928858973012726,28.75868595523744
MA,2025-04-10,0.3,2.0,0.5432885999206515,0.14622612703132062,28.75868595523744
MA,2025-04-10,0.3,4.0,0.5457672883019414,0.4313793473523322,28.75868595523744
MA,2025-04-10,0.3,8.0,0.5507246650645212,1.5284079183852683,28.75868595523744
MA,2025-04-10,0.3,16.0,0.5605921446406623,5.807070311309812,28.75868595523744
MA,2025-04-10,3.0,0.25,0.5826807874387702,0.048174170664530516,28.75868595523744
MA,2025-04-10,3.0,0.5,0.5710506351166675,0.04784739396717068,28.75868595523744
MA,2025-04-10,3.0,1.0,0.555455335552784,0.04899096793006353,28.75868595523744
MA,2025-04-10,3.0,2.0,0.5419581427676412,0.06546020315640581,28.75868595523744
MA,2025-04-10,3.0,4.0,0.5431109220018817,0.13252955693362403,28.75868595523744
MA,2025-04-10,3.0,8.0,0.545411932464402,0.37971728765617224,28.75868595523744
MA,2025-04-10,3.0,16.0,0.5500139533894424,1.3280081209899612,28.75868595523744
MA,2025-05-09,0.03,0.25,0.5646313575901416,0.662065098921884,34.894306994858276
MA,2025-05-09,0.03,0.5,0.47384849318402816,0.7636242367984862,34.894306994858276
MA,2025-05-09,0.03,1.0,0.36161032165607726,1.0161268947678908,34.894306994858276
MA,2025-05-09,0.03,2.0,0.2857666490685657,1.0144548604168602,34.894306994858276
MA,2025-05-09,0.03,4.0,0.19889160772392855,2.2236051366580365,34.894306994858276
MA,2025-05-09,0.03,8.0,0.04382768646469205,12.589203969162831,34.894306994858276
MA,2025-05-09,0.03,16.0,0.0,17.271002823097515,34.894306994858276
MA,2025-05-09,0.3,0.25,0.6462868164912641,0.6883225910640826,34.894306994858276
MA,2025-05-09,0.3,0.5,0.5727657389533541,0.6644264863011832,34.894306994858276
MA,2025-05-09,0.3,1.0,0.4865094756360058,0.7512065354883126,34.894306994858276
MA,2025-05-09,0.3,2.0,0.37313960167150256,0.9659523703247547,34.894306994858276
MA,2025-05-09,0.3,4.0,0.2920689870045115,0.982109231312225,34.894306994858276
MA,2025-05-09,0.3,8.0,0.2104758233432757,1.9157605200318786,34.894306994858276
MA,2025-05-09,0.3,16.0,0.06606044880387628,10.398212524131983,34.894306994858276
MA,2025-05-09,3.0,0.25,0.7081580289527825,0.7077309498840966,34.894306994858276
MA,2025-05-09,3.0,0.5,0.6534686324583764,0.6907254026493086,34.894306994858276
MA,2025-05-09,3.0,1.0,0.5803199188863521,0.6668957725728779,34.894306994858276
MA,2025-05-09,3.0,2.0,0.49826231000622406,0.7409981859835462,34.894306994858276
MA,2025-05-09,3.0,4.0,0.3838093996594756,0.9243704050598534,34.894306994858276
MA,2025-05-09,3.0,8.0,0.2979175578745458,0.9691379557294408,34.894306994858276
MA,2025-05-09,3.0,16.0,0.22196277602959125,1.6797342253377427,34.894306994858276
MA,2025-06-09,0.03,0.25,0.5076000498897596,0.4818943857228899,33.37252211524899
MA,2025-06-09,0.03,0.5,0.3790102503776863,0.5426966396872178,33.37252211524899
MA,2025-06-09,0.03,1.0,0.3058273262716836,0.7808992328404689,33.37252211524899
MA,2025-06-09,0.03,2.0,0.25263940863283474,0.8327393093288098,33.37252211524899
MA,2025-06-09,0.03,4.0,0.17056835780444224,1.223025158561946,33.37252211524899
MA,2025-06-09,0.03,8.0,0.0044609024389588746,10.370640180962566,33.37252211524899
MA,2025-06-09,0.03,16.0,0.0,10.774095490789643,33.37252211524899
MA,2025-06-09,0.3,0.25,0.6249134271667094,0.5007304112324981,33.37252211524899
MA,2025-06-09,0.3,0.5,0.5213125482309159,0.47811327126241865,33.37252211524899
MA,2025-06-09,0.3,1.0,0.3919519466003977,0.5327464861765204,33.37252211524899
MA,2025-06-09,0.3,2.0,0.31487872093639846,0.736487745168839,33.37252211524899
MA,2025-06-09,0.3,4.0,0.2581890657911331,0.7804543433321289,33.37252211524899
MA,2025-06-09,0.3,8.0,0.18247063926966772,1.0281818517549652,33.37252211524899
MA,2025-06-09,0.3,16.0,0.02833064050684849,8.338212950185385,33.37252211524899
MA,2025-06-09,3.0,0.25,0.6966428787904247,0.5198482327572015,33.37252211524899
MA,2025-06-09,3.0,0.5,0.6334385002944031,0.5028950991896044,33.37252211524899
MA,2025-06-09,3.0,1.0,0.5351351724087327,0.48057748535848965,33.37252211524899
MA,2025-06-09,3.0,2.0,0.40801646508616163,0.5241263696322891,33.37252211524899
MA,2025-06-09,3.0,4.0,0.32324759128421693,0.6971347878305115,33.37252211524899
MA,2025-06-09,3.0,8.0,0.2633409111304005,0.7460591268816273,33.37252211524899
MA,2025-06-09,3.0,16.0,0.19351973861836907,0.9026714169646325,33.37252211524899
MA,2025-07-09,0.03,0.25,0.6616017329790311,0.07214053013837411,24.353283874022615
MA,2025-07-09,0.03,0.5,0.5807917909248397,0.08690334736817594,24.353283874022615
MA,2025-07-09,0.03,1.0,0.5588067931723191,0.18797408277136646,24.353283874022615
MA,2025-07-09,0.03,2.0,0.5424586351376184,0.7349619063894196,24.353283874022615
MA,2025-07-09,0.03,4.0,0.5096894947940392,3.055444044408334,24.353283874022615
MA,2025-07-09,0.03,8.0,0.44186914993635434,8.624682932598922,24.353283874022615
MA,2025-07-09,0.03,16.0,0.2985180742362891,11.499136910024678,24.353283874022615
MA,2025-07-09,0.3,0.25,0.7483802972631941,0.07405648020583903,24.353283874022615
MA,2025-07-09,0.3,0.5,0.672074056854083,0.07201054846390377,24.353283874022615
MA,2025-07-09,0.3,1.0,0.5850401817740232,0.08326994534178776,24.353283874022615
MA,2025-07-09,0.3,2.0,0.55997826242869,0.16651490220387405,24.353283874022615
MA,2025-07-09,0.3,4.0,0.5448040481527828,0.6293917638065449,24.353283874022615
MA,2025-07-09,0.3,8.0,0.5143887363698392,2.620914645422152,24.353283874022615
MA,2025-07-09,0.3,16.0,0.4520746155242047,8.282869220738645,24.353283874022615
MA,2025-07-09,3.0,0.25,0.812994056656934,0.07638990463467776,24.353283874022615
MA,2025-07-09,3.0,0.5,0.7560703774144086,0.07445067477107817,24.353283874022615
MA,2025-07-09,3.0,1.0,0.681796017261988,0.07202858002968103,24.353283874022615
MA,2025-07-09,3.0,2.0,0.5889820419703049,0.08043940974004088,24.353283874022615
MA,2025-07-09,3.0,4.0,0.5610657581525486,0.14876579913905863,24.353283874022615
MA,2025-07-09,3.0,8.0,0.5469813367250623,0.5397405946083036,24.353283874022615
MA,2025-07-09,3.0,16.0,0.5187504225604453,2.24821058992932,24.353283874022615
MA,2025-08-06,0.03,0.25,0.7576043810806212,0.22684119013214066,24.19351289645087
MA,2025-08-06,0.03,0.5,0.6428880109509564,0.2890830690462183,24.19351289645087
MA,2025-08-06,0.03,1.0,0.5011682259966215,0.3747797526543317,24.19351289645087
MA,2025-08-06,0.03,2.0,0.3686660583291783,0.8153647469965857,24.19351289645087
MA,2025-08-06,0.03,4.0,0.2600916437156858,3.118035110069188,24.19351289645087
MA,2025-08-06,0.03,8.0,0.05823278218744885,12.029190534280923,24.19351289645087
MA,2025-08-06,0.03,16.0,0.0,15.085678677045768,24.19351289645087
MA,2025-08-06,0.3,0.25,0.8528696873297195,0.20349482610912276,24.19351289645087
MA,2025-08-06,0.3,0.5,0.7702229277283497,0.22322705587433564,24.19351289645087
MA,2025-08-06,0.3,1.0,0.6560193156914899,0.28053934891945675,24.19351289645087
MA,2025-08-06,0.3,2.0,0.5190823183410629,0.35860767471034294,24.19351289645087
MA,2025-08-06,0.3,4.0,0.37644876126525173,0.7278166629001955,24.19351289645087
MA,2025-08-06,0.3,8.0,0.2756574330332334,2.6639920380996993,24.19351289645087
MA,2025-08-06,0.3,16.0,0.08589772226412264,10.672708318606364,24.19351289645087
MA,2025-08-06,3.0,0.25,0.9126161101595076,0.19778158811298144,24.19351289645087
MA,2025-08-06,3.0,0.5,0.859723582426748,0.20235747079073355,24.19351289645087
MA,2025-08-06,3.0,1.0,0.781937189997729,0.2200929290120054,24.19351289645087
MA,2025-08-06,3.0,2.0,0.668208685765594,0.2724553597451753,24.19351289645087
MA,2025-08-06,3.0,4.0,0.5357269430042597,0.34393531094560664,24.19351289645087
MA,2025-08-06,3.0,8.0,0.3836735826739325,0.6558261342271527,24.19351289645087
MA,2025-08-06,3.0,16.0,0.29010743180977294,2.279621828975141,24.19351289645087
MA,2025-09-04,0.03,0.25,0.5276804742358958,0.18683342247400916,16.732242070712267
MA,2025-09-04,0.03,0.5,0.3832127436198339,0.21792662399732957,16.732242070712267
MA,2025-09-04,0.03,1.0,0.2754174342477309,0.2851692452801238,16.732242070712267
MA,2025-09-04,0.03,2.0,0.19779212723350567,0.7771376695588387,16.732242070712267
MA,2025-09-04,0.03,4.0,0.04697398211162532,2.88551449640856,16.732242070712267
MA,2025-09-04,0.03,8.0,0.0,4.264942566179198,16.732242070712267
MA,2025-09-04,0.03,16.0,0.0,4.264942566179198,16.732242070712267
MA,2025-09-04,0.3,0.25,0.6231735213062264,0.14670978374655513,16.732242070712267
MA,2025-09-04,0.3,0.5,0.5404179991919863,0.18089579531216268,16.732242070712267
MA,2025-09-04,0.3,1.0,0.3996505590996268,0.21175640960994657,16.732242070712267
MA,2025-09-04,0.3,2.0,0.28099930492979897,0.2781879723291927,16.732242070712267
MA,2025-09-04,0.3,4.0,0.2088596889779457,0.702964373973662,16.732242070712267
MA,2025-09-04,0.3,8.0,0.06751803966340336,2.448881877551946,16.732242070712267
MA,2025-09-04,0.3,16.0,0.0,4.264942566179198,16.732242070712267
MA,2025-09-04,3.0,0.25,0.675250466059219,0.13410876828944482,16.732242070712267
MA,2025-09-04,3.0,0.5,0.6291246954817249,0.14482068219544314,16.732242070712267
MA,2025-09-04,3.0,1.0,0.5522551320109435,0.17509124273518964,16.732242070712267
MA,2025-09-04,3.0,2.0,0.4148918548394993,0.2062004937480877,16.732242070712267
MA,2025-09-04,3.0,4.0,0.2861810546555107,0.27572590041466666,16.732242070712267
MA,2025-09-04,3.0,8.0,0.21914151581402908,0.6060467533964543,16.732242070712267
MA,2025-09-04,3.0,16.0,0.08767481118186221,2.075127947541743,16.732242070712267
MA,2025-10-02,0.03,0.25,0.5250720662393292,0.1279755353338121,19.672204522182522
MA,2025-10-02,0.03,0.5,0.41202055566726675,0.13224285299744803,19.672204522182522
MA,2025-10-02,0.03,1.0,0.29512044105575974,0.24419565929654652,19.672204522182522
MA,2025-10-02,0.03,2.0,0.2210191974364677,0.4804347792133454,19.672204522182522
MA,2025-10-02,0.03,4.0,0.0983080869055757,1.3098277068972701,19.672204522182522
MA,2025-10-02,0.03,8.0,0.0,3.6054627984596026,19.672204522182522
MA,2025-10-02,0.03,16.0,0.0,3.6054627984596026,19.672204522182522
MA,2025-10-02,0.3,0.25,0.6004165443093008,0.10000515103343167,19.672204522182522
MA,2025-10-02,0.3,0.5,0.5343278516436794,0.12508658441104648,19.672204522182522
MA,2025-10-02,0.3,1.0,0.42411542911929695,0.13051495182803088,19.672204522182522
MA,2025-10-02,0.3,2.0,0.30938546386901544,0.21937438707012252,19.672204522182522
MA,2025-10-02,0.3,4.0,0.22992691739442933,0.44119105102937245,19.672204522182522
MA,2025-10-02,0.3,8.0,0.11568300901960678,1.0785288287267227,19.672204522182522
MA,2025-10-02,0.3,16.0,0.0,3.6054627984596026,19.672204522182522
MA,2025-10-02,3.0,0.25,0.6447842361089349,0.0873104428211333,19.672204522182522
MA,2025-10-02,3.0,0.5,0.6063411557620455,0.09821606667263803,19.672204522182522
MA,2025-10-02,3.0,1.0,0.5429276160787606,0.121838562245722,19.672204522182522
MA,2025-10-02,3.0,2.0,0.43830903860714787,0.1322328999638507,19.672204522182522
MA,2025-10-02,3.0,4.0,0.3226279379892631,0.1997795992568239,19.672204522182522
MA,2025-10-02,3.0,8.0,0.23819611209239416,0.4172797161263565,19.672204522182522
MA,2025-10-02,3.0,16.0,0.1318248299028704,0.9133378175752547,19.672204522182522
MA,2025-10-30,0.03,0.25,0.8333075517428391,0.4011117163078039,18.75099090101723
MA,2025-10-30,0.03,0.5,0.7187208019916091,0.3144896303010641,18.75099090101723
MA,2025-10-30,0.03,1.0,0.5787650726440335,0.36687496865434377,18.75099090101723
MA,2025-10-30,0.03,2.0,0.4524200068957308,0.6975934294781346,18.75099090101723
MA,2025-10-30,0.03,4.0,0.36101838188931035,4.326302140944256,18.75099090101723
MA,2025-10-30,0.03,8.0,0.1751548003378235,10.911497427889113,18.75099090101723
MA,2025-10-30,0.03,16.0,0.0,12.361198423399207,18.75099090101723
MA,2025-10-30,0.3,0.25,0.9402208967100354,0.47058788294721315,18.75099090101723
MA,2025-10-30,0.3,0.5,0.8461762579376813,0.40902300142119846,18.75099090101723
MA,2025-10-30,0.3,1.0,0.7298779514795746,0.32268600503081313,18.75099090101723
MA,2025-10-30,0.3,2.0,0.5904982912950203,0.31591581835021737,18.75099090101723
MA,2025-10-30,0.3,4.0,0.45897187950137847,0.5984245278182942,18.75099090101723
MA,2025-10-30,0.3,8.0,0.3741221271006058,3.548775515321259,18.75099090101723
MA,2025-10-30,0.3,16.0,0.20213995874509086,10.720281901010472,18.75099090101723
MA,2025-10-30,3.0,0.25,1.014624199791775,0.5086488425088165,18.75099090101723
MA,2025-10-30,3.0,0.5,0.9489946591669557,0.47555690002747003,18.75099090101723
MA,2025-10-30,3.0,1.0,0.858262415204132,0.4167810810478291,18.75099090101723
MA,2025-10-30,3.0,2.0,0.7421482282755856,0.3314541865120624,18.75099090101723
MA,2025-10-30,3.0,4.0,0.6061520136165057,0.2909737253898807,18.75099090101723
MA,2025-10-30,3.0,8.0,0.4650540992465041,0.5256350133469292,18.75099090101723
MA,2025-10-30,3.0,16.0,0.3862865665908569,2.904066690038964,18.75099090101723
MA,2025-11-28,0.03,0.25,1.0437122333213071,0.7361378241862337,19.498476905620556
MA,2025-11-28,0.03,0.5,0.8857868942080572,0.8342972369341541,19.498476905620556
MA,2025-11-28,0.03,1.0,0.7183684392353665,1.1538937000028233,19.498476905620556
MA,2025-11-28,0.03,2.0,0.4812157219147147,2.1163137227992106,19.498476905620556
MA,2025-11-28,0.03,4.0,0.2948966976901797,6.056840732307976,19.498476905620556
MA,2025-11-28,0.03,8.0,0.10483006092521066,14.81411103540767,19.498476905620556
MA,2025-11-28,0.03,16.0,0.0,19.783596372089427,19.498476905620556
MA,2025-11-28,0.3,0.25,1.1885180987394472,0.7499256509478226,19.498476905620556
MA,2025-11-28,0.3,0.5,1.0601848880853166,0.7361193878153458,19.498476905620556
MA,2025-11-28,0.3,1.0,0.9030662388153688,0.8027423646503362,19.498476905620556
MA,2025-11-28,0.3,2.0,0.7352650682701606,1.071253964402213,19.498476905620556
MA,2025-11-28,0.3,4.0,0.5151815774574512,1.9186251201696036,19.498476905620556
MA,2025-11-28,0.3,8.0,0.30827950020303474,5.375902543245061,19.498476905620556
MA,2025-11-28,0.3,16.0,0.13316117897394325,13.712300540872025,19.498476905620556
MA,2025-11-28,3.0,0.25,1.2703183450194842,0.7666044771661437,19.498476905620556
MA,2025-11-28,3.0,0.5,1.1985927495172204,0.7517959781787638,19.498476905620556
MA,2025-11-28,3.0,1.0,1.0771195047970945,0.7365603110010088,19.498476905620556
MA,2025-11-28,3.0,2.0,0.9191069614116576,0.7760229162558044,19.498476905620556
MA,2025-11-28,3.0,4.0,0.7509505092008799,1.003433054051558,19.498476905620556
MA,2025-11-28,3.0,8.0,0.546747166357026,1.7527251896989178,19.498476905620556
MA,2025-11-28,3.0,16.0,0.3207799963698524,4.716093113591788,19.498476905620556
MA,2025-12-29,0.03,0.25,0.4317053112117954,0.20760074075654697,20.263069774341467
MA,2025-12-29,0.03,0.5,0.36483387004096457,0.2955436722235638,20.263069774341467
MA,2025-12-29,0.03,1.0,0.2724313696165874,0.3001739601127513,20.263069774341467
MA,2025-12-29,0.03,2.0,0.19252364229477165,0.44372145601932494,20.263069774341467
MA,2025-12-29,0.03,4.0,0.07647147581745233,1.6045186906496467,20.263069774341467
MA,2025-12-29,0.03,8.0,0.0,3.5819842748638764,20.263069774341467
MA,2025-12-29,0.03,16.0,0.0,3.5819842748638764,20.263069774341467
MA,2025-12-29,0.3,0.25,0.48475438519252956,0.1666622864673604,20.263069774341467
MA,2025-12-29,0.3,0.5,0.43652097986366883,0.2021207327294606,20.263069774341467
MA,2025-12-29,0.3,1.0,0.37438536012827495,0.28241781777652336,20.263069774341467
MA,2025-12-29,0.3,2.0,0.28311388623032174,0.3089087118793841,20.263069774341467
MA,2025-12-29,0.3,4.0,0.20101265993617934,0.39083834194225486,20.263069774341467
MA,2025-12-29,0.3,8.0,0.09295841871122384,1.4229409070011534,20.263069774341467
MA,2025-12-29,0.3,16.0,0.0,3.5819842748638764,20.263069774341467
MA,2025-12-29,3.0,0.25,0.5238928614900412,0.1507323672667255,20.263069774341467
MA,2025-12-29,3.0,0.5,0.48904717227156835,0.1643888998821655,20.263069774341467
MA,2025-12-29,3.0,1.0,0.4418229273606297,0.19745504610523731,20.263069774341467
MA,2025-12-29,3.0,2.0,0.38325217807499967,0.27122548433391164,20.263069774341467
MA,2025-12-29,3.0,4.0,0.2930306561961602,0.3204095089698441,20.263069774341467
MA,2025-12-29,3.0,8.0,0.20893113430067153,0.3504496550463473,20.263069774341467
MA,2025-12-29,3.0,16.0,0.10843198490076476,1.3110345154844636,20.263069774341467
MA,2026-01-28,0.03,0.25,0.6158730064409612,0.7011264782225665,20.730063138357234
MA,2026-01-28,0.03,0.5,0.5135011885258837,0.8079014307620868,20.730063138357234
MA,2026-01-28,0.03,1.0,0.43126265073367576,1.6377117636698595,20.730063138357234
MA,2026-01-28,0.03,2.0,0.34538068556851914,3.408360964851833,20.730063138357234
MA,2026-01-28,0.03,4.0,0.2683013545857655,6.5594834408695695,20.730063138357234
MA,2026-01-28,0.03,8.0,0.11447932469513453,13.025652761488773,20.730063138357234
MA,2026-01-28,0.03,16.0,0.0,21.128318605928946,20.730063138357234
MA,2026-01-28,0.3,0.25,0.7216922284667345,0.7687178627245884,20.730063138357234
MA,2026-01-28,0.3,0.5,0.627313794854569,0.7110145901412064,20.730063138357234
MA,2026-01-28,0.3,1.0,0.5210782311707763,0.7609291773981289,20.730063138357234
MA,2026-01-28,0.3,2.0,0.4430468652266802,1.4955306863722093,20.730063138357234
MA,2026-01-28,0.3,4.0,0.3509455243076853,3.2447690561513527,20.730063138357234
MA,2026-01-28,0.3,8.0,0.2792179646952439,6.196803760143975,20.730063138357234
MA,2026-01-28,0.3,16.0,0.13676355286641678,11.757225479530842,20.730063138357234
MA,2026-01-28,3.0,0.25,0.7897185974746477,0.7721196678814171,20.730063138357234
MA,2026-01-28,3.0,0.5,0.7305097031060916,0.768868144386484,20.730063138357234
MA,2026-01-28,3.0,1.0,0.6385086539253481,0.7207757774519489,20.730063138357234
MA,2026-01-28,3.0,2.0,0.5326156184805885,0.7411419155850812,20.730063138357234
MA,2026-01-28,3.0,4.0,0.4539790928294997,1.3716567624069727,20.730063138357234
MA,2026-01-28,3.0,8.0,0.356111462978199,3.1175898175753947,20.730063138357234
MA,2026-01-28,3.0,16.0,0.2893520478122557,5.937760896301527,20.730063138357234
MA,2026-02-26,0.03,0.25,0.8597964706830762,2.725191249477194,24.158886065793446
MA,2026-02-26,0.03,0.5,0.687962243004529,2.238944707880124,24.158886065793446
MA,2026-02-26,0.03,1.0,0.5168119626774743,1.5851086804118468,24.158886065793446
MA,2026-02-26,0.03,2.0,0.30802658692525664,0.8647772166655966,24.158886065793446
MA,2026-02-26,0.03,4.0,0.13926838481387832,1.7818665570492969,24.158886065793446
MA,2026-02-26,0.03,8.0,0.0,10.484716691386199,24.158886065793446
MA,2026-02-26,0.03,16.0,0.0,10.484716691386199,24.158886065793446
MA,2026-02-26,0.3,0.25,0.9729721606548477,3.050797470772652,24.158886065793446
MA,2026-02-26,0.3,0.5,0.874004476979195,2.7664243999236757,24.158886065793446
MA,2026-02-26,0.3,1.0,0.7033972257262889,2.3012213443942193,24.158886065793446
MA,2026-02-26,0.3,2.0,0.5406387915842674,1.6574810106345585,24.158886065793446
MA,2026-02-26,0.3,4.0,0.33347326550620227,0.976253556622553,24.158886065793446
MA,2026-02-26,0.3,8.0,0.15463473455849508,1.3910419696864305,24.158886065793446
MA,2026-02-26,0.3,16.0,0.0,10.484716691386199,24.158886065793446
MA,2026-02-26,3.0,0.25,1.034707019721476,3.199795559424418,24.158886065793446
MA,2026-02-26,3.0,0.5,0.9805553573692433,3.0723026954129917,24.158886065793446
MA,2026-02-26,3.0,1.0,0.8872064668202047,2.8053823413769035,24.158886065793446
MA,2026-02-26,3.0,2.0,0.7234247212885347,2.3616294557545614,24.158886065793446
MA,2026-02-26,3.0,4.0,0.5627812564587015,1.7309314899405288,24.158886065793446
MA,2026-02-26,3.0,8.0,0.3570958693369724,1.1038619577817492,24.158886065793446
MA,2026-02-26,3.0,16.0,0.1775641369046982,1.05528429059921,24.158886065793446
MA,2026-03-26,0.03,0.25,0.612139730717246,0.2870083677391341,25.010960677917623
MA,2026-03-26,0.03,0.5,0.4562259497313973,0.23335942755864367,25.010960677917623
MA,2026-03-26,0.03,1.0,0.3382235310562578,0.3316668179924816,25.010960677917623
MA,2026-03-26,0.03,2.0,0.2931841261501179,0.8470137274605307,25.010960677917623
MA,2026-03-26,0.03,4.0,0.20296556263709853,3.6849859156331277,25.010960677917623
MA,2026-03-26,0.03,8.0,0.02153221877402859,17.178653585453645,25.010960677917623
MA,2026-03-26,0.03,16.0,0.0,18.617459122834674,25.010960677917623
MA,2026-03-26,0.3,0.25,0.7293407138966064,0.2912260440727535,25.010960677917623
MA,2026-03-26,0.3,0.5,0.6261831316707788,0.2889274558703965,25.010960677917623
MA,2026-03-26,0.3,1.0,0.46946306809660154,0.23616735915509304,25.010960677917623
MA,2026-03-26,0.3,2.0,0.3415159068216521,0.30409195814687817,25.010960677917623
MA,2026-03-26,0.3,4.0,0.29965119426581405,0.7755690179927853,25.010960677917623
MA,2026-03-26,0.3,8.0,0.2158996988684908,3.067116535200347,25.010960677917623
MA,2026-03-26,0.3,16.0,0.047890549525870865,15.173638573388907,25.010960677917623
MA,2026-03-26,3.0,0.25,0.7966398626958762,0.2974847796637721,25.010960677917623
MA,2026-03-26,3.0,0.5,0.7376647853262002,0.29199662570296137,25.010960677917623
MA,2026-03-26,3.0,1.0,0.639206842111957,0.2888147698402175,25.010960677917623
MA,2026-03-26,3.0,2.0,0.48399441973248836,0.2400601079522018,25.010960677917623
MA,2026-03-26,3.0,4.0,0.3445722777393944,0.2834734548022166,25.010960677917623
MA,2026-03-26,3.0,8.0,0.30565468849621974,0.7250491321791642,25.010960677917623
MA,2026-03-26,3.0,16.0,0.22790668732930225,2.556751441125185,25.010960677917623
MA,2026-04-24,0.03,0.25,0.6347017538854253,0.24696305530879342,23.463321822632768
MA,2026-04-24,0.03,0.5,0.4357832457801122,0.3322031463927653,23.463321822632768
MA,2026-04-24,0.03,1.0,0.3291206839380938,0.625950588104418,23.463321822632768
MA,2026-04-24,0.03,2.0,0.2685945419059935,1.155237414766008,23.463321822632768
MA,2026-04-24,0.03,4.0,0.18917568201383927,2.442316923331148,23.463321822632768
MA,2026-04-24,0.03,8.0,0.02291872856357272,11.443099717750117,23.463321822632768
MA,2026-04-24,0.03,16.0,0.0,13.327784783789957,23.463321822632768
MA,2026-04-24,0.3,0.25,0.7762305191501969,0.23149303779262426,23.463321822632768
MA,2026-04-24,0.3,0.5,0.6529752956940886,0.243910233099331,23.463321822632768
MA,2026-04-24,0.3,1.0,0.4545634222813547,0.3163637335314195,23.463321822632768
MA,2026-04-24,0.3,2.0,0.3405003442602617,0.5731535528641731,23.463321822632768
MA,2026-04-24,0.3,4.0,0.2740861809306398,1.105845350375609,23.463321822632768
MA,2026-04-24,0.3,8.0,0.2009902859841362,2.2106928600869336,23.463321822632768
MA,2026-04-24,0.3,16.0,0.0470809663333884,9.68715209807599,23.463321822632768
MA,2026-04-24,3.0,0.25,0.8500920832178027,0.23310578561497441,23.463321822632768
MA,2026-04-24,3.0,0.5,0.7854815695241004,0.23087613092383777,23.463321822632768
MA,2026-04-24,3.0,1.0,0.6699411515540384,0.24140557359281758,23.463321822632768
MA,2026-04-24,3.0,2.0,0.4731788275795068,0.3025602216613446,23.463321822632768
MA,2026-04-24,3.0,4.0,0.3510954932643985,0.5237054736207467,23.463321822632768
MA,2026-04-24,3.0,8.0,0.27915720303494884,1.073457502154236,23.463321822632768
MA,2026-04-24,3.0,16.0,0.2119579927565537,2.057129564251243,23.463321822632768
MA,2026-05-22,0.03,0.25,0.7578970356011134,0.16854949076688114,21.682219227909734
MA,2026-05-22,0.03,0.5,0.6647097611790898,0.2192685667190747,21.682219227909734
MA,2026-05-22,0.03,1.0,0.5673990127085711,0.4132839339024475,21.682219227909734
MA,2026-05-22,0.03,2.0,0.5420811331656483,1.1859369097738368,21.682219227909734
MA,2026-05-22,0.03,4.0,0.5468327792130399,5.081351397616127,21.682219227909734
MA,2026-05-22,0.03,8.0,0.5536821876226794,15.404087014765997,21.682219227909734
MA,2026-05-22,0.03,16.0,0.556047931294218,23.550409520078812,21.682219227909734
MA,2026-05-22,0.3,0.25,0.8427322447900429,0.12866307632267152,21.682219227909734
MA,2026-05-22,0.3,0.5,0.7686687344480883,0.16278666306575482,21.682219227909734
MA,2026-05-22,0.3,1.0,0.6750451777202281,0.21107278923151299,21.682219227909734
MA,2026-05-22,0.3,2.0,0.573594506457271,0.37799528328587173,21.682219227909734
MA,2026-05-22,0.3,4.0,0.5417405245652274,1.0259489311214554,21.682219227909734
MA,2026-05-22,0.3,8.0,0.5461515620121977,4.332254984376278,21.682219227909734
MA,2026-05-22,0.3,16.0,0.5532164831157962,14.510652023377192,21.682219227909734
MA,2026-05-22,3.0,0.25,0.8871622404215687,0.11588824039935447,21.682219227909734
MA,2026-05-22,3.0,0.5,0.8482983667236195,0.12619955026769866,21.682219227909734
MA,2026-05-22,3.0,1.0,0.7788332306489694,0.1577195057350399,21.682219227909734
MA,2026-05-22,3.0,2.0,0.6846166329899644,0.2029110487733366,21.682219227909734
MA,2026-05-22,3.0,4.0,0.5799774883301847,0.3489787660579494,21.682219227909734
MA,2026-05-22,3.0,8.0,0.5414243315499581,0.8917069204369586,21.682219227909734
MA,2026-05-22,3.0,16.0,0.5455191759816593,3.6939661644197455,21.682219227909734
XOM,2024-10-16,0.03,0.25,0.09031134222376111,0.011890737791971613,5.781147259688602
XOM,2024-10-16,0.03,0.5,0.07074337583904707,0.01982922075277636,5.781147259688602
XOM,2024-10-16,0.03,1.0,0.0514690879184641,0.022619429873988905,5.781147259688602
XOM,2024-10-16,0.03,2.0,0.03312252987607661,0.056209150779508256,5.781147259688602
XOM,2024-10-16,0.03,4.0,0.0,0.27625177332204004,5.781147259688602
XOM,2024-10-16,0.03,8.0,0.0,0.27625177332204004,5.781147259688602
XOM,2024-10-16,0.03,16.0,0.0,0.27625177332204004,5.781147259688602
XOM,2024-10-16,0.3,0.25,0.10417680529504594,0.008000562222313932,5.781147259688602
XOM,2024-10-16,0.3,0.5,0.09215166725323432,0.011344240220626857,5.781147259688602
XOM,2024-10-16,0.3,1.0,0.07284787378352314,0.018579253903438207,5.781147259688602
XOM,2024-10-16,0.3,2.0,0.053061138669203596,0.02228482850664719,5.781147259688602
XOM,2024-10-16,0.3,4.0,0.03555468374028338,0.048119667861784315,5.781147259688602
XOM,2024-10-16,0.3,8.0,0.004435031887011699,0.23432915223058448,5.781147259688602
XOM,2024-10-16,0.3,16.0,0.0,0.27625177332204004,5.781147259688602
XOM,2024-10-16,3.0,0.25,0.11577853142855728,0.0066704749026764605,5.781147259688602
XOM,2024-10-16,3.0,0.5,0.1053986741041465,0.00780720994348089,5.781147259688602
XOM,2024-10-16,3.0,1.0,0.09386176307627013,0.010843858930649623,5.781147259688602
XOM,2024-10-16,3.0,2.0,0.0747940110268198,0.01733678961381978,5.781147259688602
XOM,2024-10-16,3.0,4.0,0.05453876819629828,0.022260606961863442,5.781147259688602
XOM,2024-10-16,3.0,8.0,0.03781654218823754,0.04162608470795393,5.781147259688602
XOM,2024-10-16,3.0,16.0,0.008839121753553728,0.19703222663391376,5.781147259688602
XOM,2024-11-13,0.03,0.25,0.07218299212980922,0.005424289129066376,5.767042435178593
XOM,2024-11-13,0.03,0.5,0.063844257238586,0.009842555153183786,5.767042435178593
XOM,2024-11-13,0.03,1.0,0.05421095544837883,0.014026502095315916,5.767042435178593
XOM,2024-11-13,0.03,2.0,0.03552311499999401,0.04052812762862401,5.767042435178593
XOM,2024-11-13,0.03,4.0,0.0,0.17328611196676416,5.767042435178593
XOM,2024-11-13,0.03,8.0,0.0,0.17328611196676416,5.767042435178593
XOM,2024-11-13,0.03,16.0,0.0,0.17328611196676416,5.767042435178593
XOM,2024-11-13,0.3,0.25,0.07999789807537058,0.003349854333618657,5.767042435178593
XOM,2024-11-13,0.3,0.5,0.07322624822055518,0.005175610444841212,5.767042435178593
XOM,2024-11-13,0.3,1.0,0.0645545307177917,0.009031097548533311,5.767042435178593
XOM,2024-11-13,0.3,2.0,0.05558912724884915,0.012850050939041879,5.767042435178593
XOM,2024-11-13,0.3,4.0,0.03815136090856855,0.03601824876395153,5.767042435178593
XOM,2024-11-13,0.3,8.0,0.004696809410878173,0.1460947730701352,5.767042435178593
XOM,2024-11-13,0.3,16.0,0.0,0.17328611196676416,5.767042435178593
XOM,2024-11-13,3.0,0.25,0.0863618989306844,0.0025855355490250046,5.767042435178593
XOM,2024-11-13,3.0,0.5,0.08063797883064938,0.0032398616524330734,5.767042435178593
XOM,2024-11-13,3.0,1.0,0.07419988276808831,0.004894854490423112,5.767042435178593
XOM,2024-11-13,3.0,2.0,0.06521486598401663,0.008335920029704853,5.767042435178593
XOM,2024-11-13,3.0,4.0,0.05686850861682177,0.01197500948414401,5.767042435178593
XOM,2024-11-13,3.0,8.0,0.04059120828081417,0.03264953456553848,5.767042435178593
XOM,2024-11-13,3.0,16.0,0.00936250204276702,0.12280618357838735,5.767042435178593
XOM,2024-12-12,0.03,0.25,0.1511916972217465,0.023615919924309482,5.008602918030288
XOM,2024-12-12,0.03,0.5,0.10036758037973514,0.021423293025110174,5.008602918030288
XOM,2024-12-12,0.03,1.0,0.05326272460481852,0.022881838322322382,5.008602918030288
XOM,2024-12-12,0.03,2.0,0.03334120652919795,0.06132588684551112,5.008602918030288
XOM,2024-12-12,0.03,4.0,0.0,0.42435763607911137,5.008602918030288
XOM,2024-12-12,0.03,8.0,0.0,0.42435763607911137,5.008602918030288
XOM,2024-12-12,0.03,16.0,0.0,0.42435763607911137,5.008602918030288
XOM,2024-12-12,0.3,0.25,0.21096898828388236,0.031607706026400645,5.008602918030288
XOM,2024-12-12,0.3,0.5,0.15749410186877658,0.024277399071841822,5.008602918030288
XOM,2024-12-12,0.3,1.0,0.10485963986298617,0.02116702633035994,5.008602918030288
XOM,2024-12-12,0.3,2.0,0.054903439313733135,0.02326402264816886,5.008602918030288
XOM,2024-12-12,0.3,4.0,0.03609311553554129,0.04814604550421493,5.008602918030288
XOM,2024-12-12,0.3,8.0,0.0004546329410518527,0.4168809367926005,5.008602918030288
XOM,2024-12-12,0.3,16.0,0.0,0.42435763607911137,5.008602918030288
XOM,2024-12-12,3.0,0.25,0.24347919637891344,0.03688254685706282,5.008602918030288
XOM,2024-12-12,3.0,0.5,0.21485795349597842,0.03223351378409553,5.008602918030288
XOM,2024-12-12,3.0,1.0,0.16463235297678924,0.025098351905331127,5.008602918030288
XOM,2024-12-12,3.0,2.0,0.10902132646793375,0.020931132379983456,5.008602918030288
XOM,2024-12-12,3.0,4.0,0.057300622433795446,0.021999878056814616,5.008602918030288
XOM,2024-12-12,3.0,8.0,0.038647761558533604,0.038201727913622203,5.008602918030288
XOM,2024-12-12,3.0,16.0,0.0055639249870365025,0.3376594331051404,5.008602918030288
XOM,2025-01-14,0.03,0.25,0.24678191939447672,0.02425183857617734,3.2885397461471833
XOM,2025-01-14,0.03,0.5,0.1877412239132243,0.03396655404035992,3.2885397461471833
XOM,2025-01-14,0.03,1.0,0.13467645071866335,0.05453329491046834,3.2885397461471833
XOM,2025-01-14,0.03,2.0,0.11294116304646457,0.16829391593196605,3.2885397461471833
XOM,2025-01-14,0.03,4.0,0.11223704599111618,0.7897319329582224,3.2885397461471833
XOM,2025-01-14,0.03,8.0,0.10989494608751382,0.7891972155527984,3.2885397461471833
XOM,2025-01-14,0.03,16.0,0.10521074628030913,0.7883299913081413,3.2885397461471833
XOM,2025-01-14,0.3,0.25,0.2992460777084085,0.02814862375941033,3.2885397461471833
XOM,2025-01-14,0.3,0.5,0.251879230259961,0.024424894597273594,3.2885397461471833
XOM,2025-01-14,0.3,1.0,0.19570479103141114,0.031941969823812505,3.2885397461471833
XOM,2025-01-14,0.3,2.0,0.1376623441503185,0.05123205405393421,3.2885397461471833
XOM,2025-01-14,0.3,4.0,0.11296933057330415,0.13925101297123887,3.2885397461471833
XOM,2025-01-14,0.3,8.0,0.1124049329427653,0.7897728516847039,3.2885397461471833
XOM,2025-01-14,0.3,16.0,0.11023071999081202,0.7892697360781661,3.2885397461471833
XOM,2025-01-14,3.0,0.25,0.3296184664155488,0.03221176094835577,3.2885397461471833
XOM,2025-01-14,3.0,0.5,0.30280441697335075,0.028623230492227217,3.2885397461471833
XOM,2025-01-14,3.0,1.0,0.25729045431979963,0.024663370228101302,3.2885397461471833
XOM,2025-01-14,3.0,2.0,0.20309536003195283,0.030453344860873036,3.2885397461471833
XOM,2025-01-14,3.0,4.0,0.1404400828833563,0.04904178173906768,3.2885397461471833
XOM,2025-01-14,3.0,8.0,0.11299547898891396,0.11598253645958864,3.2885397461471833
XOM,2025-01-14,3.0,16.0,0.1125312763752094,0.6792898080011667,3.2885397461471833
XOM,2025-02-12,0.03,0.25,0.18333167026237002,0.13710896350379964,5.043675660548921
XOM,2025-02-12,0.03,0.5,0.14744164334797824,0.10264672695790976,5.043675660548921
XOM,2025-02-12,0.03,1.0,0.10688628502488248,0.09192762023266322,5.043675660548921
XOM,2025-02-12,0.03,2.0,0.10543319741498176,0.22745874369171917,5.043675660548921
XOM,2025-02-12,0.03,4.0,0.10585747473837676,0.8796832185810897,5.043675660548921
XOM,2025-02-12,0.03,8.0,0.10572385346845917,1.8676302311589823,5.043675660548921
XOM,2025-02-12,0.03,16.0,0.10268087033349026,1.8849471214879239,5.043675660548921
XOM,2025-02-12,0.3,0.25,0.21122001852283556,0.1592229776115525,5.043675660548921
XOM,2025-02-12,0.3,0.5,0.18659610997741238,0.1401990453372774,5.043675660548921
XOM,2025-02-12,0.3,1.0,0.15084695446533686,0.10619954640961465,5.043675660548921
XOM,2025-02-12,0.3,2.0,0.11102732169516245,0.08832757703327197,5.043675660548921
XOM,2025-02-12,0.3,4.0,0.10544461510354268,0.1984732049277724,5.043675660548921
XOM,2025-02-12,0.3,8.0,0.1057908159497787,0.751225968103462,5.043675660548921
XOM,2025-02-12,0.3,16.0,0.1058094407716968,1.8466268353842823,5.043675660548921
XOM,2025-02-12,3.0,0.25,0.22537226094591842,0.17177717126088665,5.043675660548921
XOM,2025-02-12,3.0,0.5,0.2129861250254557,0.16080590762387756,5.043675660548921
XOM,2025-02-12,3.0,1.0,0.19012579766133963,0.1425841585122798,5.043675660548921
XOM,2025-02-12,3.0,2.0,0.15401205205096624,0.10989452830635398,5.043675660548921
XOM,2025-02-12,3.0,4.0,0.11487151960883296,0.0866480906809815,5.043675660548921
XOM,2025-02-12,3.0,8.0,0.10545521434668866,0.17474893831910235,5.043675660548921
XOM,2025-02-12,3.0,16.0,0.10571906938355174,0.6428657791085022,5.043675660548921
XOM,2025-03-13,0.03,0.25,0.1468388119128438,0.08517886380722615,4.190746983892978
XOM,2025-03-13,0.03,0.5,0.11050935663098517,0.11579612218403752,4.190746983892978
XOM,2025-03-13,0.03,1.0,0.0798091874694164,0.14056196732250315,4.190746983892978
XOM,2025-03-13,0.03,2.0,0.06784055329408142,0.19311297168414712,4.190746983892978
XOM,2025-03-13,0.03,4.0,0.04382346698088527,0.3696480124327231,4.190746983892978
XOM,2025-03-13,0.03,8.0,0.0,1.2315964892143632,4.190746983892978
XOM,2025-03-13,0.03,16.0,0.0,1.2315964892143632,4.190746983892978
XOM,2025-03-13,0.3,0.25,0.17290293944338603,0.07622983081208902,4.190746983892978
XOM,2025-03-13,0.3,0.5,0.150187876446494,0.08365669845711764,4.190746983892978
XOM,2025-03-13,0.3,1.0,0.1155262610679102,0.11046125315504648,4.190746983892978
XOM,2025-03-13,0.3,2.0,0.08171992916614682,0.14349503694242463,4.190746983892978
XOM,2025-03-13,0.3,4.0,0.06955643014801893,0.17443834569007677,4.190746983892978
XOM,2025-03-13,0.3,8.0,0.04745971922759498,0.3630847008936019,4.190746983892978
XOM,2025-03-13,0.3,16.0,0.0,1.2315964892143632,4.190746983892978
XOM,2025-03-13,3.0,0.25,0.18762683536780722,0.0736197108703614,4.190746983892978
XOM,2025-03-13,3.0,0.5,0.17483435150597534,0.07584972830372318,4.190746983892978
XOM,2025-03-13,3.0,1.0,0.1532944251179343,0.08233637844356695,4.190746983892978
XOM,2025-03-13,3.0,2.0,0.12018354259065689,0.10584709575349288,4.190746983892978
XOM,2025-03-13,3.0,4.0,0.08491089770223573,0.14646272500181212,4.190746983892978
XOM,2025-03-13,3.0,8.0,0.07114930911703712,0.16043994390203048,4.190746983892978
XOM,2025-03-13,3.0,16.0,0.05083531679250043,0.3680803541936468,4.190746983892978
XOM,2025-04-10,0.03,0.25,0.1285331017391175,0.008587528974239587,6.038564424327852
XOM,2025-04-10,0.03,0.5,0.11432702666335569,0.013901238204272498,6.038564424327852
XOM,2025-04-10,0.03,1.0,0.10799965410881515,0.030301997799654444,6.038564424327852
XOM,2025-04-10,0.03,2.0,0.10852839114122714,0.0961479686597916,6.038564424327852
XOM,2025-04-10,0.03,4.0,0.10953019602893543,0.372948964392274,6.038564424327852
XOM,2025-04-10,0.03,8.0,0.11013534803336358,1.0654899037121763,6.038564424327852
XOM,2025-04-10,0.03,16.0,0.11058941563410904,1.1281044894701173,6.038564424327852
XOM,2025-04-10,0.3,0.25,0.14260804052505677,0.006666362082223928,6.038564424327852
XOM,2025-04-10,0.3,0.5,0.1300916024367807,0.008262090410987218,6.038564424327852
XOM,2025-04-10,0.3,1.0,0.11636654937233609,0.012976792046229617,6.038564424327852
XOM,2025-04-10,0.3,2.0,0.10795960398162513,0.027435710902620716,6.038564424327852
XOM,2025-04-10,0.3,4.0,0.10845657883721954,0.08386631337059659,6.038564424327852
XOM,2025-04-10,0.3,8.0,0.10938658107949778,0.3211916906005348,6.038564424327852
XOM,2025-04-10,0.3,16.0,0.11012918485042604,1.0405141674348433,6.038564424327852
XOM,2025-04-10,3.0,0.25,0.15399594193290495,0.0063781814165523145,6.038564424327852
XOM,2025-04-10,3.0,0.5,0.14394691922200417,0.006594527720512563,6.038564424327852
XOM,2025-04-10,3.0,1.0,0.1317780509539155,0.007966684432576336,6.038564424327852
XOM,2025-04-10,3.0,2.0,0.11825370008112623,0.01219999153875383,6.038564424327852
XOM,2025-04-10,3.0,4.0,0.10792242473699512,0.02501526076303586,6.038564424327852
XOM,2025-04-10,3.0,8.0,0.10838991419954003,0.07337037880230132,6.038564424327852
XOM,2025-04-10,3.0,16.0,0.1092532518041387,0.2767505759287695,6.038564424327852
XOM,2025-05-09,0.03,0.25,0.13963606490032532,0.011194426966063263,8.317085743347192
XOM,2025-05-09,0.03,0.5,0.12578068727702532,0.015698016391783243,8.317085743347192
XOM,2025-05-09,0.03,1.0,0.11152260092254336,0.0270670469043188,8.317085743347192
XOM,2025-05-09,0.03,2.0,0.11184199984990133,0.07969108866748659,8.317085743347192
XOM,2025-05-09,0.03,4.0,0.11245707837954508,0.3341642574742805,8.317085743347192
XOM,2025-05-09,0.03,8.0,0.11286550107926888,1.0600130286234046,8.317085743347192
XOM,2025-05-09,0.03,16.0,0.11200311761432999,1.0866856928215134,8.317085743347192
XOM,2025-05-09,0.3,0.25,0.1522243053570066,0.007992800522775583,8.317085743347192
XOM,2025-05-09,0.3,0.5,0.14067204125944782,0.010791769863027158,8.317085743347192
XOM,2025-05-09,0.3,1.0,0.12777151698466815,0.014962024569248507,8.317085743347192
XOM,2025-05-09,0.3,2.0,0.11149859684132826,0.025200255947433744,8.317085743347192
XOM,2025-05-09,0.3,4.0,0.11179790964725544,0.06913754294214385,8.317085743347192
XOM,2025-05-09,0.3,8.0,0.11236889797425333,0.28539178238934004,8.317085743347192
XOM,2025-05-09,0.3,16.0,0.11292038311871441,1.0261850670687178,8.317085743347192
XOM,2025-05-09,3.0,0.25,0.15999554451803932,0.006875683563196614,8.317085743347192
XOM,2025-05-09,3.0,0.5,0.1532137496765168,0.007824515700771398,8.317085743347192
XOM,2025-05-09,3.0,1.0,0.14175861885513466,0.010419874942827513,8.317085743347192
XOM,2025-05-09,3.0,2.0,0.12961848671288023,0.014275542865431532,8.317085743347192
XOM,2025-05-09,3.0,4.0,0.11188577841629571,0.02366441607812697,8.317085743347192
XOM,2025-05-09,3.0,8.0,0.1117569799288009,0.06026098007588842,8.317085743347192
XOM,2025-05-09,3.0,16.0,0.11228703853734422,0.24379735177096376,8.317085743347192
XOM,2025-06-09,0.03,0.25,0.11743748887406419,0.01927466400266272,6.201408870847644
XOM,2025-06-09,0.03,0.5,0.10006595968586782,0.020526525024996252,6.201408870847644
XOM,2025-06-09,0.03,1.0,0.08065640892317752,0.028903849485295306,6.201408870847644
XOM,2025-06-09,0.03,2.0,0.06933713839074765,0.08924578817959704,6.201408870847644
XOM,2025-06-09,0.03,4.0,0.047276547001526906,0.3725790913269655,6.201408870847644
XOM,2025-06-09,0.03,8.0,0.0017304643916388925,1.316979918821818,6.201408870847644
XOM,2025-06-09,0.03,16.0,0.0,1.3379995110383502,6.201408870847644
XOM,2025-06-09,0.3,0.25,0.13169309135544405,0.01659744357910577,6.201408870847644
XOM,2025-06-09,0.3,0.5,0.11869782107722321,0.018960748251972356,6.201408870847644
XOM,2025-06-09,0.3,1.0,0.10255603583751005,0.020249715812774204,6.201408870847644
XOM,2025-06-09,0.3,2.0,0.08162422709736254,0.026609740641474797,6.201408870847644
XOM,2025-06-09,0.3,4.0,0.07091821408691353,0.0772750426956267,6.201408870847644
XOM,2025-06-09,0.3,8.0,0.05043966940335049,0.31863968128786185,6.201408870847644
XOM,2025-06-09,0.3,16.0,0.008395148283243881,1.199430737868778,6.201408870847644
XOM,2025-06-09,3.0,0.25,0.1429019879818785,0.015078129711455545,6.201408870847644
XOM,2025-06-09,3.0,0.5,0.1330141745725229,0.016368696525283003,6.201408870847644
XOM,2025-06-09,3.0,1.0,0.11986780985338825,0.018692884693876755,6.201408870847644
XOM,2025-06-09,3.0,2.0,0.10486713646660961,0.02005561542200549,6.201408870847644
XOM,2025-06-09,3.0,4.0,0.0825226699034155,0.024744827280601702,6.201408870847644
XOM,2025-06-09,3.0,8.0,0.07238595474619752,0.06716336062978662,6.201408870847644
XOM,2025-06-09,3.0,16.0,0.05337605212728145,0.2725621940972086,6.201408870847644
XOM,2025-07-09,0.03,0.25,0.1009469666056961,0.015529437335550117,4.022520981814437
XOM,2025-07-09,0.03,0.5,0.07437917670265225,0.025488471348888122,4.022520981814437
XOM,2025-07-09,0.03,1.0,0.04570034188734773,0.020197601048152974,4.022520981814437
XOM,2025-07-09,0.03,2.0,0.02807877329921431,0.02838451563452341,4.022520981814437
XOM,2025-07-09,0.03,4.0,0.0,0.15438710363829672,4.022520981814437
XOM,2025-07-09,0.03,8.0,0.0,0.15438710363829672,4.022520981814437
XOM,2025-07-09,0.03,16.0,0.0,0.15438710363829672,4.022520981814437
XOM,2025-07-09,0.3,0.25,0.11679349691304827,0.011991475307138382,4.022520981814437
XOM,2025-07-09,0.3,0.5,0.10284993642813757,0.014978088598580153,4.022520981814437
XOM,2025-07-09,0.3,1.0,0.07816370486512585,0.024732721495361123,4.022520981814437
XOM,2025-07-09,0.3,2.0,0.04696498910702002,0.01931832380426449,4.022520981814437
XOM,2025-07-09,0.3,4.0,0.030636952423957056,0.02666454012119387,4.022520981814437
XOM,2025-07-09,0.3,8.0,0.0,0.15438710363829672,4.022520981814437
XOM,2025-07-09,0.3,16.0,0.0,0.15438710363829672,4.022520981814437
XOM,2025-07-09,3.0,0.25,0.12618501072199775,0.010985766803155097,4.022520981814437
XOM,2025-07-09,3.0,0.5,0.11792973936118166,0.011828812509955018,4.022520981814437
XOM,2025-07-09,3.0,1.0,0.10461346632440191,0.014473979388026283,4.022520981814437
XOM,2025-07-09,3.0,2.0,0.0816968263333506,0.023095851284653954,4.022520981814437
XOM,2025-07-09,3.0,4.0,0.048637557052226235,0.018830886790415082,4.022520981814437
XOM,2025-07-09,3.0,8.0,0.033011755555914506,0.02659436942638538,4.022520981814437
XOM,2025-07-09,3.0,16.0,0.0020384832523561774,0.13918963321385866,4.022520981814437
XOM,2025-08-06,0.03,0.25,0.12151373185548334,0.0034156934461342507,5.311123633407772
XOM,2025-08-06,0.03,0.5,0.11408269283652386,0.005289132304599779,5.311123633407772
XOM,2025-08-06,0.03,1.0,0.11192905506113197,0.01325934446421333,5.311123633407772
XOM,2025-08-06,0.03,2.0,0.11255349921379143,0.052782639778504385,5.311123633407772
XOM,2025-08-06,0.03,4.0,0.11380054053298977,0.22373574603531915,5.311123633407772
XOM,2025-08-06,0.03,8.0,0.11465326900490819,0.6409359499477284,5.311123633407772
XOM,2025-08-06,0.03,16.0,0.1148508457033777,0.8965173316495288,5.311123633407772
XOM,2025-08-06,0.3,0.25,0.1287216601054052,0.0022157676442443024,5.311123633407772
XOM,2025-08-06,0.3,0.5,0.12205143272134641,0.003248517254872908,5.311123633407772
XOM,2025-08-06,0.3,1.0,0.11514917512747994,0.004960750198659799,5.311123633407772
XOM,2025-08-06,0.3,2.0,0.11188429350971231,0.011606995773993822,5.311123633407772
XOM,2025-08-06,0.3,4.0,0.11246397611095207,0.04522873771476457,5.311123633407772
XOM,2025-08-06,0.3,8.0,0.11362314167873572,0.1919474463409747,5.311123633407772
XOM,2025-08-06,0.3,16.0,0.11462029423147496,0.5699722178023684,5.311123633407772
XOM,2025-08-06,3.0,0.25,0.13784260164691525,0.0018726951415800948,5.311123633407772
XOM,2025-08-06,3.0,0.5,0.12983507027078173,0.0021552086028974915,5.311123633407772
XOM,2025-08-06,3.0,1.0,0.1225505899883092,0.003105035883420841,5.311123633407772
XOM,2025-08-06,3.0,2.0,0.11613616895526799,0.004637900695238659,5.311123633407772
XOM,2025-08-06,3.0,4.0,0.11184274056626337,0.010214470434066586,5.311123633407772
XOM,2025-08-06,3.0,8.0,0.1123808702240542,0.03878183344500992,5.311123633407772
XOM,2025-08-06,3.0,16.0,0.11345698615946245,0.16440622508686065,5.311123633407772
XOM,2025-09-04,0.03,0.25,0.15462218458960353,0.005125567289471739,5.335659977503784
XOM,2025-09-04,0.03,0.5,0.12436197604857038,0.009014484084027302,5.335659977503784
XOM,2025-09-04,0.03,1.0,0.11313787014154145,0.023501145198366487,5.335659977503784
XOM,2025-09-04,0.03,2.0,0.1127038248777408,0.09329342858168407,5.335659977503784
XOM,2025-09-04,0.03,4.0,0.11181588918894382,0.43627820117146193,5.335659977503784
XOM,2025-09-04,0.03,8.0,0.10884368159065327,0.877918289235195,5.335659977503784
XOM,2025-09-04,0.03,16.0,0.10282756322318952,0.9455457534505228,5.335659977503784
XOM,2025-09-04,0.3,0.25,0.18372489565542008,0.003807943219339102,5.335659977503784
XOM,2025-09-04,0.3,0.5,0.15801879993863938,0.004928705950120682,5.335659977503784
XOM,2025-09-04,0.3,1.0,0.12589042205225648,0.008274191065659948,5.335659977503784
XOM,2025-09-04,0.3,2.0,0.11316876962454621,0.021201382690453935,5.335659977503784
XOM,2025-09-04,0.3,4.0,0.11276638451761645,0.0789779802180314,5.335659977503784
XOM,2025-09-04,0.3,8.0,0.11195620851554407,0.37643309742739567,5.335659977503784
XOM,2025-09-04,0.3,16.0,0.10927028938382394,0.8672155292231498,5.335659977503784
XOM,2025-09-04,3.0,0.25,0.19911889308266154,0.0034586582724004176,5.335659977503784
XOM,2025-09-04,3.0,0.5,0.1857545532752852,0.0037366551476336325,5.335659977503784
XOM,2025-09-04,3.0,1.0,0.16168415626495222,0.004762691711588929,5.335659977503784
XOM,2025-09-04,3.0,2.0,0.12730930563295434,0.0077094175931115205,5.335659977503784
XOM,2025-09-04,3.0,4.0,0.11319745416360211,0.019392430460352248,5.335659977503784
XOM,2025-09-04,3.0,8.0,0.11282445974279279,0.06698488842711672,5.335659977503784
XOM,2025-09-04,3.0,16.0,0.11207235896589676,0.31887432044976044,5.335659977503784
XOM,2025-10-02,0.03,0.25,0.12433388659178823,0.002970267321203594,4.662472903230502
XOM,2025-10-02,0.03,0.5,0.11535094056549884,0.005262504062987439,4.662472903230502
XOM,2025-10-02,0.03,1.0,0.11561693639448133,0.017664627790345517,4.662472903230502
XOM,2025-10-02,0.03,2.0,0.11614829714161126,0.0776709776628616,4.662472903230502
XOM,2025-10-02,0.03,4.0,0.11713134959242538,0.3289733303157799,4.662472903230502
XOM,2025-10-02,0.03,8.0,0.11753451019116551,0.641452120191009,4.662472903230502
XOM,2025-10-02,0.03,16.0,0.11696810512644937,0.8919410202465975,4.662472903230502
XOM,2025-10-02,0.3,0.25,0.1421415213332313,0.002555909593777966,4.662472903230502
XOM,2025-10-02,0.3,0.5,0.12612826142193737,0.0028761904646897114,4.662472903230502
XOM,2025-10-02,0.3,1.0,0.1153317765526411,0.004823991187227286,4.662472903230502
XOM,2025-10-02,0.3,2.0,0.11557884726945108,0.01516615813764468,4.662472903230502
XOM,2025-10-02,0.3,4.0,0.11607211889155078,0.06618591785190957,4.662472903230502
XOM,2025-10-02,0.3,8.0,0.11702841262497904,0.2860848578177653,4.662472903230502
XOM,2025-10-02,0.3,16.0,0.1175456998974084,0.6199365892399955,4.662472903230502
XOM,2025-10-02,3.0,0.25,0.15502318672661428,0.0019575872250170694,4.662472903230502
XOM,2025-10-02,3.0,0.5,0.14353302651431166,0.002464190683972847,4.662472903230502
XOM,2025-10-02,3.0,1.0,0.1278807740544767,0.0028136605724549176,4.662472903230502
XOM,2025-10-02,3.0,2.0,0.11588745259447594,0.004449851302486088,4.662472903230502
XOM,2025-10-02,3.0,4.0,0.1155434884579666,0.013062656760342566,4.662472903230502
XOM,2025-10-02,3.0,8.0,0.11600140126858177,0.05638762234120016,4.662472903230502
XOM,2025-10-02,3.0,16.0,0.11691723355909174,0.2476118338032989,4.662472903230502
XOM,2025-10-30,0.03,0.25,0.1598614316502517,0.008029862181945322,4.098525323216804
XOM,2025-10-30,0.03,0.5,0.13652935673559968,0.011233480328643306,4.098525323216804
XOM,2025-10-30,0.03,1.0,0.12113446314163825,0.024894823099016482,4.098525323216804
XOM,2025-10-30,0.03,2.0,0.12122132205377359,0.11494063823049011,4.098525323216804
XOM,2025-10-30,0.03,4.0,0.12117789000589947,0.4941317339450631,4.098525323216804
XOM,2025-10-30,0.03,8.0,0.11954387241330947,0.7493902436629494,4.098525323216804
XOM,2025-10-30,0.03,16.0,0.11561600245269588,0.8172103335071011,4.098525323216804
XOM,2025-10-30,0.3,0.25,0.1851165456818704,0.006635924798683462,4.098525323216804
XOM,2025-10-30,0.3,0.5,0.16156869441546837,0.007943788897005378,4.098525323216804
XOM,2025-10-30,0.3,1.0,0.1398735535203557,0.010698679168613636,4.098525323216804
XOM,2025-10-30,0.3,2.0,0.12112793035893496,0.02184795161581402,4.098525323216804
XOM,2025-10-30,0.3,4.0,0.12120892801173802,0.09725119333344444,4.098525323216804
XOM,2025-10-30,0.3,8.0,0.12123556337315772,0.42937252133544385,4.098525323216804
XOM,2025-10-30,0.3,16.0,0.11978848118912777,0.7408171472416792,4.098525323216804
XOM,2025-10-30,3.0,0.25,0.20814452939466088,0.006136268444782351,4.098525323216804
XOM,2025-10-30,3.0,0.5,0.18819926888344995,0.00658493493840247,4.098525323216804
XOM,2025-10-30,3.0,1.0,0.16394725067356603,0.007884484619344392,4.098525323216804
XOM,2025-10-30,3.0,2.0,0.14297916943730882,0.010177973741077819,4.098525323216804
XOM,2025-10-30,3.0,4.0,0.12112186586068537,0.01943834198468486,4.098525323216804
XOM,2025-10-30,3.0,8.0,0.12119762257398649,0.08173064644641784,4.098525323216804
XOM,2025-10-30,3.0,16.0,0.12127632960300062,0.3737573618093685,4.098525323216804
XOM,2025-11-28,0.03,0.25,0.1626057720286574,0.005648660243234905,4.561420425255124
XOM,2025-11-28,0.03,0.5,0.1437570571203822,0.008232661685618422,4.561420425255124
XOM,2025-11-28,0.03,1.0,0.1317391837581156,0.02267386711050999,4.561420425255124
XOM,2025-11-28,0.03,2.0,0.13259888438397674,0.10252843898181885,4.561420425255124
XOM,2025-11-28,0.03,4.0,0.13423931289957627,0.4736180610691825,4.561420425255124
XOM,2025-11-28,0.03,8.0,0.13560741902940057,0.9954316676364765,4.561420425255124
XOM,2025-11-28,0.03,16.0,0.1364799164245393,1.7159995929326817,4.561420425255124
XOM,2025-11-28,0.3,0.25,0.17890659056689584,0.005681924038459349,4.561420425255124
XOM,2025-11-28,0.3,0.5,0.1639568547687814,0.005700492991873857,4.561420425255124
XOM,2025-11-28,0.3,1.0,0.14646261244965125,0.007624580515773416,4.561420425255124
XOM,2025-11-28,0.3,2.0,0.13167721254633108,0.019859546130753965,4.561420425255124
XOM,2025-11-28,0.3,4.0,0.13247584586635094,0.08643854150900368,4.561420425255124
XOM,2025-11-28,0.3,8.0,0.13404066749491128,0.411077897463219,4.561420425255124
XOM,2025-11-28,0.3,16.0,0.13553399475270692,0.9353113379430567,4.561420425255124
XOM,2025-11-28,3.0,0.25,0.19186466221354043,0.006160740307662871,4.561420425255124
XOM,2025-11-28,3.0,0.5,0.18035311821459082,0.005720502176755565,4.561420425255124
XOM,2025-11-28,3.0,1.0,0.1655238255243638,0.0057785098586286806,4.561420425255124
XOM,2025-11-28,3.0,2.0,0.1489666458250486,0.007125279221904795,4.561420425255124
XOM,2025-11-28,3.0,4.0,0.13161968356940623,0.01759769048854961,4.561420425255124
XOM,2025-11-28,3.0,8.0,0.1323616270244477,0.07289491051348618,4.561420425255124
XOM,2025-11-28,3.0,16.0,0.1338394308953272,0.3520415074640592,4.561420425255124
XOM,2025-12-29,0.03,0.25,0.16242923419719424,0.00685462449485586,4.387141305776603
XOM,2025-12-29,0.03,0.5,0.15220918418799256,0.012589711658251816,4.387141305776603
XOM,2025-12-29,0.03,1.0,0.1376990460407236,0.03134290992799861,4.387141305776603
XOM,2025-12-29,0.03,2.0,0.13877018500361776,0.12338247231371303,4.387141305776603
XOM,2025-12-29,0.03,4.0,0.14077945270325895,0.5555668548073629,4.387141305776603
XOM,2025-12-29,0.03,8.0,0.14253239341735335,1.015187778501575,4.387141305776603
XOM,2025-12-29,0.03,16.0,0.14390994453964562,1.1377211031644185,4.387141305776603
XOM,2025-12-29,0.3,0.25,0.1679055572062284,0.006651717185234257,4.387141305776603
XOM,2025-12-29,0.3,0.5,0.16316183020606095,0.006711440930795493,4.387141305776603
XOM,2025-12-29,0.3,1.0,0.15367437620572605,0.011339186605695209,4.387141305776603
XOM,2025-12-29,0.3,2.0,0.13762226440771286,0.02817035162263751,4.387141305776603
XOM,2025-12-29,0.3,4.0,0.13861662173759626,0.1047117404958227,4.387141305776603
XOM,2025-12-29,0.3,8.0,0.14054195327719285,0.4797924017813019,4.387141305776603
XOM,2025-12-29,0.3,16.0,0.14236246353125015,0.9934924658204796,4.387141305776603
XOM,2025-12-29,3.0,0.25,0.17268785031589753,0.007227969278426958,4.387141305776603
XOM,2025-12-29,3.0,0.5,0.16824559815165893,0.0067051577308656,4.387141305776603
XOM,2025-12-29,3.0,1.0,0.163841912096922,0.006610600494151523,4.387141305776603
XOM,2025-12-29,3.0,2.0,0.15503453998744812,0.010306619620777528,4.387141305776603
XOM,2025-12-29,3.0,4.0,0.13755098665363102,0.02563530657744462,4.387141305776603
XOM,2025-12-29,3.0,8.0,0.1384740662294326,0.08901975721411647,4.387141305776603
XOM,2025-12-29,3.0,16.0,0.14030707956379782,0.4132881305075552,4.387141305776603
XOM,2026-01-28,0.03,0.25,0.17879946206561487,0.006269204494400383,4.636086012581037
XOM,2026-01-28,0.03,0.5,0.16120378073260866,0.014690183173776562,4.636086012581037
XOM,2026-01-28,0.03,1.0,0.1531767031460347,0.047835799369813865,4.636086012581037
XOM,2026-01-28,0.03,2.0,0.15441821226849653,0.19170126920926703,4.636086012581037
XOM,2026-01-28,0.03,4.0,0.15673938992619174,0.8011826235787338,4.636086012581037
XOM,2026-01-28,0.03,8.0,0.158684145500112,2.0478441406758843,4.636086012581037
XOM,2026-01-28,0.03,16.0,0.15942624310166215,3.4108084373261236,4.636086012581037
XOM,2026-01-28,0.3,0.25,0.20191524054407645,0.005922198142315704,4.636086012581037
XOM,2026-01-28,0.3,0.5,0.18136887736715157,0.006047923090150617,4.636086012581037
XOM,2026-01-28,0.3,1.0,0.16235527814705603,0.013152209314923575,4.636086012581037
XOM,2026-01-28,0.3,2.0,0.1530877089995023,0.04191135298024822,4.636086012581037
XOM,2026-01-28,0.3,4.0,0.15424022397543175,0.16406084648260702,4.636086012581037
XOM,2026-01-28,0.3,8.0,0.15645063051809982,0.6914836265132541,4.636086012581037
XOM,2026-01-28,0.3,16.0,0.1585151347165491,1.8432713379266714,4.636086012581037
XOM,2026-01-28,3.0,0.25,0.21757362699715238,0.006776427934367951,4.636086012581037
XOM,2026-01-28,3.0,0.5,0.20401024684173186,0.005997480461196669,4.636086012581037
XOM,2026-01-28,3.0,1.0,0.18375411124165686,0.0058910279891714054,4.636086012581037
XOM,2026-01-28,3.0,2.0,0.16342360927365907,0.011668373922315482,4.636086012581037
XOM,2026-01-28,3.0,4.0,0.153005094152142,0.036936999060303954,4.636086012581037
XOM,2026-01-28,3.0,8.0,0.15407499428071114,0.14050341067166552,4.636086012581037
XOM,2026-01-28,3.0,16.0,0.1561775532001206,0.5974997866127822,4.636086012581037
XOM,2026-02-26,0.03,0.25,0.26338416778310114,0.0639878639120459,6.927239964317332
XOM,2026-02-26,0.03,0.5,0.2183060059731228,0.08715310567336101,6.927239964317332
XOM,2026-02-26,0.03,1.0,0.18697185831323326,0.12676801358676928,6.927239964317332
XOM,2026-02-26,0.03,2.0,0.13089769986251903,0.31146520589400045,6.927239964317332
XOM,2026-02-26,0.03,4.0,0.11525602725541767,0.6925453372295638,6.927239964317332
XOM,2026-02-26,0.03,8.0,0.08103008180559919,1.8343724088590152,6.927239964317332
XOM,2026-02-26,0.03,16.0,0.007534668847093749,4.490102776766972,6.927239964317332
XOM,2026-02-26,0.3,0.25,0.3013297698733465,0.0547691273928605,6.927239964317332
XOM,2026-02-26,0.3,0.5,0.268274640862014,0.062219153121184714,6.927239964317332
XOM,2026-02-26,0.3,1.0,0.22173039225363067,0.08580135502840466,6.927239964317332
XOM,2026-02-26,0.3,2.0,0.1910644554715753,0.11861926531769308,6.927239964317332
XOM,2026-02-26,0.3,4.0,0.13852816464315854,0.29350228807593043,6.927239964317332
XOM,2026-02-26,0.3,8.0,0.11755014199930498,0.6164444408415853,6.927239964317332
XOM,2026-02-26,0.3,16.0,0.08618837888649508,1.6811907579551026,6.927239964317332
XOM,2026-02-26,3.0,0.25,0.32436268618224734,0.05210625351603408,6.927239964317332
XOM,2026-02-26,3.0,0.5,0.3041780152491684,0.05442937637682603,6.927239964317332
XOM,2026-02-26,3.0,1.0,0.2728156978136166,0.06074944031865908,6.927239964317332
XOM,2026-02-26,3.0,2.0,0.22489462943779212,0.08296074853970782,6.927239964317332
XOM,2026-02-26,3.0,4.0,0.19486368612570248,0.11216605002269647,6.927239964317332
XOM,2026-02-26,3.0,8.0,0.14602247854904665,0.25944771253382276,6.927239964317332
XOM,2026-02-26,3.0,16.0,0.11967980947495573,0.5532725425013164,6.927239964317332
XOM,2026-03-26,0.03,0.25,0.16227377379806524,0.04388780569059556,8.351945112889371
XOM,2026-03-26,0.03,0.5,0.13688322750417017,0.04470681075356181,8.351945112889371
XOM,2026-03-26,0.03,1.0,0.10414829824437553,0.1021343455986576,8.351945112889371
XOM,2026-03-26,0.03,2.0,0.07161796285561728,0.21902139263895484,8.351945112889371
XOM,2026-03-26,0.03,4.0,0.03571302526434635,0.5638119218345842,8.351945112889371
XOM,2026-03-26,0.03,8.0,0.0,1.2832664153672722,8.351945112889371
XOM,2026-03-26,0.03,16.0,0.0,1.2832664153672722,8.351945112889371
XOM,2026-03-26,0.3,0.25,0.1886915753966162,0.04974388862039835,8.351945112889371
XOM,2026-03-26,0.3,0.5,0.16510408875714372,0.045119470499904314,8.351945112889371
XOM,2026-03-26,0.3,1.0,0.14040615065021392,0.04349508245240118,8.351945112889371
XOM,2026-03-26,0.3,2.0,0.10866500759691199,0.09286589256967202,8.351945112889371
XOM,2026-03-26,0.3,4.0,0.07423965376477301,0.1968059555242953,8.351945112889371
XOM,2026-03-26,0.3,8.0,0.04081026028021129,0.4926676265159275,8.351945112889371
XOM,2026-03-26,0.3,16.0,0.0,1.2832664153672722,8.351945112889371
XOM,2026-03-26,3.0,0.25,0.20377240115685338,0.051113465549361775,8.351945112889371
XOM,2026-03-26,3.0,0.5,0.19062072696979687,0.049798414915637836,8.351945112889371
XOM,2026-03-26,3.0,1.0,0.1684325755191228,0.046351935957467665,8.351945112889371
XOM,2026-03-26,3.0,2.0,0.14367654279748449,0.04276389412241633,8.351945112889371
XOM,2026-03-26,3.0,4.0,0.11287708372294807,0.0816336401076612,8.351945112889371
XOM,2026-03-26,3.0,8.0,0.07671405979773324,0.176392509273284,8.351945112889371
XOM,2026-03-26,3.0,16.0,0.04553711181387046,0.43869774624653424,8.351945112889371
XOM,2026-04-24,0.03,0.25,0.16805736060562196,0.028954202547087273,7.495422570082446
XOM,2026-04-24,0.03,0.5,0.14304882365624633,0.052866766780996506,7.495422570082446
XOM,2026-04-24,0.03,1.0,0.10587885141095549,0.10672555071855067,7.495422570082446
XOM,2026-04-24,0.03,2.0,0.09030732997756015,0.2836227619501275,7.495422570082446
XOM,2026-04-24,0.03,4.0,0.06073720529530552,0.7755674901530752,7.495422570082446
XOM,2026-04-24,0.03,8.0,0.0005225482574111671,2.3478691933456513,7.495422570082446
XOM,2026-04-24,0.03,16.0,0.0,2.3623662616889827,7.495422570082446
XOM,2026-04-24,0.3,0.25,0.19099687861426626,0.02101149446282732,7.495422570082446
XOM,2026-04-24,0.3,0.5,0.169852792922916,0.027587541765133446,7.495422570082446
XOM,2026-04-24,0.3,1.0,0.14664085197917595,0.04898728052465633,7.495422570082446
XOM,2026-04-24,0.3,2.0,0.10889620390641357,0.09733369776469866,7.495422570082446
XOM,2026-04-24,0.3,4.0,0.09245630483478622,0.2718553319859025,7.495422570082446
XOM,2026-04-24,0.3,8.0,0.06493337623688542,0.6674440221806505,7.495422570082446
XOM,2026-04-24,0.3,16.0,0.009299829262157843,2.1193680002833974,7.495422570082446
XOM,2026-04-24,3.0,0.25,0.20704432707972725,0.019129314923365313,7.495422570082446
XOM,2026-04-24,3.0,0.5,0.1929985480005128,0.020693828113978387,7.495422570082446
XOM,2026-04-24,3.0,1.0,0.1715195246420079,0.02639986533971096,7.495422570082446
XOM,2026-04-24,3.0,2.0,0.14997231522057883,0.04571748721735831,7.495422570082446
XOM,2026-04-24,3.0,4.0,0.11246465231554847,0.08981708929098996,7.495422570082446
XOM,2026-04-24,3.0,8.0,0.09445123637498926,0.264360144733393,7.495422570082446
XOM,2026-04-24,3.0,16.0,0.06882442364391583,0.5799793830835712,7.495422570082446
XOM,2026-05-22,0.03,0.25,0.17224375980710213,0.036569853883552016,9.316550721976379
XOM,2026-05-22,0.03,0.5,0.14257543211246876,0.05563668930060583,9.316550721976379
XOM,2026-05-22,0.03,1.0,0.10463806109986266,0.102303005884657,9.316550721976379
XOM,2026-05-22,0.03,2.0,0.05076851539034424,0.16733205277253546,9.316550721976379
XOM,2026-05-22,0.03,4.0,0.01838697637285852,0.3986290266002656,9.316550721976379
XOM,2026-05-22,0.03,8.0,0.0,0.7506606356223564,9.316550721976379
XOM,2026-05-22,0.03,16.0,0.0,0.7506606356223564,9.316550721976379
XOM,2026-05-22,0.3,0.25,0.19184490036495125,0.028273850895578226,9.316550721976379
XOM,2026-05-22,0.3,0.5,0.17456151895037908,0.03525296923587554,9.316550721976379
XOM,2026-05-22,0.3,1.0,0.1462356672525465,0.052506784311014916,9.316550721976379
XOM,2026-05-22,0.3,2.0,0.10947314500588287,0.09897218681879716,9.316550721976379
XOM,2026-05-22,0.3,4.0,0.05294554340840043,0.16340087760221758,9.316550721976379
XOM,2026-05-22,0.3,8.0,0.023166868048586187,0.3357371689726378,9.316550721976379
XOM,2026-05-22,0.3,16.0,0.0,0.7506606356223564,9.316550721976379
XOM,2026-05-22,3.0,0.25,0.20733751150441715,0.025713274700679564,9.316550721976379
XOM,2026-05-22,3.0,0.5,0.1935204830081339,0.027916082313342274,9.316550721976379
XOM,2026-05-22,3.0,1.0,0.17671408748589912,0.034051763640807246,9.316550721976379
XOM,2026-05-22,3.0,2.0,0.14963184337199606,0.049725570030511305,9.316550721976379
XOM,2026-05-22,3.0,4.0,0.11401159338925991,0.09378268509790769,9.316550721976379
XOM,2026-05-22,3.0,8.0,0.05690948011845387,0.15688296795698337,9.316550721976379
XOM,2026-05-22,3.0,16.0,0.02760412641417342,0.2879249783520245,9.316550721976379
COST,2024-10-16,0.03,0.25,1.1597940496171097,0.3508655701149244,31.6406618751185
COST,2024-10-16,0.03,0.5,1.0792407110368565,0.5660269467358554,31.6406618751185
COST,2024-10-16,0.03,1.0,0.9421033866388998,0.9487562851814686,31.6406618751185
COST,2024-10-16,0.03,2.0,0.9427973198116117,2.2953910913226663,31.6406618751185
COST,2024-10-16,0.03,4.0,0.9496796355475337,7.593366155537058,31.6406618751185
COST,2024-10-16,0.03,8.0,0.9619413149865695,26.795918036974967,31.6406618751185
COST,2024-10-16,0.03,16.0,0.9679409145596378,45.43701274739405,31.6406618751185
COST,2024-10-16,0.3,0.25,1.2045397520581094,0.2587636848717469,31.6406618751185
COST,2024-10-16,0.3,0.5,1.1655867120184806,0.3374323535245373,31.6406618751185
COST,2024-10-16,0.3,1.0,1.0907727224129937,0.5368288644759237,31.6406618751185
COST,2024-10-16,0.3,2.0,0.9530711728065193,0.9114191901587166,31.6406618751185
COST,2024-10-16,0.3,4.0,0.9423039800495404,2.04838183858455,31.6406618751185
COST,2024-10-16,0.3,8.0,0.948692956023391,6.621582470125353,31.6406618751185
COST,2024-10-16,0.3,16.0,0.9606681328978752,23.919591758669174,31.6406618751185
COST,2024-10-16,3.0,0.25,1.2384815031390906,0.22328458818951757,31.6406618751185
COST,2024-10-16,3.0,0.5,1.2077091256360164,0.25366423001967553,31.6406618751185
COST,2024-10-16,3.0,1.0,1.1709649544751572,0.32525525973200337,31.6406618751185
COST,2024-10-16,3.0,2.0,1.1015015915946922,0.5057014128097109,31.6406618751185
COST,2024-10-16,3.0,4.0,0.9632527635675343,0.8823590475182485,31.6406618751185
COST,2024-10-16,3.0,8.0,0.9418460039833789,1.834974937682234,31.6406618751185
COST,2024-10-16,3.0,16.0,0.9477770038910678,5.783043117383653,31.6406618751185
COST,2024-11-13,0.03,0.25,1.5041444862806195,0.6937701471776557,31.562560585460275
COST,2024-11-13,0.03,0.5,1.2683142167939236,0.73111018762209,31.562560585460275
COST,2024-11-13,0.03,1.0,0.8695135608941422,1.033173013462355,31.562560585460275
COST,2024-11-13,0.03,2.0,0.716100337135734,2.4925931686513603,31.562560585460275
COST,2024-11-13,0.03,4.0,0.5949496275132398,7.559428770496063,31.562560585460275
COST,2024-11-13,0.03,8.0,0.3476678201303509,20.212205565634466,31.562560585460275
COST,2024-11-13,0.03,16.0,0.0,39.4071778764254,31.562560585460275
COST,2024-11-13,0.3,0.25,1.7260012976641628,0.7240555620101605,31.562560585460275
COST,2024-11-13,0.3,0.5,1.526538729600449,0.6946057717353619,31.562560585460275
COST,2024-11-13,0.3,1.0,1.2991044276191783,0.7170327943001095,31.562560585460275
COST,2024-11-13,0.3,2.0,0.9106438678887178,0.9566169818714123,31.562560585460275
COST,2024-11-13,0.3,4.0,0.7247063869126076,2.236846774869348,31.562560585460275
COST,2024-11-13,0.3,8.0,0.6128546072993936,6.915525846065918,31.562560585460275
COST,2024-11-13,0.3,16.0,0.38342561014395865,18.559607024930475,31.562560585460275
COST,2024-11-13,3.0,0.25,1.858284509680403,0.7602943992663989,31.562560585460275
COST,2024-11-13,3.0,0.5,1.741418489476756,0.7276392909932672,31.562560585460275
COST,2024-11-13,3.0,1.0,1.5507167475926624,0.696762237968217,31.562560585460275
COST,2024-11-13,3.0,2.0,1.327687527369395,0.7071421656236017,31.562560585460275
COST,2024-11-13,3.0,4.0,0.957186065168516,0.8890224520534317,31.562560585460275
COST,2024-11-13,3.0,8.0,0.7326955358217779,2.0323975942573806,31.562560585460275
COST,2024-11-13,3.0,16.0,0.6294761181476884,6.407512510139131,31.562560585460275
COST,2024-12-12,0.03,0.25,1.5339198939580285,0.48304871381516895,32.619374596541675
COST,2024-12-12,0.03,0.5,1.4424067751029375,0.767550615749154,32.619374596541675
COST,2024-12-12,0.03,1.0,1.3574918628481627,1.6100515797763224,32.619374596541675
COST,2024-12-12,0.03,2.0,1.2111285059791865,3.3709645892174778,32.619374596541675
COST,2024-12-12,0.03,4.0,1.0472426549372096,7.015213458745188,32.619374596541675
COST,2024-12-12,0.03,8.0,1.0573146891436083,22.272617608899022,32.619374596541675
COST,2024-12-12,0.03,16.0,1.0614966852440748,25.951180861033244,32.619374596541675
COST,2024-12-12,0.3,0.25,1.6518482225751179,0.3862669296927877,32.619374596541675
COST,2024-12-12,0.3,0.5,1.5494577700805663,0.4686452763282686,32.619374596541675
COST,2024-12-12,0.3,1.0,1.4525458032195444,0.7197789738940189,32.619374596541675
COST,2024-12-12,0.3,2.0,1.3679199243327156,1.4693491310250624,32.619374596541675
COST,2024-12-12,0.3,4.0,1.2321377187652767,3.272598918839536,32.619374596541675
COST,2024-12-12,0.3,8.0,1.0463303882882569,6.221263733423945,32.619374596541675
COST,2024-12-12,0.3,16.0,1.0564680396775776,21.23725849837333,32.619374596541675
COST,2024-12-12,3.0,0.25,1.7198174532480839,0.344572577226579,32.619374596541675
COST,2024-12-12,3.0,0.5,1.660095771427434,0.3809435700165784,32.619374596541675
COST,2024-12-12,3.0,1.0,1.5638855832715457,0.4560169548689586,32.619374596541675
COST,2024-12-12,3.0,2.0,1.4619604908868296,0.6779120399128999,32.619374596541675
COST,2024-12-12,3.0,4.0,1.3776269864917068,1.3462622328177334,32.619374596541675
COST,2024-12-12,3.0,8.0,1.251808964828852,3.1625163100012625,32.619374596541675
COST,2024-12-12,3.0,16.0,1.0454835149500454,5.619395822584028,32.619374596541675
COST,2025-01-14,0.03,0.25,1.2242741625096516,3.9342584323831145,32.196578688934146
COST,2025-01-14,0.03,0.5,1.1283140441974782,4.7814559559419,32.196578688934146
COST,2025-01-14,0.03,1.0,0.9356163011983388,7.27280971120112,32.196578688934146
COST,2025-01-14,0.03,2.0,0.9244208795524685,11.771867502731675,32.196578688934146
COST,2025-01-14,0.03,4.0,0.9329740487847854,17.68865058529609,32.196578688934146
COST,2025-01-14,0.03,8.0,0.9477624586519215,36.468416983916676,32.196578688934146
COST,2025-01-14,0.03,16.0,0.9568660441188163,50.64084655835905,32.196578688934146
COST,2025-01-14,0.3,0.25,1.3050307555361793,3.596780545799015,32.196578688934146
COST,2025-01-14,0.3,0.5,1.2311527980958359,3.8840609699741906,32.196578688934146
COST,2025-01-14,0.3,1.0,1.142071315369847,4.64316141742327,32.196578688934146
COST,2025-01-14,0.3,2.0,0.9632160701113507,6.855660598038039,32.196578688934146
COST,2025-01-14,0.3,4.0,0.9238077692802962,11.527470232038915,32.196578688934146
COST,2025-01-14,0.3,8.0,0.9317478282404406,16.553062839732938,32.196578688934146
COST,2025-01-14,0.3,16.0,0.9462694095519243,34.716428409620406,32.196578688934146
COST,2025-01-14,3.0,0.25,1.3607391339473773,3.4764267461415956,32.196578688934146
COST,2025-01-14,3.0,0.5,1.312436102411592,3.5795769989636286,32.196578688934146
COST,2025-01-14,3.0,1.0,1.2394484293455552,3.8391878375870494,32.196578688934146
COST,2025-01-14,3.0,2.0,1.1548424346207768,4.519824115779881,32.196578688934146
COST,2025-01-14,3.0,4.0,0.9888374259507361,6.4877913304944,32.196578688934146
COST,2025-01-14,3.0,8.0,0.9232386081216782,11.322111971661565,32.196578688934146
COST,2025-01-14,3.0,16.0,0.9306095059232051,15.584956832435493,32.196578688934146
COST,2025-02-12,0.03,0.25,0.8141457940936571,2.660945125780844,35.47523518431705
COST,2025-02-12,0.03,0.5,0.6748049425360222,3.489835978096001,35.47523518431705
COST,2025-02-12,0.03,1.0,0.5454939250495828,4.965118463969393,35.47523518431705
COST,2025-02-12,0.03,2.0,0.4521807745632861,8.007916460562962,35.47523518431705
COST,2025-02-12,0.03,4.0,0.27474960937932713,5.080597085004335,35.47523518431705
COST,2025-02-12,0.03,8.0,0.0,18.645054818676122,35.47523518431705
COST,2025-02-12,0.03,16.0,0.0,18.645054818676122,35.47523518431705
COST,2025-02-12,0.3,0.25,0.9229435176525108,2.3188793408831,35.47523518431705
COST,2025-02-12,0.3,0.5,0.8267042262917291,2.6089645795392156,35.47523518431705
COST,2025-02-12,0.3,1.0,0.6924272143656952,3.360905053877491,35.47523518431705
COST,2025-02-12,0.3,2.0,0.5523019253194326,4.6849477697398765,35.47523518431705
COST,2025-02-12,0.3,4.0,0.46489943673669143,8.628544278744588,35.47523518431705
COST,2025-02-12,0.3,8.0,0.3001869337261378,4.843549521466255,35.47523518431705
COST,2025-02-12,0.3,16.0,0.0,18.645054818676122,35.47523518431705
COST,2025-02-12,3.0,0.25,0.9803437276824216,2.1906174268153467,35.47523518431705
COST,2025-02-12,3.0,0.5,0.9305751202061578,2.3009375989664007,35.47523518431705
COST,2025-02-12,3.0,1.0,0.8383624420233802,2.561670105451572,35.47523518431705
COST,2025-02-12,3.0,2.0,0.708786282395195,3.245016680215578,35.47523518431705
COST,2025-02-12,3.0,4.0,0.5586219129257861,4.4382969752291155,35.47523518431705
COST,2025-02-12,3.0,8.0,0.47714197621062304,8.367091295644057,35.47523518431705
COST,2025-02-12,3.0,16.0,0.3238008538551662,4.820238149815942,35.47523518431705
COST,2025-03-13,0.03,0.25,1.2230354183754018,1.0315590428506176,42.85814013545444
COST,2025-03-13,0.03,0.5,1.13516826970236,0.6907258430880818,42.85814013545444
COST,2025-03-13,0.03,1.0,1.042626802237699,0.342587667433771,42.85814013545444
COST,2025-03-13,0.03,2.0,0.970850117998113,1.0079746939772065,42.85814013545444
COST,2025-03-13,0.03,4.0,0.9777703992223266,6.610235460078697,42.85814013545444
COST,2025-03-13,0.03,8.0,0.9915045609086106,34.95193859338144,42.85814013545444
COST,2025-03-13,0.03,16.0,1.0040469333242954,124.29085607108772,42.85814013545444
COST,2025-03-13,0.3,0.25,1.3015045905323799,1.2604800429505565,42.85814013545444
COST,2025-03-13,0.3,0.5,1.2298514855362703,1.060702727430431,42.85814013545444
COST,2025-03-13,0.3,1.0,1.1477909851789394,0.7316304718729875,42.85814013545444
COST,2025-03-13,0.3,2.0,1.0516349878843605,0.36343560902147426,42.85814013545444
COST,2025-03-13,0.3,4.0,0.9703540567850533,0.826632021557955,42.85814013545444
COST,2025-03-13,0.3,8.0,0.9767782767962074,5.454978434968309,42.85814013545444
COST,2025-03-13,0.3,16.0,0.9896267168185153,29.535589112272053,42.85814013545444
COST,2025-03-13,3.0,0.25,1.345657085179917,1.3786772035314883,42.85814013545444
COST,2025-03-13,3.0,0.5,1.3074110977466065,1.2758287390075955,42.85814013545444
COST,2025-03-13,3.0,1.0,1.2378071890386337,1.0873888559779636,42.85814013545444
COST,2025-03-13,3.0,2.0,1.1595088762201322,0.7720064460094739,42.85814013545444
COST,2025-03-13,3.0,4.0,1.0599974466660915,0.392159628854243,42.85814013545444
COST,2025-03-13,3.0,8.0,0.9698935543475883,0.6846587985221126,42.85814013545444
COST,2025-03-13,3.0,16.0,0.975857271921277,4.48801441997081,42.85814013545444
COST,2025-04-10,0.03,0.25,1.2416383889562712,0.43364751631364395,57.48243268041799
COST,2025-04-10,0.03,0.5,1.09490271637443,0.4232139888779851,57.48243268041799
COST,2025-04-10,0.03,1.0,0.9319929377552837,0.5200343465616278,57.48243268041799
COST,2025-04-10,0.03,2.0,0.8876767402946562,1.7098350548216947,57.48243268041799
COST,2025-04-10,0.03,4.0,0.7990667223638928,7.571323193398035,57.48243268041799
COST,2025-04-10,0.03,8.0,0.621739002717274,33.0625147592504,57.48243268041799
COST,2025-04-10,0.03,16.0,0.28713579579799176,82.99466860667927,57.48243268041799
COST,2025-04-10,0.3,0.25,1.349193254458661,0.45811702417505645,57.48243268041799
COST,2025-04-10,0.3,0.5,1.2539115045038476,0.4348299467879796,57.48243268041799
COST,2025-04-10,0.3,1.0,1.1152319696251047,0.42806306569772334,57.48243268041799
COST,2025-04-10,0.3,2.0,0.9355283036290349,0.4793994736941713,57.48243268041799
COST,2025-04-10,0.3,4.0,0.8940285042706878,1.4680163142641682,57.48243268041799
COST,2025-04-10,0.3,8.0,0.8117702503159558,6.445877157899645,57.48243268041799
COST,2025-04-10,0.3,16.0,0.647166801551547,28.29310649996057,57.48243268041799
COST,2025-04-10,3.0,0.25,1.421660576193898,0.48621925053578763,57.48243268041799
COST,2025-04-10,3.0,0.5,1.3572663236504736,0.461550248844369,57.48243268041799
COST,2025-04-10,3.0,1.0,1.2653048557197017,0.43633375106694494,57.48243268041799
COST,2025-04-10,3.0,2.0,1.1341039766019083,0.43413993984022825,57.48243268041799
COST,2025-04-10,3.0,4.0,0.9532171289955267,0.4502504903727784,57.48243268041799
COST,2025-04-10,3.0,8.0,0.8999249596196661,1.264885900227804,57.48243268041799
COST,2025-04-10,3.0,16.0,0.8235631610139122,5.486522484258067,57.48243268041799
COST,2025-05-09,0.03,0.25,0.8635748512521213,0.9524273461554457,60.35886741948858
COST,2025-05-09,0.03,0.5,0.7459819981068305,0.9620992091992222,60.35886741948858
COST,2025-05-09,0.03,1.0,0.6316980111598299,1.198717145913671,60.35886741948858
COST,2025-05-09,0.03,2.0,0.569432196666239,2.5554313812450435,60.35886741948858
COST,2025-05-09,0.03,4.0,0.44813017260574106,5.899132179723045,60.35886741948858
COST,2025-05-09,0.03,8.0,0.2073569056012862,20.5415110855077,60.35886741948858
COST,2025-05-09,0.03,16.0,0.0,41.151079037710105,60.35886741948858
COST,2025-05-09,0.3,0.25,0.946587203899283,0.9802127203942166,60.35886741948858
COST,2025-05-09,0.3,0.5,0.8720127873412681,0.9544265185577043,60.35886741948858
COST,2025-05-09,0.3,1.0,0.7628388288125227,0.9595365412487687,60.35886741948858
COST,2025-05-09,0.3,2.0,0.6362340648182829,1.1432080985873911,60.35886741948858
COST,2025-05-09,0.3,4.0,0.5782270148566042,2.297716702441505,60.35886741948858
COST,2025-05-09,0.3,8.0,0.4656602812245955,5.305410185489571,60.35886741948858
COST,2025-05-09,0.3,16.0,0.24184740692938472,17.44962707158471,60.35886741948858
COST,2025-05-09,3.0,0.25,1.0236702547515368,0.9627504950887089,60.35886741948858
COST,2025-05-09,3.0,0.5,0.9554471558186978,0.9830397592987018,60.35886741948858
COST,2025-05-09,3.0,1.0,0.8805911900762767,0.9567462916010409,60.35886741948858
COST,2025-05-09,3.0,2.0,0.7784744342546983,0.9554030435114279,60.35886741948858
COST,2025-05-09,3.0,4.0,0.6404449640202317,1.0978132484790792,60.35886741948858
COST,2025-05-09,3.0,8.0,0.5864235868950298,2.0804379372923765,60.35886741948858
COST,2025-05-09,3.0,16.0,0.48185840544936925,4.7968593915773505,60.35886741948858
COST,2025-06-09,0.03,0.25,0.7504334663033454,0.5153406617654871,52.80233783072473
COST,2025-06-09,0.03,0.5,0.6165235517876679,0.5046277479708091,52.80233783072473
COST,2025-06-09,0.03,1.0,0.4862019662665034,0.6286021019219145,52.80233783072473
COST,2025-06-09,0.03,2.0,0.42321334352731,0.9173738043947075,52.80233783072473
COST,2025-06-09,0.03,4.0,0.30026266871998514,2.4992108198585674,52.80233783072473
COST,2025-06-09,0.03,8.0,0.04118040765656021,7.722702066985756,52.80233783072473
COST,2025-06-09,0.03,16.0,0.0,9.53562057520812,52.80233783072473
COST,2025-06-09,0.3,0.25,0.8701918249218257,0.5284830206932075,52.80233783072473
COST,2025-06-09,0.3,0.5,0.7628296309139919,0.516997566689248,52.80233783072473
COST,2025-06-09,0.3,1.0,0.635569418780946,0.5024135820256886,52.80233783072473
COST,2025-06-09,0.3,2.0,0.49077480243120564,0.6091173895206238,52.80233783072473
COST,2025-06-09,0.3,4.0,0.43216060946122525,0.8661171331761435,52.80233783072473
COST,2025-06-09,0.3,8.0,0.3179005107986146,2.2267896402407947,52.80233783072473
COST,2025-06-09,0.3,16.0,0.07832359780775253,6.318644399349131,52.80233783072473
COST,2025-06-09,3.0,0.25,0.9398527944614851,0.5341492613617652,52.80233783072473
COST,2025-06-09,3.0,0.5,0.8795080920125121,0.5292057842094388,52.80233783072473
COST,2025-06-09,3.0,1.0,0.7760410565459309,0.518340107939044,52.80233783072473
COST,2025-06-09,3.0,2.0,0.6532603421017609,0.5016826774230722,52.80233783072473
COST,2025-06-09,3.0,4.0,0.49503208122792447,0.5817625125759749,52.80233783072473
COST,2025-06-09,3.0,8.0,0.4404665153912703,0.8299979132497266,52.80233783072473
COST,2025-06-09,3.0,16.0,0.33410238787293656,1.9577361125233603,52.80233783072473
COST,2025-07-09,0.03,0.25,1.3528929321474057,1.1127098618909184,34.40218001453824
COST,2025-07-09,0.03,0.5,1.0760545638312022,0.6637660740036417,34.40218001453824
COST,2025-07-09,0.03,1.0,0.7008013216062468,0.5953523784358689,34.40218001453824
COST,2025-07-09,0.03,2.0,0.41574914555583264,1.3621327116172885,34.40218001453824
COST,2025-07-09,0.03,4.0,0.20904061105793645,5.0493500837014995,34.40218001453824
COST,2025-07-09,0.03,8.0,0.0,16.529913662722038,34.40218001453824
COST,2025-07-09,0.03,16.0,0.0,16.529913662722038,34.40218001453824
COST,2025-07-09,0.3,0.25,1.5543329624375262,1.4731112105151822,34.40218001453824
COST,2025-07-09,0.3,0.5,1.3776813627055473,1.155229815113561,34.40218001453824
COST,2025-07-09,0.3,1.0,1.1097575894841785,0.7109219113695686,34.40218001453824
COST,2025-07-09,0.3,2.0,0.7299598989375244,0.567922116771793,34.40218001453824
COST,2025-07-09,0.3,4.0,0.4565174938421552,1.208372404127359,34.40218001453824
COST,2025-07-09,0.3,8.0,0.23381964796700713,4.324308755217377,34.40218001453824
COST,2025-07-09,0.3,16.0,0.0,16.529913662722038,34.40218001453824
COST,2025-07-09,3.0,0.25,1.6517338400636565,1.6748473985039778,34.40218001453824
COST,2025-07-09,3.0,0.5,1.566996136221105,1.4988471240254062,34.40218001453824
COST,2025-07-09,3.0,1.0,1.4030045370840667,1.1960451984015463,34.40218001453824
COST,2025-07-09,3.0,2.0,1.1410876754454973,0.7557784731636812,34.40218001453824
COST,2025-07-09,3.0,4.0,0.7774376960941739,0.5450007890088501,34.40218001453824
COST,2025-07-09,3.0,8.0,0.4943789012490384,1.094415420899839,34.40218001453824
COST,2025-07-09,3.0,16.0,0.2568224681719714,3.7718600535145934,34.40218001453824
COST,2025-08-06,0.03,0.25,1.0655511131312982,0.4801109643404422,29.41377604721776
COST,2025-08-06,0.03,0.5,0.8584617763758631,0.645815232437545,29.41377604721776
COST,2025-08-06,0.03,1.0,0.6819193174320035,1.2965571849707627,29.41377604721776
COST,2025-08-06,0.03,2.0,0.4985075837618455,3.1797512683940052,29.41377604721776
COST,2025-08-06,0.03,4.0,0.3209165836158525,4.72685050820527,29.41377604721776
COST,2025-08-06,0.03,8.0,0.0,20.31685058614009,29.41377604721776
COST,2025-08-06,0.03,16.0,0.0,20.31685058614009,29.41377604721776
COST,2025-08-06,0.3,0.25,1.229237292502493,0.4300444511353788,29.41377604721776
COST,2025-08-06,0.3,0.5,1.087215996374059,0.47031206639466666,29.41377604721776
COST,2025-08-06,0.3,1.0,0.8764533539621696,0.6169202703508085,29.41377604721776
COST,2025-08-06,0.3,2.0,0.7043522536212864,1.1791987694151864,29.41377604721776
COST,2025-08-06,0.3,4.0,0.5115545692253237,2.836952493090644,29.41377604721776
COST,2025-08-06,0.3,8.0,0.3462517916665122,4.262387269352065,29.41377604721776
COST,2025-08-06,0.3,16.0,0.017044780016863506,19.154995414453843,29.41377604721776
COST,2025-08-06,3.0,0.25,1.3100817366328354,0.4223324132156879,29.41377604721776
COST,2025-08-06,3.0,0.5,1.2400522712777104,0.4284496688128337,29.41377604721776
COST,2025-08-06,3.0,1.0,1.107331924271471,0.46245108948195063,29.41377604721776
COST,2025-08-06,3.0,2.0,0.8931565051349151,0.5928486663500085,29.41377604721776
COST,2025-08-06,3.0,4.0,0.7251771468455509,1.0808166004511912,29.41377604721776
COST,2025-08-06,3.0,8.0,0.523699003870432,2.540097500423848,29.41377604721776
COST,2025-08-06,3.0,16.0,0.369770915423552,3.9441982774651065,29.41377604721776
COST,2025-09-04,0.03,0.25,1.1456443887183414,0.8765687901149913,28.96587878475987
COST,2025-09-04,0.03,0.5,0.8864953417564402,0.8355524195101866,28.96587878475987
COST,2025-09-04,0.03,1.0,0.7039890446391082,1.1974168641194893,28.96587878475987
COST,2025-09-04,0.03,2.0,0.4983978027569566,1.575613135815415,28.96587878475987
COST,2025-09-04,0.03,4.0,0.3266209130343784,3.1993696429928136,28.96587878475987
COST,2025-09-04,0.03,8.0,0.0,19.14401627527856,28.96587878475987
COST,2025-09-04,0.03,16.0,0.0,19.14401627527856,28.96587878475987
COST,2025-09-04,0.3,0.25,1.3446010723674535,0.9607381115330569,28.96587878475987
COST,2025-09-04,0.3,0.5,1.171018617103593,0.8851154011344516,28.96587878475987
COST,2025-09-04,0.3,1.0,0.9150873051705788,0.8321396392767341,28.96587878475987
COST,2025-09-04,0.3,2.0,0.7264662204710332,1.1113586637444688,28.96587878475987
COST,2025-09-04,0.3,4.0,0.5107322875075727,1.50316418178124,28.96587878475987
COST,2025-09-04,0.3,8.0,0.3511710738454076,2.9099487633222507,28.96587878475987
COST,2025-09-04,0.3,16.0,0.030031136337109864,16.771671825136963,28.96587878475987
COST,2025-09-04,3.0,0.25,1.456322277795509,0.9738684766547927,28.96587878475987
COST,2025-09-04,3.0,0.5,1.3585630329512859,0.9667845881432897,28.96587878475987
COST,2025-09-04,3.0,1.0,1.1945739641304982,0.8939218342816855,28.96587878475987
COST,2025-09-04,3.0,2.0,0.9423781581825189,0.832225949166789,28.96587878475987
COST,2025-09-04,3.0,4.0,0.7473831748239379,1.039932261694471,28.96587878475987
COST,2025-09-04,3.0,8.0,0.5221826088449382,1.4721417994082833,28.96587878475987
COST,2025-09-04,3.0,16.0,0.37396142430218177,2.774757139520785,28.96587878475987
COST,2025-10-02,0.03,0.25,1.493273432432621,3.591661727430889,32.160340411663846
COST,2025-10-02,0.03,0.5,1.2160491795802126,2.861471761772246,32.160340411663846
COST,2025-10-02,0.03,1.0,0.8709286742595391,2.1498946271558874,32.160340411663846
COST,2025-10-02,0.03,2.0,0.5672042276493879,2.6963502648805204,32.160340411663846
COST,2025-10-02,0.03,4.0,0.42337997396278965,7.6133908280460325,32.160340411663846
COST,2025-10-02,0.03,8.0,0.13221288062683895,27.15875467745572,32.160340411663846
COST,2025-10-02,0.03,16.0,0.0,39.16405913996985,32.160340411663846
COST,2025-10-02,0.3,0.25,1.7370991934688658,4.09501841109381,32.160340411663846
COST,2025-10-02,0.3,0.5,1.5230984744552372,3.6492928547078263,32.160340411663846
COST,2025-10-02,0.3,1.0,1.245325019073029,2.9522145101798687,32.160340411663846
COST,2025-10-02,0.3,2.0,0.9168965187203045,2.215256070056881,32.160340411663846
COST,2025-10-02,0.3,4.0,0.577562102621501,2.4414946361340406,32.160340411663846
COST,2025-10-02,0.3,8.0,0.4441049902762207,6.884821518954689,32.160340411663846
COST,2025-10-02,0.3,16.0,0.1743440351570591,23.712486831596017,32.160340411663846
COST,2025-10-02,3.0,0.25,1.8770218317119642,4.337808722757528,32.160340411663846
COST,2025-10-02,3.0,0.5,1.7558130676006414,4.126001289089603,32.160340411663846
COST,2025-10-02,3.0,1.0,1.5507855908580792,3.704282801499007,32.160340411663846
COST,2025-10-02,3.0,2.0,1.2725112906826344,3.0422657652819596,32.160340411663846
COST,2025-10-02,3.0,4.0,0.9597028873929417,2.2594475712651176,32.160340411663846
COST,2025-10-02,3.0,8.0,0.5871775019836045,2.24440881241404,32.160340411663846
COST,2025-10-02,3.0,16.0,0.46334439113559345,6.325940352546871,32.160340411663846
COST,2025-10-30,0.03,0.25,0.8216833702018743,0.24106741712571783,32.36104899530027
COST,2025-10-30,0.03,0.5,0.7033062988727284,0.2620993278351139,32.36104899530027
COST,2025-10-30,0.03,1.0,0.5667200950454649,0.5749146047094379,32.36104899530027
COST,2025-10-30,0.03,2.0,0.45076074053703424,1.610802589019576,32.36104899530027
COST,2025-10-30,0.03,4.0,0.2965116331441708,3.3793916604326553,32.36104899530027
COST,2025-10-30,0.03,8.0,0.0,15.244700020530308,32.36104899530027
COST,2025-10-30,0.03,16.0,0.0,15.244700020530308,32.36104899530027
COST,2025-10-30,0.3,0.25,0.9630167866048661,0.26243696208780737,32.36104899530027
COST,2025-10-30,0.3,0.5,0.8405826671772808,0.24230220577606315,32.36104899530027
COST,2025-10-30,0.3,1.0,0.7131168781741272,0.252500548717881,32.36104899530027
COST,2025-10-30,0.3,2.0,0.5862508705149582,0.5368463963379837,32.36104899530027
COST,2025-10-30,0.3,4.0,0.4620719715426233,1.4144264521567764,32.36104899530027
COST,2025-10-30,0.3,8.0,0.3184497712026226,3.020991383533786,32.36104899530027
COST,2025-10-30,0.3,16.0,0.03444654433775579,13.383021830559825,32.36104899530027
COST,2025-10-30,3.0,0.25,1.0331724525823633,0.28282272820097404,32.36104899530027
COST,2025-10-30,3.0,0.5,0.9717973654673515,0.26467970776032324,32.36104899530027
COST,2025-10-30,3.0,1.0,0.8581272203381165,0.24396730078233259,32.36104899530027
COST,2025-10-30,3.0,2.0,0.7222242132414558,0.24550926991482155,32.36104899530027
COST,2025-10-30,3.0,4.0,0.6044382294831433,0.4821563459674909,32.36104899530027
COST,2025-10-30,3.0,8.0,0.47258235217054195,1.2431939004053838,32.36104899530027
COST,2025-10-30,3.0,16.0,0.33881543183746776,2.7778965643471114,32.36104899530027
COST,2025-11-28,0.03,0.25,1.433246255843065,0.39421647827504125,33.12573800548987
COST,2025-11-28,0.03,0.5,1.3198200854139024,0.5971770321786569,33.12573800548987
COST,2025-11-28,0.03,1.0,1.2267468384384486,1.3254895265264748,33.12573800548987
COST,2025-11-28,0.03,2.0,1.0850248343651017,2.031356398833106,33.12573800548987
COST,2025-11-28,0.03,4.0,0.965259513263389,5.238826937746068,33.12573800548987
COST,2025-11-28,0.03,8.0,0.9743488323243008,21.899742313246755,33.12573800548987
COST,2025-11-28,0.03,16.0,0.977191933367376,30.309809755292022,33.12573800548987
COST,2025-11-28,0.3,0.25,1.5358225116294646,0.48743044924171913,33.12573800548987
COST,2025-11-28,0.3,0.5,1.4468433285441542,0.4034506237299007,33.12573800548987
COST,2025-11-28,0.3,1.0,1.3347355079080419,0.5580637355706518,33.12573800548987
COST,2025-11-28,0.3,2.0,1.2368451058358587,1.1943605224454565,33.12573800548987
COST,2025-11-28,0.3,4.0,1.105229552405198,1.9088946868677112,33.12573800548987
COST,2025-11-28,0.3,8.0,0.9644773089961697,4.459591807729516,33.12573800548987
COST,2025-11-28,0.3,16.0,0.9737508536300727,21.292455105299275,33.12573800548987
COST,2025-11-28,3.0,0.25,1.5865699734650138,0.5420573405665821,33.12573800548987
COST,2025-11-28,3.0,0.5,1.5421916190710445,0.4941954705557174,33.12573800548987
COST,2025-11-28,3.0,1.0,1.459598262498918,0.4134246989395188,33.12573800548987
COST,2025-11-28,3.0,2.0,1.3486017129269432,0.5244458024462942,33.12573800548987
COST,2025-11-28,3.0,4.0,1.2462337469479388,1.0814598629764949,33.12573800548987
COST,2025-11-28,3.0,8.0,1.1239859511334396,1.8253078722251646,33.12573800548987
COST,2025-11-28,3.0,16.0,0.9637511748777036,3.8576079079608587,33.12573800548987
COST,2025-12-29,0.03,0.25,1.010273986834095,0.15834863712649583,28.014888873904525
COST,2025-12-29,0.03,0.5,0.9587263338083598,0.2813327758139385,28.014888873904525
COST,2025-12-29,0.03,1.0,0.9532104684840821,0.6575588477191231,28.014888873904525
COST,2025-12-29,0.03,2.0,0.957293893916092,1.9983178772728787,28.014888873904525
COST,2025-12-29,0.03,4.0,0.9654607447801118,7.061529485943277,28.014888873904525
COST,2025-12-29,0.03,8.0,0.9791269386259498,21.030049926554334,28.014888873904525
COST,2025-12-29,0.03,16.0,0.9901469135246079,28.904851285011922,28.014888873904525
COST,2025-12-29,0.3,0.25,1.0578402798831548,0.1747001554440365,28.014888873904525
COST,2025-12-29,0.3,0.5,1.0143501831696156,0.15173086701009916,28.014888873904525
COST,2025-12-29,0.3,1.0,0.9616342543547499,0.26123924680861826,28.014888873904525
COST,2025-12-29,0.3,2.0,0.9529177594296937,0.5919440911877353,28.014888873904525
COST,2025-12-29,0.3,4.0,0.9567084758073152,1.757350941583043,28.014888873904525
COST,2025-12-29,0.3,8.0,0.9642899085625583,6.140645924054956,28.014888873904525
COST,2025-12-29,0.3,16.0,0.978056398409032,20.508315907301462,28.014888873904525
COST,2025-12-29,3.0,0.25,1.0846290999079884,0.2000823385679773,28.014888873904525
COST,2025-12-29,3.0,0.5,1.0612622434358419,0.17783781992187855,28.014888873904525
COST,2025-12-29,3.0,1.0,1.0181343542562162,0.14586600677353515,28.014888873904525
COST,2025-12-29,3.0,2.0,0.9691841593643256,0.24243623805267012,28.014888873904525
COST,2025-12-29,3.0,4.0,0.9526460324140245,0.5346839244696078,28.014888873904525
COST,2025-12-29,3.0,8.0,0.9561650217759767,1.5482617641056977,28.014888873904525
COST,2025-12-29,3.0,16.0,0.9632030004998812,5.344192192935982,28.014888873904525
COST,2026-01-28,0.03,0.25,1.5902161067500118,0.32587361400532106,35.16217072665867
COST,2026-01-28,0.03,0.5,1.3331804127782818,0.30556487900666013,35.16217072665867
COST,2026-01-28,0.03,1.0,1.029410390515392,0.5086326539674886,35.16217072665867
COST,2026-01-28,0.03,2.0,0.9828816859275078,1.854886453001773,35.16217072665867
COST,2026-01-28,0.03,4.0,0.9793134011991118,9.187210875862384,35.16217072665867
COST,2026-01-28,0.03,8.0,0.9713394598272289,38.192849427606035,35.16217072665867
COST,2026-01-28,0.03,16.0,0.9429945032743523,72.22530504290185,35.16217072665867
COST,2026-01-28,0.3,0.25,1.7668608779375203,0.35245358820284267,35.16217072665867
COST,2026-01-28,0.3,0.5,1.612819572371216,0.3322941754080773,35.16217072665867
COST,2026-01-28,0.3,1.0,1.3655041461978934,0.30432205024459275,35.16217072665867
COST,2026-01-28,0.3,2.0,1.0464785521791704,0.4774750785957203,35.16217072665867
COST,2026-01-28,0.3,4.0,0.9831374685458091,1.5659696748333298,35.16217072665867
COST,2026-01-28,0.3,8.0,0.9798249664357144,7.75764083613368,35.16217072665867
COST,2026-01-28,0.3,16.0,0.9729029746637148,33.646086127712955,35.16217072665867
COST,2026-01-28,3.0,0.25,1.8556528822253142,0.3639725815342931,35.16217072665867
COST,2026-01-28,3.0,0.5,1.7787241921589445,0.3544861490797844,35.16217072665867
COST,2026-01-28,3.0,1.0,1.6338220690527985,0.3375146414139317,35.16217072665867
COST,2026-01-28,3.0,2.0,1.3955067507328718,0.30487011602290176,35.16217072665867
COST,2026-01-28,3.0,4.0,1.0627882524462098,0.43512828705324386,35.16217072665867
COST,2026-01-28,3.0,8.0,0.9833749160947969,1.3261020262874759,35.16217072665867
COST,2026-01-28,3.0,16.0,0.98029986153369,6.5439012884081,35.16217072665867
COST,2026-02-26,0.03,0.25,1.5792175375424031,0.6854810751824126,38.54550650459866
COST,2026-02-26,0.03,0.5,1.332715266035651,0.8889835603643871,38.54550650459866
COST,2026-02-26,0.03,1.0,1.0317035565814014,1.5106758980653583,38.54550650459866
COST,2026-02-26,0.03,2.0,0.6912867253760772,2.7930413646375025,38.54550650459866
COST,2026-02-26,0.03,4.0,0.5276212078145319,10.011669321200921,38.54550650459866
COST,2026-02-26,0.03,8.0,0.1988811760703785,41.98706255162615,38.54550650459866
COST,2026-02-26,0.03,16.0,0.0,60.14484879038405,38.54550650459866
COST,2026-02-26,0.3,0.25,1.7566671078409897,0.6082855438723878,38.54550650459866
COST,2026-02-26,0.3,0.5,1.6015010590788679,0.6745234063238009,38.54550650459866
COST,2026-02-26,0.3,1.0,1.3590363710029258,0.8580876641445015,38.54550650459866
COST,2026-02-26,0.3,2.0,1.0673965485596117,1.4144944427920938,38.54550650459866
COST,2026-02-26,0.3,4.0,0.702509772707953,2.6528925271603367,38.54550650459866
COST,2026-02-26,0.3,8.0,0.5510918020528093,8.575927235343404,38.54550650459866
COST,2026-02-26,0.3,16.0,0.24644323020635708,36.48934292139979,38.54550650459866
COST,2026-02-26,3.0,0.25,1.856317385646784,0.5983756615697218,38.54550650459866
COST,2026-02-26,3.0,0.5,1.7699978401010397,0.6063445447439898,38.54550650459866
COST,2026-02-26,3.0,1.0,1.6221967142172953,0.664587455995195,38.54550650459866
COST,2026-02-26,3.0,2.0,1.383436240687971,0.8306227102031293,38.54550650459866
COST,2026-02-26,3.0,4.0,1.1004568745226297,1.3136393026853765,38.54550650459866
COST,2026-02-26,3.0,8.0,0.7221464959877328,2.52147407513483,38.54550650459866
COST,2026-02-26,3.0,16.0,0.5728772986927024,7.36322754595204,38.54550650459866
COST,2026-03-26,0.03,0.25,1.3955067403820813,10.821868806127696,35.29814755332527
COST,2026-03-26,0.03,0.5,1.2328682739717887,12.109432111047902,35.29814755332527
COST,2026-03-26,0.03,1.0,1.0988103887393512,13.179566633889902,35.29814755332527
COST,2026-03-26,0.03,2.0,0.9798342213126434,13.963960006232908,35.29814755332527
COST,2026-03-26,0.03,4.0,0.9820318336863761,18.883267442537715,35.29814755332527
COST,2026-03-26,0.03,8.0,0.9850209157594625,42.43324705392574,35.29814755332527
COST,2026-03-26,0.03,16.0,0.9762494379632602,74.83934015980896,35.29814755332527
COST,2026-03-26,0.3,0.25,1.5212151233424054,10.809869930316834,35.29814755332527
COST,2026-03-26,0.3,0.5,1.4096597877860209,10.737679528041157,35.29814755332527
COST,2026-03-26,0.3,1.0,1.2533249029576403,11.912391489392132,35.29814755332527
COST,2026-03-26,0.3,2.0,1.1107294269172618,13.130350944720872,35.29814755332527
COST,2026-03-26,0.3,4.0,0.9796719268872824,13.796077509546326,35.29814755332527
COST,2026-03-26,0.3,8.0,0.9817346825375968,17.88621887560105,35.29814755332527
COST,2026-03-26,0.3,16.0,0.9850852455029651,38.229376114673705,35.29814755332527
COST,2026-03-26,3.0,0.25,1.5981324139081492,10.966965828078157,35.29814755332527
COST,2026-03-26,3.0,0.5,1.5309736813143475,10.843925498526765,35.29814755332527
COST,2026-03-26,3.0,1.0,1.4227983131443647,10.660458636100772,35.29814755332527
COST,2026-03-26,3.0,2.0,1.2723263743615425,11.733547058437113,35.29814755332527
COST,2026-03-26,3.0,4.0,1.1218504228056019,13.084977029077141,35.29814755332527
COST,2026-03-26,3.0,8.0,0.97952126608878,13.6625060957291,35.29814755332527
COST,2026-03-26,3.0,16.0,0.9814588318467827,17.048832630466865,35.29814755332527
COST,2026-04-24,0.03,0.25,1.2105437744411585,1.2547517154905714,35.30901210428696
COST,2026-04-24,0.03,0.5,1.0208201025558479,1.7774774752843114,35.30901210428696
COST,2026-04-24,0.03,1.0,0.8866694083895206,3.1756368179971655,35.30901210428696
COST,2026-04-24,0.03,2.0,0.8347141034545287,7.293479672719343,35.30901210428696
COST,2026-04-24,0.03,4.0,0.7375230767931655,16.668222385163617,35.30901210428696
COST,2026-04-24,0.03,8.0,0.5505188212493521,34.391867191120305,35.30901210428696
COST,2026-04-24,0.03,16.0,0.1593440388621599,51.490373447833,35.30901210428696
COST,2026-04-24,0.3,0.25,1.3908166069359225,1.0405989743578408,35.30901210428696
COST,2026-04-24,0.3,0.5,1.2286054589542763,1.2199646940214377,35.30901210428696
COST,2026-04-24,0.3,1.0,1.0426983766338445,1.696432425700926,35.30901210428696
COST,2026-04-24,0.3,2.0,0.8905285488847905,2.9437171759886582,35.30901210428696
COST,2026-04-24,0.3,4.0,0.8419370577205617,6.643721965971068,35.30901210428696
COST,2026-04-24,0.3,8.0,0.750893289541387,15.65677973836376,35.30901210428696
COST,2026-04-24,0.3,16.0,0.5778020401379352,33.44514625908502,35.30901210428696
COST,2026-04-24,3.0,0.25,1.4893205066234636,0.9634233910370164,35.30901210428696
COST,2026-04-24,3.0,0.5,1.4031711859505938,1.0292256453572892,35.30901210428696
COST,2026-04-24,3.0,1.0,1.2471225513606068,1.1901894610145165,35.30901210428696
COST,2026-04-24,3.0,2.0,1.0630277446907628,1.622762189055486,35.30901210428696
COST,2026-04-24,3.0,4.0,0.8997656240965206,2.734686329169808,35.30901210428696
COST,2026-04-24,3.0,8.0,0.8487364176088489,6.0427931990202515,35.30901210428696
COST,2026-04-24,3.0,16.0,0.7633050955804218,14.853022083278228,35.30901210428696
COST,2026-05-22,0.03,0.25,0.6462832569752082,0.5122294293693822,38.38308246958449
COST,2026-05-22,0.03,0.5,0.5660674749735403,0.688388530350877,38.38308246958449
COST,2026-05-22,0.03,1.0,0.4645192087951509,1.2619473554321368,38.38308246958449
COST,2026-05-22,0.03,2.0,0.3831296964644359,1.3048975612033806,38.38308246958449
COST,2026-05-22,0.03,4.0,0.2221378967664578,2.983563134765983,38.38308246958449
COST,2026-05-22,0.03,8.0,0.0,9.224172256823241,38.38308246958449
COST,2026-05-22,0.03,16.0,0.0,9.224172256823241,38.38308246958449
COST,2026-05-22,0.3,0.25,0.7526053947407317,0.4212786891772266,38.38308246958449
COST,2026-05-22,0.3,0.5,0.6524981933716406,0.4980596624175753,38.38308246958449
COST,2026-05-22,0.3,1.0,0.5774140858803445,0.6599419015796019,38.38308246958449
COST,2026-05-22,0.3,2.0,0.47057915622692953,1.1697234917929735,38.38308246958449
COST,2026-05-22,0.3,4.0,0.3947980604828913,1.2240554351220982,38.38308246958449
COST,2026-05-22,0.3,8.0,0.24503816420262273,2.6354760381560807,38.38308246958449
COST,2026-05-22,0.3,16.0,0.0,9.224172256823241,38.38308246958449
COST,2026-05-22,3.0,0.25,0.8223327340374283,0.3940954592749866,38.38308246958449
COST,2026-05-22,3.0,0.5,0.7615428894483889,0.4164925148154019,38.38308246958449
COST,2026-05-22,3.0,1.0,0.6621508501558558,0.4856784746686088,38.38308246958449
COST,2026-05-22,3.0,2.0,0.5879473463772183,0.6353390627654358,38.38308246958449
COST,2026-05-22,3.0,4.0,0.4779622692968092,1.0872780870419345,38.38308246958449
COST,2026-05-22,3.0,8.0,0.4056300101098098,1.1713826697800025,38.38308246958449
COST,2026-05-22,3.0,16.0,0.266301727961053,2.41130705439388,38.38308246958449
AVGO,2024-10-16,0.03,0.25,0.3247461117605744,2.309104110374238,16.16967469057516
AVGO,2024-10-16,0.03,0.5,0.2896519443943067,3.0587445286441435,16.16967469057516
AVGO,2024-10-16,0.03,1.0,0.2478356691234499,4.924063379944962,16.16967469057516
AVGO,2024-10-16,0.03,2.0,0.2184735426598306,9.959474660536436,16.16967469057516
AVGO,2024-10-16,0.03,4.0,0.21676218300644795,18.56237076089727,16.16967469057516
AVGO,2024-10-16,0.03,8.0,0.2240902273717588,43.316164160069484,16.16967469057516
AVGO,2024-10-16,0.03,16.0,0.22427699746402213,44.008672551536684,16.16967469057516
AVGO,2024-10-16,0.3,0.25,0.3477555500137184,2.3502575557914827,16.16967469057516
AVGO,2024-10-16,0.3,0.5,0.32725942858641754,2.260556958301748,16.16967469057516
AVGO,2024-10-16,0.3,1.0,0.2946951088827828,2.942947343278969,16.16967469057516
AVGO,2024-10-16,0.3,2.0,0.2512683170709378,4.62977812992339,16.16967469057516
AVGO,2024-10-16,0.3,4.0,0.22267957443810057,9.14463770837283,16.16967469057516
AVGO,2024-10-16,0.3,8.0,0.2162271287990981,17.217109421239403,16.16967469057516
AVGO,2024-10-16,0.3,16.0,0.22312735007511558,39.095349721817804,16.16967469057516
AVGO,2024-10-16,3.0,0.25,0.36114077549011464,2.5544893520215584,16.16967469057516
AVGO,2024-10-16,3.0,0.5,0.3494288421583214,2.37700143620783,16.16967469057516
AVGO,2024-10-16,3.0,1.0,0.32959258524925056,2.2161071168284896,16.16967469057516
AVGO,2024-10-16,3.0,2.0,0.29937676807793934,2.837933092480671,16.16967469057516
AVGO,2024-10-16,3.0,4.0,0.2552457214212548,4.36527590963026,16.16967469057516
AVGO,2024-10-16,3.0,8.0,0.22658410846526833,8.424950734779214,16.16967469057516
AVGO,2024-10-16,3.0,16.0,0.21570622602914685,15.955387386094504,16.16967469057516
AVGO,2024-11-13,0.03,0.25,0.26607976004436634,2.1140476889854796,10.548078083855996
AVGO,2024-11-13,0.03,0.5,0.24701012621366272,2.666394010261026,10.548078083855996
AVGO,2024-11-13,0.03,1.0,0.2261826876956343,3.982753571840226,10.548078083855996
AVGO,2024-11-13,0.03,2.0,0.22148024414533074,7.44855510437612,10.548078083855996
AVGO,2024-11-13,0.03,4.0,0.22739349253080068,17.952423332912655,10.548078083855996
AVGO,2024-11-13,0.03,8.0,0.2344705309633759,36.39389583993839,10.548078083855996
AVGO,2024-11-13,0.03,16.0,0.23625609916280743,37.217800913113514,10.548078083855996
AVGO,2024-11-13,0.3,0.25,0.2798130214600583,2.1658189468549485,10.548078083855996
AVGO,2024-11-13,0.3,0.5,0.26745609771568535,2.077408139058146,10.548078083855996
AVGO,2024-11-13,0.3,1.0,0.24974545719765442,2.5823355952784754,10.548078083855996
AVGO,2024-11-13,0.3,2.0,0.2283975739221376,3.7810422786773143,10.548078083855996
AVGO,2024-11-13,0.3,4.0,0.221056369295136,6.878270798454839,10.548078083855996
AVGO,2024-11-13,0.3,8.0,0.22654574283041123,16.15453369441615,10.548078083855996
AVGO,2024-11-13,0.3,16.0,0.23434253744717143,36.35968106566018,10.548078083855996
AVGO,2024-11-13,3.0,0.25,0.2881920108618397,2.304513610670224,10.548078083855996
AVGO,2024-11-13,3.0,0.5,0.28081964968884515,2.184062354329274,10.548078083855996
AVGO,2024-11-13,3.0,1.0,0.2687340173431034,2.0437500321181377,10.548078083855996
AVGO,2024-11-13,3.0,2.0,0.25228468367421497,2.5057418907517155,10.548078083855996
AVGO,2024-11-13,3.0,4.0,0.2304536921574698,3.5994130651621603,10.548078083855996
AVGO,2024-11-13,3.0,8.0,0.22066287874083337,6.370736094464553,10.548078083855996
AVGO,2024-11-13,3.0,16.0,0.22575876172180598,14.573002197511284,10.548078083855996
AVGO,2024-12-12,0.03,0.25,0.24395321014666738,2.690870668909972,12.701540852626504
AVGO,2024-12-12,0.03,0.5,0.23568686297174823,3.228875687751513,12.701540852626504
AVGO,2024-12-12,0.03,1.0,0.22151696674519528,4.471264851695518,12.701540852626504
AVGO,2024-12-12,0.03,2.0,0.22000468379472804,7.536127891510009,12.701540852626504
AVGO,2024-12-12,0.03,4.0,0.22497553950090918,16.087007749999298,12.701540852626504
AVGO,2024-12-12,0.03,8.0,0.23081894887668652,28.78817901561395,12.701540852626504
AVGO,2024-12-12,0.03,16.0,0.2341494164773303,34.20899351724634,12.701540852626504
AVGO,2024-12-12,0.3,0.25,0.2505578280512737,2.4241538404873975,12.701540852626504
AVGO,2024-12-12,0.3,0.5,0.244835567270846,2.6542277846138385,12.701540852626504
AVGO,2024-12-12,0.3,1.0,0.23669045868753277,3.148494722755925,12.701540852626504
AVGO,2024-12-12,0.3,2.0,0.2235700333545871,4.2789607285266165,12.701540852626504
AVGO,2024-12-12,0.3,4.0,0.21964836175640906,7.048193000721116,12.701540852626504
AVGO,2024-12-12,0.3,8.0,0.2242628954242712,14.661263083642758,12.701540852626504
AVGO,2024-12-12,0.3,16.0,0.23058021352121422,28.542917304059333,12.701540852626504
AVGO,2024-12-12,3.0,0.25,0.2535917547443329,2.305999860021973,12.701540852626504
AVGO,2024-12-12,3.0,0.5,0.2509642442523815,2.4081277040943507,12.701540852626504
AVGO,2024-12-12,3.0,1.0,0.2456551493690081,2.6204865444020258,12.701540852626504
AVGO,2024-12-12,3.0,2.0,0.23762211442110212,3.0748784665981685,12.701540852626504
AVGO,2024-12-12,3.0,4.0,0.2254665516670265,4.104667893348253,12.701540852626504
AVGO,2024-12-12,3.0,8.0,0.2193175816775627,6.610202585180846,12.701540852626504
AVGO,2024-12-12,3.0,16.0,0.22360133526657855,13.397591829385739,12.701540852626504
AVGO,2025-01-14,0.03,0.25,0.2186229903154432,0.5738788087668243,26.44166588665886
AVGO,2025-01-14,0.03,0.5,0.1884708545503395,0.47077121444016296,26.44166588665886
AVGO,2025-01-14,0.03,1.0,0.15622828269545597,0.36922224190949554,26.44166588665886
AVGO,2025-01-14,0.03,2.0,0.1192507723180727,0.4850042354865598,26.44166588665886
AVGO,2025-01-14,0.03,4.0,0.09476516888385693,1.498295953642636,26.44166588665886
AVGO,2025-01-14,0.03,8.0,0.04841928158511166,6.76436519643837,26.44166588665886
AVGO,2025-01-14,0.03,16.0,0.0,18.96974696436514,26.44166588665886
AVGO,2025-01-14,0.3,0.25,0.24323526920350383,0.6450194872002443,26.44166588665886
AVGO,2025-01-14,0.3,0.5,0.2213176800481743,0.5823664530352135,26.44166588665886
AVGO,2025-01-14,0.3,1.0,0.19202726932990014,0.4838128006725038,26.44166588665886
AVGO,2025-01-14,0.3,2.0,0.15925878613400177,0.3747096259461507,26.44166588665886
AVGO,2025-01-14,0.3,4.0,0.1210731017876737,0.4408508592382478,26.44166588665886
AVGO,2025-01-14,0.3,8.0,0.0981107330600225,1.318202963590025,26.44166588665886
AVGO,2025-01-14,0.3,16.0,0.055270771563854446,5.677073833776157,26.44166588665886
AVGO,2025-01-14,3.0,0.25,0.257001371052932,0.6840923802537596,26.44166588665886
AVGO,2025-01-14,3.0,0.5,0.244936674712454,0.6500812068695528,26.44166588665886
AVGO,2025-01-14,3.0,1.0,0.22398672561925184,0.5904048143017673,26.44166588665886
AVGO,2025-01-14,3.0,2.0,0.1953287523556009,0.49669868178682514,26.44166588665886
AVGO,2025-01-14,3.0,4.0,0.1620720563181176,0.3827668706153785,26.44166588665886
AVGO,2025-01-14,3.0,8.0,0.12567338522762547,0.4062050842014552,26.44166588665886
AVGO,2025-01-14,3.0,16.0,0.10121647972446753,1.188896391634423,26.44166588665886
AVGO,2025-02-12,0.03,0.25,0.15010856179262588,0.06248426302245447,33.95746001372726
AVGO,2025-02-12,0.03,0.5,0.1269228323244333,0.07551580764514507,33.95746001372726
AVGO,2025-02-12,0.03,1.0,0.11189263966966438,0.13482394308072804,33.95746001372726
AVGO,2025-02-12,0.03,2.0,0.09941326301182443,0.36812261519035905,33.95746001372726
AVGO,2025-02-12,0.03,4.0,0.07661122699212436,0.7515317685533607,33.95746001372726
AVGO,2025-02-12,0.03,8.0,0.03462088011294432,1.5110406527391176,33.95746001372726
AVGO,2025-02-12,0.03,16.0,0.0,4.008541327157611,33.95746001372726
AVGO,2025-02-12,0.3,0.25,0.1683820487823166,0.0634463985391288,33.95746001372726
AVGO,2025-02-12,0.3,0.5,0.15207876052038502,0.06210408026665264,33.95746001372726
AVGO,2025-02-12,0.3,1.0,0.1293217724374136,0.07288278917073181,33.95746001372726
AVGO,2025-02-12,0.3,2.0,0.11280963897777659,0.12507304873003114,33.95746001372726
AVGO,2025-02-12,0.3,4.0,0.10115528666200109,0.334876487383395,33.95746001372726
AVGO,2025-02-12,0.3,8.0,0.07983521923353651,0.7671351315520138,33.95746001372726
AVGO,2025-02-12,0.3,16.0,0.04032263051210373,1.3347109628475533,33.95746001372726
AVGO,2025-02-12,3.0,0.25,0.17860315914953956,0.066627121808186,33.95746001372726
AVGO,2025-02-12,3.0,0.5,0.16970419986784796,0.06378737675606425,33.95746001372726
AVGO,2025-02-12,3.0,1.0,0.153907731003338,0.06182431106555235,33.95746001372726
AVGO,2025-02-12,3.0,2.0,0.1322065290438556,0.07055685241595556,33.95746001372726
AVGO,2025-02-12,3.0,4.0,0.1136884225412603,0.11631363206883932,33.95746001372726
AVGO,2025-02-12,3.0,8.0,0.1027976020359427,0.29387184860638266,33.95746001372726
AVGO,2025-02-12,3.0,16.0,0.08283392447766531,0.7220864933835314,33.95746001372726
AVGO,2025-03-13,0.03,0.25,0.3419968187762744,0.6059208466643464,22.78356943406629
AVGO,2025-03-13,0.03,0.5,0.31921613308510316,0.7543075410339057,22.78356943406629
AVGO,2025-03-13,0.03,1.0,0.29138500170317283,0.7134158513626869,22.78356943406629
AVGO,2025-03-13,0.03,2.0,0.25523614538363726,0.93725045527369,22.78356943406629
AVGO,2025-03-13,0.03,4.0,0.22116848177289142,1.4505370593681917,22.78356943406629
AVGO,2025-03-13,0.03,8.0,0.22618542242200596,7.127410977274324,22.78356943406629
AVGO,2025-03-13,0.03,16.0,0.2288153597481079,11.963030407746102,22.78356943406629
AVGO,2025-03-13,0.3,0.25,0.35847112794438313,0.554421820279753,22.78356943406629
AVGO,2025-03-13,0.3,0.5,0.3442074302055081,0.5985317099103814,22.78356943406629
AVGO,2025-03-13,0.3,1.0,0.3218746057818093,0.7330623645698704,22.78356943406629
AVGO,2025-03-13,0.3,2.0,0.29487441034136624,0.7147782196014988,22.78356943406629
AVGO,2025-03-13,0.3,4.0,0.2579903248453403,0.8930757678880151,22.78356943406629
AVGO,2025-03-13,0.3,8.0,0.22227490157348384,1.3210574457483621,22.78356943406629
AVGO,2025-03-13,0.3,16.0,0.225473668098423,5.866189770555579,22.78356943406629
AVGO,2025-03-13,3.0,0.25,0.3703657673778774,0.5331239160646029,22.78356943406629
AVGO,2025-03-13,3.0,0.5,0.35977000087050914,0.5514687250551803,22.78356943406629
AVGO,2025-03-13,3.0,1.0,0.34625958007058577,0.5918461684293457,22.78356943406629
AVGO,2025-03-13,3.0,2.0,0.3243576213548713,0.7113949700429825,22.78356943406629
AVGO,2025-03-13,3.0,4.0,0.29811482930941136,0.7184617179707811,22.78356943406629
AVGO,2025-03-13,3.0,8.0,0.26060497016615725,0.8405855032919886,22.78356943406629
AVGO,2025-03-13,3.0,16.0,0.2274867051266672,1.2422586302718364,22.78356943406629
AVGO,2025-04-10,0.03,0.25,0.23411414684061438,0.03750744664456862,22.63960058867055
AVGO,2025-04-10,0.03,0.5,0.22904999926602293,0.05136055098743942,22.63960058867055
AVGO,2025-04-10,0.03,1.0,0.2192880690453181,0.08410275132740995,22.63960058867055
AVGO,2025-04-10,0.03,2.0,0.22103916686785233,0.23190691012725165,22.63960058867055
AVGO,2025-04-10,0.03,4.0,0.2245404230758235,0.811152250275671,22.63960058867055
AVGO,2025-04-10,0.03,8.0,0.23153085802786447,3.1021542173173557,22.63960058867055
AVGO,2025-04-10,0.03,16.0,0.24122374793131124,8.089892470883173,22.63960058867055
AVGO,2025-04-10,0.3,0.25,0.23681052717134857,0.031763055890769436,22.63960058867055
AVGO,2025-04-10,0.3,0.5,0.23447822521732892,0.036765235241281856,22.63960058867055
AVGO,2025-04-10,0.3,1.0,0.2297702783512756,0.048985179390289145,22.63960058867055
AVGO,2025-04-10,0.3,2.0,0.22032357871485644,0.07834695199841725,22.63960058867055
AVGO,2025-04-10,0.3,4.0,0.2207881216626393,0.2049098851369295,22.63960058867055
AVGO,2025-04-10,0.3,8.0,0.22403881918970492,0.7049109536803991,22.63960058867055
AVGO,2025-04-10,0.3,16.0,0.2305289107373688,2.6809774757711633,22.63960058867055
AVGO,2025-04-10,3.0,0.25,0.24032765693321845,0.029351773229949654,22.63960058867055
AVGO,2025-04-10,3.0,0.5,0.23708991395780143,0.03142895245258603,22.63960058867055
AVGO,2025-04-10,3.0,1.0,0.2348162056429125,0.03610666924402185,22.63960058867055
AVGO,2025-04-10,3.0,2.0,0.23043920426435172,0.04690349668079292,22.63960058867055
AVGO,2025-04-10,3.0,4.0,0.22169075696596569,0.0739482879254519,22.63960058867055
AVGO,2025-04-10,3.0,8.0,0.22055507193838947,0.18158780795768825,22.63960058867055
AVGO,2025-04-10,3.0,16.0,0.22357317139036398,0.6132393890981824,22.63960058867055
AVGO,2025-05-09,0.03,0.25,0.26502804922565515,0.045215445304179515,25.19823181760724
AVGO,2025-05-09,0.03,0.5,0.25739512174977935,0.05197894206261093,25.19823181760724
AVGO,2025-05-09,0.03,1.0,0.25487592002564197,0.08671029624023087,25.19823181760724
AVGO,2025-05-09,0.03,2.0,0.2566184420379351,0.2392163786395006,25.19823181760724
AVGO,2025-05-09,0.03,4.0,0.2601034860625212,0.8797837324411052,25.19823181760724
AVGO,2025-05-09,0.03,8.0,0.26699022285388047,3.4750795978492444,25.19823181760724
AVGO,2025-05-09,0.03,16.0,0.2756934151746853,10.350427875020248,25.19823181760724
AVGO,2025-05-09,0.3,0.25,0.27591064919331054,0.04294553434079577,25.19823181760724
AVGO,2025-05-09,0.3,0.5,0.2661716475010505,0.04494045433463823,25.19823181760724
AVGO,2025-05-09,0.3,1.0,0.25823107157561215,0.050619553688538765,25.19823181760724
AVGO,2025-05-09,0.3,2.0,0.2547510121562657,0.08007457680663028,25.19823181760724
AVGO,2025-05-09,0.3,4.0,0.2563686262991825,0.21048410871906034,25.19823181760724
AVGO,2025-05-09,0.3,8.0,0.25960385458501606,0.7604758683872954,25.19823181760724
AVGO,2025-05-09,0.3,16.0,0.2660072806015428,2.9960394964881347,25.19823181760724
AVGO,2025-05-09,3.0,0.25,0.28411251328285436,0.041639850567383965,25.19823181760724
AVGO,2025-05-09,3.0,0.5,0.27686647517769264,0.04274304523507639,25.19823181760724
AVGO,2025-05-09,3.0,1.0,0.2672333161910947,0.044710245412621114,25.19823181760724
AVGO,2025-05-09,3.0,2.0,0.25900476757158525,0.04948871932263287,25.19823181760724
AVGO,2025-05-09,3.0,4.0,0.25463505796192026,0.07442893248737578,25.19823181760724
AVGO,2025-05-09,3.0,8.0,0.25613671791049164,0.18586907977742753,25.19823181760724
AVGO,2025-05-09,3.0,16.0,0.2591400378076343,0.6579508492915338,25.19823181760724
AVGO,2025-06-09,0.03,0.25,0.30549063509942054,0.05374458680449224,25.797474008398666
AVGO,2025-06-09,0.03,0.5,0.28714349285528595,0.05805347949375426,25.797474008398666
AVGO,2025-06-09,0.03,1.0,0.2875909204292822,0.09105454428732665,25.797474008398666
AVGO,2025-06-09,0.03,2.0,0.2892263417648101,0.2541918821513618,25.797474008398666
AVGO,2025-06-09,0.03,4.0,0.2924943314729763,0.9686251094465755,25.797474008398666
AVGO,2025-06-09,0.03,8.0,0.2990271490587343,3.9505267115100766,25.797474008398666
AVGO,2025-06-09,0.03,16.0,0.3059351108976539,10.626356649535502,25.797474008398666
AVGO,2025-06-09,0.3,0.25,0.32229538533142565,0.05096962140219421,25.797474008398666
AVGO,2025-06-09,0.3,0.5,0.30758955020076284,0.05337299601237411,25.797474008398666
AVGO,2025-06-09,0.3,1.0,0.2882697033319962,0.056863366252630894,25.797474008398666
AVGO,2025-06-09,0.3,2.0,0.28747366902692195,0.08434110702240834,25.797474008398666
AVGO,2025-06-09,0.3,4.0,0.2889920849642011,0.22287608416234692,25.797474008398666
AVGO,2025-06-09,0.3,8.0,0.29202581787175824,0.8343929493758189,25.797474008398666
AVGO,2025-06-09,0.3,16.0,0.29809137073070324,3.396049699010102,25.797474008398666
AVGO,2025-06-09,3.0,0.25,0.33728929443943845,0.04989949688191065,25.797474008398666
AVGO,2025-06-09,3.0,0.5,0.323813415713884,0.05082654621038832,25.797474008398666
AVGO,2025-06-09,3.0,1.0,0.309536262195204,0.052886962924978985,25.797474008398666
AVGO,2025-06-09,3.0,2.0,0.28931518452659516,0.05591964946272388,25.797474008398666
AVGO,2025-06-09,3.0,4.0,0.28736482246693784,0.0787057524470779,25.797474008398666
AVGO,2025-06-09,3.0,8.0,0.288774435293715,0.1961546137884759,25.797474008398666
AVGO,2025-06-09,3.0,16.0,0.29159088837179625,0.719312010540089,25.797474008398666
AVGO,2025-07-09,0.03,0.25,0.4349639155552766,0.06865194005225822,15.865613666270404
AVGO,2025-07-09,0.03,0.5,0.3820938958043779,0.09888616914940425,15.865613666270404
AVGO,2025-07-09,0.03,1.0,0.33629596045714816,0.19350881466220263,15.865613666270404
AVGO,2025-07-09,0.03,2.0,0.33302666519317303,0.6228561241049894,15.865613666270404
AVGO,2025-07-09,0.03,4.0,0.33692715820648456,2.597210367467095,15.865613666270404
AVGO,2025-07-09,0.03,8.0,0.3436300037554978,10.199964963912075,15.865613666270404
AVGO,2025-07-09,0.03,16.0,0.3484920876470907,24.471255300598205,15.865613666270404
AVGO,2025-07-09,0.3,0.25,0.4786910892721048,0.057199383587998226,15.865613666270404
AVGO,2025-07-09,0.3,0.5,0.43969293341353866,0.06714224356441169,15.865613666270404
AVGO,2025-07-09,0.3,1.0,0.38959460831987575,0.09315529825353698,15.865613666270404
AVGO,2025-07-09,0.3,2.0,0.3401361245551028,0.17853640054373868,15.865613666270404
AVGO,2025-07-09,0.3,4.0,0.3327470691430958,0.5383106444326469,15.865613666270404
AVGO,2025-07-09,0.3,8.0,0.33636796610633013,2.2230646251324524,15.865613666270404
AVGO,2025-07-09,0.3,16.0,0.3429622759214589,9.019007341743858,15.865613666270404
AVGO,2025-07-09,3.0,0.25,0.5041990829899565,0.054042602935033976,15.865613666270404
AVGO,2025-07-09,3.0,0.5,0.48210357638833745,0.05667039331395399,15.865613666270404
AVGO,2025-07-09,3.0,1.0,0.44409130449604506,0.0654751737861727,15.865613666270404
AVGO,2025-07-09,3.0,2.0,0.3965682925522239,0.08811547655201633,15.865613666270404
AVGO,2025-07-09,3.0,4.0,0.3437010171143642,0.166647285299868,15.865613666270404
AVGO,2025-07-09,3.0,8.0,0.3324872527376042,0.4666452057370965,15.865613666270404
AVGO,2025-07-09,3.0,16.0,0.3358488581447458,1.9030287713172307,15.865613666270404
AVGO,2025-08-06,0.03,0.25,0.42442394705735803,0.652840368097261,18.27038397206531
AVGO,2025-08-06,0.03,0.5,0.3892800635300345,0.8598912395525278,18.27038397206531
AVGO,2025-08-06,0.03,1.0,0.35241023730135507,1.100841534086789,18.27038397206531
AVGO,2025-08-06,0.03,2.0,0.33473320511802007,1.8152435122383728,18.27038397206531
AVGO,2025-08-06,0.03,4.0,0.3389057097397404,5.6048719254548764,18.27038397206531
AVGO,2025-08-06,0.03,8.0,0.34648632756576536,19.444206111842465,18.27038397206531
AVGO,2025-08-06,0.03,16.0,0.35083246660236944,32.010943540461135,18.27038397206531
AVGO,2025-08-06,0.3,0.25,0.44932112729372586,0.5738242807280909,18.27038397206531
AVGO,2025-08-06,0.3,0.5,0.427577911394719,0.6413551377763812,18.27038397206531
AVGO,2025-08-06,0.3,1.0,0.39335663421900285,0.8264387509970706,18.27038397206531
AVGO,2025-08-06,0.3,2.0,0.3562335374546415,1.0271774720025884,18.27038397206531
AVGO,2025-08-06,0.3,4.0,0.3344341106683747,1.6325087316470686,18.27038397206531
AVGO,2025-08-06,0.3,8.0,0.33830752084044957,4.9194289289114,18.27038397206531
AVGO,2025-08-06,0.3,16.0,0.3456924316557416,17.348404555893946,18.27038397206531
AVGO,2025-08-06,3.0,0.25,0.4663691944197973,0.5416943287095178,18.27038397206531
AVGO,2025-08-06,3.0,0.5,0.4514305983543532,0.5693592662809391,18.27038397206531
AVGO,2025-08-06,3.0,1.0,0.4305057925247002,0.6309453783065361,18.27038397206531
AVGO,2025-08-06,3.0,2.0,0.39713363778920324,0.7963838816761385,18.27038397206531
AVGO,2025-08-06,3.0,4.0,0.3597827749144503,0.9620819294972819,18.27038397206531
AVGO,2025-08-06,3.0,8.0,0.33415645597684085,1.4735189268823667,18.27038397206531
AVGO,2025-08-06,3.0,16.0,0.3377522114573819,4.325704571769937,18.27038397206531
AVGO,2025-09-04,0.03,0.25,0.42456811676058215,0.7177042052170549,16.03127972433624
AVGO,2025-09-04,0.03,0.5,0.39476240215206726,0.7980043944992182,16.03127972433624
AVGO,2025-09-04,0.03,1.0,0.3547038462562139,1.2299463718939656,16.03127972433624
AVGO,2025-09-04,0.03,2.0,0.34541925719439615,2.6392453007902037,16.03127972433624
AVGO,2025-09-04,0.03,4.0,0.35001541906094646,7.319788379069352,16.03127972433624
AVGO,2025-09-04,0.03,8.0,0.3561022319701266,17.899617111834907,16.03127972433624
AVGO,2025-09-04,0.03,16.0,0.3611340447386929,42.120919831518286,16.03127972433624
AVGO,2025-09-04,0.3,0.25,0.449351651916049,0.7213920035248206,16.03127972433624
AVGO,2025-09-04,0.3,0.5,0.42735491004747034,0.7170006161795868,16.03127972433624
AVGO,2025-09-04,0.3,1.0,0.3978813824633522,0.7774326153236019,16.03127972433624
AVGO,2025-09-04,0.3,2.0,0.35738407412243817,1.1477541688526012,16.03127972433624
AVGO,2025-09-04,0.3,4.0,0.3450897940472972,2.401092361992337,16.03127972433624
AVGO,2025-09-04,0.3,8.0,0.3493564927667485,6.493119718635312,16.03127972433624
AVGO,2025-09-04,0.3,16.0,0.35558936497429416,16.659958873102106,16.03127972433624
AVGO,2025-09-04,3.0,0.25,0.46329679316203726,0.7305855077550962,16.03127972433624
AVGO,2025-09-04,3.0,0.5,0.4510399846184533,0.7223693306204745,16.03127972433624
AVGO,2025-09-04,3.0,1.0,0.42994193976787176,0.7166972127286999,16.03127972433624
AVGO,2025-09-04,3.0,2.0,0.4007767873003757,0.7596386870618305,16.03127972433624
AVGO,2025-09-04,3.0,4.0,0.3631760287356593,1.0798967265061412,16.03127972433624
AVGO,2025-09-04,3.0,8.0,0.3447839475543649,2.191668009074053,16.03127972433624
AVGO,2025-09-04,3.0,16.0,0.34874479978088396,5.7723375194215905,16.03127972433624
AVGO,2025-10-02,0.03,0.25,0.6128831516118696,1.343355876647455,24.270486088519
AVGO,2025-10-02,0.03,0.5,0.519968993813425,0.9764856071000533,24.270486088519
AVGO,2025-10-02,0.03,1.0,0.4281209559447936,0.6586261621047634,24.270486088519
AVGO,2025-10-02,0.03,2.0,0.37121012531954933,0.9523598560001834,24.270486088519
AVGO,2025-10-02,0.03,4.0,0.37482161695786764,4.062269578311848,24.270486088519
AVGO,2025-10-02,0.03,8.0,0.3822844881993678,21.237943267187017,24.270486088519
AVGO,2025-10-02,0.03,16.0,0.3865007993682058,48.98422645772428,24.270486088519
AVGO,2025-10-02,0.3,0.25,0.6751931606938008,1.577849153734384,24.270486088519
AVGO,2025-10-02,0.3,0.5,0.6203660739534416,1.3724992378508687,24.270486088519
AVGO,2025-10-02,0.3,1.0,0.5302193321765203,1.0235407453698182,24.270486088519
AVGO,2025-10-02,0.3,2.0,0.43583114796536915,0.6947381321632935,24.270486088519
AVGO,2025-10-02,0.3,4.0,0.3792383523419165,0.8431571559295495,24.270486088519
AVGO,2025-10-02,0.3,8.0,0.374278162070003,3.390744224068493,24.270486088519
AVGO,2025-10-02,0.3,16.0,0.38131615188631285,17.935244481189837,24.270486088519
AVGO,2025-10-02,3.0,0.25,0.7130716305107063,1.6998369757938945,24.270486088519
AVGO,2025-10-02,3.0,0.5,0.6802603592071218,1.5937458771399358,24.270486088519
AVGO,2025-10-02,3.0,1.0,0.6273151272577958,1.4001249086501677,24.270486088519
AVGO,2025-10-02,3.0,2.0,0.54204106577167,1.06927103138451,24.270486088519
AVGO,2025-10-02,3.0,4.0,0.44302100168539305,0.7329942591512452,24.270486088519
AVGO,2025-10-02,3.0,8.0,0.38669109812206204,0.769843621544317,24.270486088519
AVGO,2025-10-02,3.0,16.0,0.37377366324218586,2.8349960581699674,24.270486088519
AVGO,2025-10-30,0.03,0.25,0.4444273499973776,1.8707922625236717,34.69580205946149
AVGO,2025-10-30,0.03,0.5,0.38112828326498904,1.6075300210091905,34.69580205946149
AVGO,2025-10-30,0.03,1.0,0.3022960092979731,1.3112747250157886,34.69580205946149
AVGO,2025-10-30,0.03,2.0,0.23992190222280696,1.3504121824728534,34.69580205946149
AVGO,2025-10-30,0.03,4.0,0.19267138357983202,3.300970170731033,34.69580205946149
AVGO,2025-10-30,0.03,8.0,0.10018526480987745,16.862841305138378,34.69580205946149
AVGO,2025-10-30,0.03,16.0,0.0,37.76320417863361,34.69580205946149
AVGO,2025-10-30,0.3,0.25,0.48820688188041206,1.753545424719688,34.69580205946149
AVGO,2025-10-30,0.3,0.5,0.4501835826935185,1.8662639919316488,34.69580205946149
AVGO,2025-10-30,0.3,1.0,0.3893089166783398,1.6394226171177402,34.69580205946149
AVGO,2025-10-30,0.3,2.0,0.30740835912893005,1.3401853255931775,34.69580205946149
AVGO,2025-10-30,0.3,4.0,0.24347451122748837,1.3133409965260634,34.69580205946149
AVGO,2025-10-30,0.3,8.0,0.1992582839775104,2.8303448168083083,34.69580205946149
AVGO,2025-10-30,0.3,16.0,0.1136243696535447,13.87426308703243,34.69580205946149
AVGO,2025-10-30,3.0,0.25,0.5160544163660301,1.7011329480524664,34.69580205946149
AVGO,2025-10-30,3.0,0.5,0.49154797985890336,1.7462764855622375,34.69580205946149
AVGO,2025-10-30,3.0,1.0,0.4555457872557427,1.8488636988842515,34.69580205946149
AVGO,2025-10-30,3.0,2.0,0.3969014217953406,1.6706269190446699,34.69580205946149
AVGO,2025-10-30,3.0,4.0,0.3156161319743003,1.3677367102506188,34.69580205946149
AVGO,2025-10-30,3.0,8.0,0.25107006579566443,1.2792762606237196,34.69580205946149
AVGO,2025-10-30,3.0,16.0,0.20545112629980808,2.4357370731904893,34.69580205946149
AVGO,2025-11-28,0.03,0.25,0.28760404251541327,0.9854027693342761,34.53289104005397
AVGO,2025-11-28,0.03,0.5,0.24671572997789779,0.8398894572865216,34.53289104005397
AVGO,2025-11-28,0.03,1.0,0.19759915997525193,0.6407905437710303,34.53289104005397
AVGO,2025-11-28,0.03,2.0,0.17263923374310366,0.7175414154465343,34.53289104005397
AVGO,2025-11-28,0.03,4.0,0.1255098965776581,2.144343828689802,34.53289104005397
AVGO,2025-11-28,0.03,8.0,0.033250031483195254,8.992159130804163,34.53289104005397
AVGO,2025-11-28,0.03,16.0,0.0,14.097326157461946,34.53289104005397
AVGO,2025-11-28,0.3,0.25,0.31288591083523326,0.869249596454906,34.53289104005397
AVGO,2025-11-28,0.3,0.5,0.2909833259263376,0.9689950388262744,34.53289104005397
AVGO,2025-11-28,0.3,1.0,0.25207676610464486,0.8601872454484549,34.53289104005397
AVGO,2025-11-28,0.3,2.0,0.19964864382060066,0.662985043924913,34.53289104005397
AVGO,2025-11-28,0.3,4.0,0.17621449906119666,0.6621765697017739,34.53289104005397
AVGO,2025-11-28,0.3,8.0,0.1320670765672488,1.8318123236767827,34.53289104005397
AVGO,2025-11-28,0.3,16.0,0.046268025159237,7.335759629718561,34.53289104005397
AVGO,2025-11-28,3.0,0.25,0.3245890315494906,0.8200144561342629,34.53289104005397
AVGO,2025-11-28,3.0,0.5,0.31445179868482537,0.8624825942264619,34.53289104005397
AVGO,2025-11-28,3.0,1.0,0.2941226147562256,0.9540250602698404,34.53289104005397
AVGO,2025-11-28,3.0,2.0,0.25705118830947166,0.8799873738117522,34.53289104005397
AVGO,2025-11-28,3.0,4.0,0.20452849155922562,0.682883965215087,34.53289104005397
AVGO,2025-11-28,3.0,8.0,0.17953454821520395,0.6237411306319557,34.53289104005397
AVGO,2025-11-28,3.0,16.0,0.13815422325118343,1.5938029636358302,34.53289104005397
AVGO,2025-12-29,0.03,0.25,0.3162399279646123,0.21456417981088566,32.59281035199997
AVGO,2025-12-29,0.03,0.5,0.2595925234374672,0.20514810429197333,32.59281035199997
AVGO,2025-12-29,0.03,1.0,0.20702655314442792,0.2853936312008359,32.59281035199997
AVGO,2025-12-29,0.03,2.0,0.14966976698870602,0.5920052274011541,32.59281035199997
AVGO,2025-12-29,0.03,4.0,0.10652471049629146,1.2526150983145732,32.59281035199997
AVGO,2025-12-29,0.03,8.0,0.025663709390445412,6.835190673777061,32.59281035199997
AVGO,2025-12-29,0.03,16.0,0.0,10.011236054652146,32.59281035199997
AVGO,2025-12-29,0.3,0.25,0.3618974809961073,0.2236057902538193,32.59281035199997
AVGO,2025-12-29,0.3,0.5,0.32233626288483014,0.216026166450569,32.59281035199997
AVGO,2025-12-29,0.3,1.0,0.2671244258031186,0.20434039170740448,32.59281035199997
AVGO,2025-12-29,0.3,2.0,0.21232038206951803,0.26583151182526743,32.59281035199997
AVGO,2025-12-29,0.3,4.0,0.1527173677078484,0.5544039840205283,32.59281035199997
AVGO,2025-12-29,0.3,8.0,0.11276064109550422,1.0992228013267784,32.59281035199997
AVGO,2025-12-29,0.3,16.0,0.037077008694077276,5.64194632736552,32.59281035199997
AVGO,2025-12-29,3.0,0.25,0.38601903126863385,0.2245583394865247,32.59281035199997
AVGO,2025-12-29,3.0,0.5,0.3647338135838125,0.22429558877473948,32.59281035199997
AVGO,2025-12-29,3.0,1.0,0.3279949196767738,0.21755931968209596,32.59281035199997
AVGO,2025-12-29,3.0,2.0,0.27411642458637236,0.20429089833918032,32.59281035199997
AVGO,2025-12-29,3.0,4.0,0.21723473751466907,0.25046630345837845,32.59281035199997
AVGO,2025-12-29,3.0,8.0,0.15563340664826703,0.5094015880126265,32.59281035199997
AVGO,2025-12-29,3.0,16.0,0.1185551508100354,0.9913776020994586,32.59281035199997
AVGO,2026-01-28,0.03,0.25,0.3351791520245597,0.22889029062929536,28.79582139986995
AVGO,2026-01-28,0.03,0.5,0.2782688509138742,0.2617039578572719,28.79582139986995
AVGO,2026-01-28,0.03,1.0,0.21625661163655682,0.33774001378713686,28.79582139986995
AVGO,2026-01-28,0.03,2.0,0.15076809170707908,0.67672882906845,28.79582139986995
AVGO,2026-01-28,0.03,4.0,0.10766648393251556,1.756173292125493,28.79582139986995
AVGO,2026-01-28,0.03,8.0,0.024460744985615915,8.902010070464664,28.79582139986995
AVGO,2026-01-28,0.03,16.0,0.0,11.765097731151508,28.79582139986995
AVGO,2026-01-28,0.3,0.25,0.378402962806438,0.21645053735322745,28.79582139986995
AVGO,2026-01-28,0.3,0.5,0.3403369244955237,0.22730795764445472,28.79582139986995
AVGO,2026-01-28,0.3,1.0,0.28501603117848723,0.2560508159588047,28.79582139986995
AVGO,2026-01-28,0.3,2.0,0.2248466561813592,0.329135300501559,28.79582139986995
AVGO,2026-01-28,0.3,4.0,0.15391420211895582,0.6173947060332127,28.79582139986995
AVGO,2026-01-28,0.3,8.0,0.11373583409296777,1.5282064151148305,28.79582139986995
AVGO,2026-01-28,0.3,16.0,0.03634673487285553,7.396950792983839,28.79582139986995
AVGO,2026-01-28,3.0,0.25,0.4081820312554827,0.19854959017875762,28.79582139986995
AVGO,2026-01-28,3.0,0.5,0.38181652735902444,0.21519498245338556,28.79582139986995
AVGO,2026-01-28,3.0,1.0,0.34512497631703193,0.22606283842948835,28.79582139986995
AVGO,2026-01-28,3.0,2.0,0.2912855128024315,0.25091549899302196,28.79582139986995
AVGO,2026-01-28,3.0,4.0,0.23278244092729256,0.31347711384588745,28.79582139986995
AVGO,2026-01-28,3.0,8.0,0.1568855457961174,0.5560821239423386,28.79582139986995
AVGO,2026-01-28,3.0,16.0,0.11937011967937596,1.3533915273547554,28.79582139986995
AVGO,2026-02-26,0.03,0.25,0.5707441797443278,0.3575648507389351,20.62500474117242
AVGO,2026-02-26,0.03,0.5,0.5330433873143077,0.49084757684930325,20.62500474117242
AVGO,2026-02-26,0.03,1.0,0.49857754781198915,0.9069985493637295,20.62500474117242
AVGO,2026-02-26,0.03,2.0,0.4481154554127608,1.6448387531874777,20.62500474117242
AVGO,2026-02-26,0.03,4.0,0.38467144205477743,3.181413968209608,20.62500474117242
AVGO,2026-02-26,0.03,8.0,0.3928346240368149,12.776610655557304,20.62500474117242
AVGO,2026-02-26,0.03,16.0,0.39949510624418505,22.821485871755506,20.62500474117242
AVGO,2026-02-26,0.3,0.25,0.6007408861193324,0.2974810805401533,20.62500474117242
AVGO,2026-02-26,0.3,0.5,0.5737447447740309,0.35010551007483187,20.62500474117242
AVGO,2026-02-26,0.3,1.0,0.5370209976807448,0.4692830347107884,20.62500474117242
AVGO,2026-02-26,0.3,2.0,0.5021240580218538,0.8340547427443457,20.62500474117242
AVGO,2026-02-26,0.3,4.0,0.4553310773879959,1.5485152655801455,20.62500474117242
AVGO,2026-02-26,0.3,8.0,0.38404713208541724,2.8250862892564217,20.62500474117242
AVGO,2026-02-26,0.3,16.0,0.3918501249825054,11.05415455948246,20.62500474117242
AVGO,2026-02-26,3.0,0.25,0.6218464211059587,0.2734966920739932,20.62500474117242
AVGO,2026-02-26,3.0,0.5,0.6033614203024757,0.2939410436144341,20.62500474117242
AVGO,2026-02-26,3.0,1.0,0.5765396186440768,0.3430947844486845,20.62500474117242
AVGO,2026-02-26,3.0,2.0,0.5407322191865457,0.448562196692221,20.62500474117242
AVGO,2026-02-26,3.0,4.0,0.5053927494320756,0.7704193290251968,20.62500474117242
AVGO,2026-02-26,3.0,8.0,0.46205880981044956,1.4420311390923652,20.62500474117242
AVGO,2026-02-26,3.0,16.0,0.3834675740489181,2.540423910793023,20.62500474117242
AVGO,2026-03-26,0.03,0.25,0.4189766884685382,0.12771106292638026,20.17894113634144
AVGO,2026-03-26,0.03,0.5,0.40729852836806846,0.18226192468924998,20.17894113634144
AVGO,2026-03-26,0.03,1.0,0.3905860619462753,0.35535637834892986,20.17894113634144
AVGO,2026-03-26,0.03,2.0,0.3934767693422533,0.9315772381961669,20.17894113634144
AVGO,2026-03-26,0.03,4.0,0.399253579371358,3.0979868280450162,20.17894113634144
AVGO,2026-03-26,0.03,8.0,0.4099154099315765,9.813997077479467,20.17894113634144
AVGO,2026-03-26,0.03,16.0,0.42092182555744284,16.175511758176466,20.17894113634144
AVGO,2026-03-26,0.3,0.25,0.4262950242028387,0.10766308526364968,20.17894113634144
AVGO,2026-03-26,0.3,0.5,0.41994389917389235,0.1246498096858661,20.17894113634144
AVGO,2026-03-26,0.3,1.0,0.40895513216135637,0.17303504328143998,20.17894113634144
AVGO,2026-03-26,0.3,2.0,0.39037884958438,0.3270383700397932,20.17894113634144
AVGO,2026-03-26,0.3,4.0,0.3930623446184627,0.828205992236652,20.17894113634144
AVGO,2026-03-26,0.3,8.0,0.3984253933603761,2.704374237251464,20.17894113634144
AVGO,2026-03-26,0.3,16.0,0.40883535071464194,9.278882316720201,20.17894113634144
AVGO,2026-03-26,3.0,0.25,0.4298816072926255,0.10060999414137678,20.17894113634144
AVGO,2026-03-26,3.0,0.5,0.4267492149048726,0.10663957117764017,20.17894113634144
AVGO,2026-03-26,3.0,1.0,0.4208545361073719,0.1219110259783598,20.17894113634144
AVGO,2026-03-26,3.0,2.0,0.41050923061484657,0.16490101768903404,20.17894113634144
AVGO,2026-03-26,3.0,4.0,0.39057275582232454,0.3020252234662326,20.17894113634144
AVGO,2026-03-26,3.0,8.0,0.3926776267843987,0.738464516031356,20.17894113634144
AVGO,2026-03-26,3.0,16.0,0.39765657357223044,2.3638502280148623,20.17894113634144
AVGO,2026-04-24,0.03,0.25,0.6315186634708805,2.922026778620251,30.9792276546782
AVGO,2026-04-24,0.03,0.5,0.5254455820049743,2.8813493515551403,30.9792276546782
AVGO,2026-04-24,0.03,1.0,0.3991814307750205,3.0941373439264286,30.9792276546782
AVGO,2026-04-24,0.03,2.0,0.3191573819472479,4.717323652509202,30.9792276546782
AVGO,2026-04-24,0.03,4.0,0.2740335626545541,10.001778305540604,30.9792276546782
AVGO,2026-04-24,0.03,8.0,0.18942769947057755,31.05767203052993,30.9792276546782
AVGO,2026-04-24,0.03,16.0,0.008302669004806315,70.12051925484772,30.9792276546782
AVGO,2026-04-24,0.3,0.25,0.7071149127796091,2.97580238308569,30.9792276546782
AVGO,2026-04-24,0.3,0.5,0.6396363670795504,2.930274542426396,30.9792276546782
AVGO,2026-04-24,0.3,1.0,0.5393847532579185,2.8740958490855637,30.9792276546782
AVGO,2026-04-24,0.3,2.0,0.41263821273636614,3.0439533146226805,30.9792276546782
AVGO,2026-04-24,0.3,4.0,0.3226110449875682,4.389220065591408,30.9792276546782
AVGO,2026-04-24,0.3,8.0,0.28024814780441404,9.084618307798381,30.9792276546782
AVGO,2026-04-24,0.3,16.0,0.20161598657191918,27.910067926175643,30.9792276546782
AVGO,2026-04-24,3.0,0.25,0.7467385874775105,3.0093154512130558,30.9792276546782
AVGO,2026-04-24,3.0,0.5,0.7124110172199655,2.979659486379208,30.9792276546782
AVGO,2026-04-24,3.0,1.0,0.6471744701259892,2.937777483885992,30.9792276546782
AVGO,2026-04-24,3.0,2.0,0.552329505438798,2.870435787220032,30.9792276546782
AVGO,2026-04-24,3.0,4.0,0.42683344294694525,3.006663079081453,30.9792276546782
AVGO,2026-04-24,3.0,8.0,0.3258171417481706,4.122292500658191,30.9792276546782
AVGO,2026-04-24,3.0,16.0,0.2860172576118392,8.36457345493868,30.9792276546782
AVGO,2026-05-22,0.03,0.25,0.6004112520419204,1.4575374381634865,32.65459787637017
AVGO,2026-05-22,0.03,0.5,0.503762504169827,1.4637815405802095,32.65459787637017
AVGO,2026-05-22,0.03,1.0,0.3975343181734732,1.7873253931040163,32.65459787637017
AVGO,2026-05-22,0.03,2.0,0.3019379223670131,2.9638326409208307,32.65459787637017
AVGO,2026-05-22,0.03,4.0,0.2644965991318411,7.184719946366488,32.65459787637017
AVGO,2026-05-22,0.03,8.0,0.19423968730480345,15.799380894924377,32.65459787637017
AVGO,2026-05-22,0.03,16.0,0.03871334868957681,55.43534692171336,32.65459787637017
AVGO,2026-05-22,0.3,0.25,0.666682033656871,1.4945469072775834,32.65459787637017
AVGO,2026-05-22,0.3,0.5,0.6083844210706512,1.461638403701777,32.65459787637017
AVGO,2026-05-22,0.3,1.0,0.5132691062574303,1.4543519617191019,32.65459787637017
AVGO,2026-05-22,0.3,2.0,0.40746442528882965,1.7301265852607441,32.65459787637017
AVGO,2026-05-22,0.3,4.0,0.30485606946655514,2.7309744467513783,32.65459787637017
AVGO,2026-05-22,0.3,8.0,0.2697540838653156,6.291783409932026,32.65459787637017
AVGO,2026-05-22,0.3,16.0,0.20468715936041615,14.83624701368946,32.65459787637017
AVGO,2026-05-22,3.0,0.25,0.7017213052020843,1.5150824457176997,32.65459787637017
AVGO,2026-05-22,3.0,0.5,0.6713072230032757,1.4975981664466154,32.65459787637017
AVGO,2026-05-22,3.0,1.0,0.6157844619700963,1.4660946665695598,32.65459787637017
AVGO,2026-05-22,3.0,2.0,0.5220942538765141,1.447898306743233,32.65459787637017
AVGO,2026-05-22,3.0,4.0,0.4167208381741271,1.6815961418521843,32.65459787637017
AVGO,2026-05-22,3.0,8.0,0.30756503726496986,2.544865393895619,32.65459787637017
AVGO,2026-05-22,3.0,16.0,0.2746599903371203,5.5487318056279875,32.65459787637017
KO,2024-10-16,0.03,0.25,0.03926346904824522,0.0016668698526613396,2.050049352775212
KO,2024-10-16,0.03,0.5,0.03445050864244128,0.002363790838944476,2.050049352775212
KO,2024-10-16,0.03,1.0,0.024974619604848713,0.006181662311740125,2.050049352775212
KO,2024-10-16,0.03,2.0,0.006620975219692682,0.015759451900865692,2.050049352775212
KO,2024-10-16,0.03,4.0,0.0,0.02361047632465552,2.050049352775212
KO,2024-10-16,0.03,8.0,0.0,0.02361047632465552,2.050049352775212
KO,2024-10-16,0.03,16.0,0.0,0.02361047632465552,2.050049352775212
KO,2024-10-16,0.3,0.25,0.041892999934387755,0.0009169651090062872,2.050049352775212
KO,2024-10-16,0.3,0.5,0.03960948019198309,0.001651984166210885,2.050049352775212
KO,2024-10-16,0.3,1.0,0.03514051614356915,0.0021756724724663157,2.050049352775212
KO,2024-10-16,0.3,2.0,0.02630863166061062,0.005767409958480929,2.050049352775212
KO,2024-10-16,0.3,4.0,0.009224782911342459,0.01362799519222619,2.050049352775212
KO,2024-10-16,0.3,8.0,0.0,0.02361047632465552,2.050049352775212
KO,2024-10-16,0.3,16.0,0.0,0.02361047632465552,2.050049352775212
KO,2024-10-16,3.0,0.25,0.04530890737788647,0.0006237827449606131,2.050049352775212
KO,2024-10-16,3.0,0.5,0.04205755731265074,0.000874432998766793,2.050049352775212
KO,2024-10-16,3.0,1.0,0.03993652241971502,0.0015282746956931416,2.050049352775212
KO,2024-10-16,3.0,2.0,0.035781062366038,0.0020274636828327233,2.050049352775212
KO,2024-10-16,3.0,4.0,0.027560775794908853,0.005126509311032184,2.050049352775212
KO,2024-10-16,3.0,8.0,0.011649242652385153,0.01206201809707102,2.050049352775212
KO,2024-10-16,3.0,16.0,0.0,0.02361047632465552,2.050049352775212
KO,2024-11-13,0.03,0.25,0.029924943101250396,0.0011372780813475095,0.9791576751610398
KO,2024-11-13,0.03,0.5,0.02387259652425496,0.0017264650038397505,0.9791576751610398
KO,2024-11-13,0.03,1.0,0.015411319416895029,0.004872108702477868,0.9791576751610398
KO,2024-11-13,0.03,2.0,0.0,0.022512233148000552,0.9791576751610398
KO,2024-11-13,0.03,4.0,0.0,0.022512233148000552,0.9791576751610398
KO,2024-11-13,0.03,8.0,0.0,0.022512233148000552,0.9791576751610398
KO,2024-11-13,0.03,16.0,0.0,0.022512233148000552,0.9791576751610398
KO,2024-11-13,0.3,0.25,0.04279505736632794,0.0007091149555779626,0.9791576751610398
KO,2024-11-13,0.3,0.5,0.03136923865188211,0.001142038342158822,0.9791576751610398
KO,2024-11-13,0.3,1.0,0.024480603242132994,0.0015323061954069098,0.9791576751610398
KO,2024-11-13,0.3,2.0,0.01661868389098463,0.004042285044070555,0.9791576751610398
KO,2024-11-13,0.3,4.0,0.0010393218445988108,0.02089103897350616,0.9791576751610398
KO,2024-11-13,0.3,8.0,0.0,0.022512233148000552,0.9791576751610398
KO,2024-11-13,0.3,16.0,0.0,0.022512233148000552,0.9791576751610398
KO,2024-11-13,3.0,0.25,0.05322637648224599,0.0005527162161357292,0.9791576751610398
KO,2024-11-13,3.0,0.5,0.043760844484336266,0.0006785879612210693,0.9791576751610398
KO,2024-11-13,3.0,1.0,0.032713434704037155,0.0010730450510058646,0.9791576751610398
KO,2024-11-13,3.0,2.0,0.025045050733287305,0.0013847914739013234,0.9791576751610398
KO,2024-11-13,3.0,4.0,0.017741070026507433,0.003411072252559774,0.9791576751610398
KO,2024-11-13,3.0,8.0,0.003311406492507161,0.017762976552255026,0.9791576751610398
KO,2024-11-13,3.0,16.0,0.0,0.022512233148000552,0.9791576751610398
KO,2024-12-12,0.03,0.25,0.09354969616488726,0.045662119189193766,1.3645678028718882
KO,2024-12-12,0.03,0.5,0.07677013331562534,0.06434563644876032,1.3645678028718882
KO,2024-12-12,0.03,1.0,0.06855468590333269,0.0643216528209706,1.3645678028718882
KO,2024-12-12,0.03,2.0,0.06905206696268401,0.143649306593074,1.3645678028718882
KO,2024-12-12,0.03,4.0,0.06925129998003038,0.15066007284623736,1.3645678028718882
KO,2024-12-12,0.03,8.0,0.06949902112610347,0.16552538442988796,1.3645678028718882
KO,2024-12-12,0.03,16.0,0.06960707024536703,0.1686509873625232,1.3645678028718882
KO,2024-12-12,0.3,0.25,0.113501634891155,0.03411327999518488,1.3645678028718882
KO,2024-12-12,0.3,0.5,0.09594658282625608,0.04397324576205381,1.3645678028718882
KO,2024-12-12,0.3,1.0,0.0777820313520354,0.06464162034203606,1.3645678028718882
KO,2024-12-12,0.3,2.0,0.06851420208925153,0.06006334829932924,1.3645678028718882
KO,2024-12-12,0.3,4.0,0.06903778549505801,0.1433610819187486,1.3645678028718882
KO,2024-12-12,0.3,8.0,0.06922273704477841,0.14931234583297173,1.3645678028718882
KO,2024-12-12,0.3,16.0,0.069491275923931,0.16540806861583587,1.3645678028718882
KO,2024-12-12,3.0,0.25,0.12656287886384474,0.02951478454442562,1.3645678028718882
KO,2024-12-12,3.0,0.5,0.11508467677346322,0.033481171301246435,1.3645678028718882
KO,2024-12-12,3.0,1.0,0.09817071492123884,0.04245051787560949,1.3645678028718882
KO,2024-12-12,3.0,2.0,0.07869652375654254,0.06166962906247985,1.3645678028718882
KO,2024-12-12,3.0,4.0,0.06847662024537532,0.05643800523456903,1.3645678028718882
KO,2024-12-12,3.0,8.0,0.06896332234408727,0.1278045214325373,1.3645678028718882
KO,2024-12-12,3.0,16.0,0.06919622156451424,0.14816387453510796,1.3645678028718882
KO,2025-01-14,0.03,0.25,0.06608958922995044,0.0008748659847638999,2.9795097258268615
KO,2025-01-14,0.03,0.5,0.06607897231824603,0.0025354236037391027,2.9795097258268615
KO,2025-01-14,0.03,1.0,0.06627784058823898,0.009268422713788875,2.9795097258268615
KO,2025-01-14,0.03,2.0,0.06667548332282111,0.03637881619622566,2.9795097258268615
KO,2025-01-14,0.03,4.0,0.06744349750231549,0.14351860642631453,2.9795097258268615
KO,2025-01-14,0.03,8.0,0.06824034004036969,0.3141025526564559,2.9795097258268615
KO,2025-01-14,0.03,16.0,0.06861465203171363,0.3833995384906339,2.9795097258268615
KO,2025-01-14,0.3,0.25,0.07365041877834944,0.0008520195638399573,2.9795097258268615
KO,2025-01-14,0.3,0.5,0.06649849428790838,0.0008009871058525319,2.9795097258268615
KO,2025-01-14,0.3,1.0,0.06606471699652491,0.0022274993875388022,2.9795097258268615
KO,2025-01-14,0.3,2.0,0.06624932994479674,0.008023841953040602,2.9795097258268615
KO,2025-01-14,0.3,4.0,0.06661855584134041,0.03137606457114724,2.9795097258268615
KO,2025-01-14,0.3,8.0,0.0673507759408273,0.12460331021753772,2.9795097258268615
KO,2025-01-14,0.3,16.0,0.06814847193600315,0.29630748566873455,2.9795097258268615
KO,2025-01-14,3.0,0.25,0.07815726579931394,0.0008203548412372947,2.9795097258268615
KO,2025-01-14,3.0,0.5,0.07425592092701211,0.0008737040151196407,2.9795097258268615
KO,2025-01-14,3.0,1.0,0.06687808811811348,0.0007385407031821663,2.9795097258268615
KO,2025-01-14,3.0,2.0,0.06605148352810086,0.0019625670145076777,2.9795097258268615
KO,2025-01-14,3.0,4.0,0.06622286300794863,0.006952152111403409,2.9795097258268615
KO,2025-01-14,3.0,8.0,0.06656562196764416,0.027065384505572356,2.9795097258268615
KO,2025-01-14,3.0,16.0,0.06724972903251156,0.10779367561621131,2.9795097258268615
KO,2025-02-12,0.03,0.25,0.12373842214036307,0.007529006109499115,1.8390218199303245
KO,2025-02-12,0.03,0.5,0.10435729842029029,0.012929508613554715,1.8390218199303245
KO,2025-02-12,0.03,1.0,0.0755142741530902,0.027247843283107132,1.8390218199303245
KO,2025-02-12,0.03,2.0,0.06043374797176872,0.09009850382394423,1.8390218199303245
KO,2025-02-12,0.03,4.0,0.04952654625495842,0.3411943092681135,1.8390218199303245
KO,2025-02-12,0.03,8.0,0.027179586988224272,0.3990779079391588,1.8390218199303245
KO,2025-02-12,0.03,16.0,0.0,0.4036577608738668,1.8390218199303245
KO,2025-02-12,0.3,0.25,0.14135011544365064,0.00711840782927034,1.8390218199303245
KO,2025-02-12,0.3,0.5,0.1257022937026185,0.007346936170904061,1.8390218199303245
KO,2025-02-12,0.3,1.0,0.10711844546421333,0.011869280181439634,1.8390218199303245
KO,2025-02-12,0.3,2.0,0.07857911851491671,0.02524467724694712,1.8390218199303245
KO,2025-02-12,0.3,4.0,0.06117595990405631,0.0767640432814019,1.8390218199303245
KO,2025-02-12,0.3,8.0,0.05114593004444082,0.31859127637511325,1.8390218199303245
KO,2025-02-12,0.3,16.0,0.030377168850113854,0.3985831272766129,1.8390218199303245
KO,2025-02-12,3.0,0.25,0.15990042269766502,0.007769147228954539,1.8390218199303245
KO,2025-02-12,3.0,0.5,0.14322787617607016,0.007154404360546582,1.8390218199303245
KO,2025-02-12,3.0,1.0,0.1275253819569955,0.007215623249278705,1.8390218199303245
KO,2025-02-12,3.0,2.0,0.10968266120929202,0.01102550395902805,1.8390218199303245
KO,2025-02-12,3.0,4.0,0.08142365761559353,0.02378930101901218,1.8390218199303245
KO,2025-02-12,3.0,8.0,0.06186496842747236,0.0658234982626134,1.8390218199303245
KO,2025-02-12,3.0,16.0,0.05263805307183048,0.2872085779368635,1.8390218199303245
KO,2025-03-13,0.03,0.25,0.07826840574499834,0.020690520568290762,2.6075566462584256
KO,2025-03-13,0.03,0.5,0.06519380338892028,0.013228101417138472,2.6075566462584256
KO,2025-03-13,0.03,1.0,0.04864404128812986,0.016818198428180844,2.6075566462584256
KO,2025-03-13,0.03,2.0,0.036173332884749984,0.07967091198521803,2.6075566462584256
KO,2025-03-13,0.03,4.0,0.010818710045840209,0.35410071674166366,2.6075566462584256
KO,2025-03-13,0.03,8.0,0.0,0.4328113620150686,2.6075566462584256
KO,2025-03-13,0.03,16.0,0.0,0.4328113620150686,2.6075566462584256
KO,2025-03-13,0.3,0.25,0.09476756061840658,0.027972803042615544,2.6075566462584256
KO,2025-03-13,0.3,0.5,0.08018133486012152,0.021516807589902154,2.6075566462584256
KO,2025-03-13,0.3,1.0,0.06664232031646028,0.01379289391970418,2.6075566462584256
KO,2025-03-13,0.3,2.0,0.04948044809757135,0.014988563944770252,2.6075566462584256
KO,2025-03-13,0.3,4.0,0.037968822873925764,0.06649662925094842,2.6075566462584256
KO,2025-03-13,0.3,8.0,0.014510537402839477,0.309712955642866,2.6075566462584256
KO,2025-03-13,0.3,16.0,0.0,0.4328113620150686,2.6075566462584256
KO,2025-03-13,3.0,0.25,0.1079687413939833,0.0322892261032726,2.6075566462584256
KO,2025-03-13,3.0,0.5,0.09620560305555195,0.02851074062790018,2.6075566462584256
KO,2025-03-13,3.0,1.0,0.08195928287573374,0.02232154950488013,2.6075566462584256
KO,2025-03-13,3.0,2.0,0.06798632658873059,0.014499598239625329,2.6075566462584256
KO,2025-03-13,3.0,4.0,0.05059267827038644,0.013812457036183645,2.6075566462584256
KO,2025-03-13,3.0,8.0,0.039635608130850146,0.05552205248278375,2.6075566462584256
KO,2025-03-13,3.0,16.0,0.017937726330014274,0.2721887777401021,2.6075566462584256
KO,2025-04-10,0.03,0.25,0.08393628844030399,0.0024242104978506405,3.6336176028857134
KO,2025-04-10,0.03,0.5,0.07558584230048127,0.003487205475927117,3.6336176028857134
KO,2025-04-10,0.03,1.0,0.06414910552046602,0.006919870329487979,3.6336176028857134
KO,2025-04-10,0.03,2.0,0.05757298103142819,0.02993879394840039,3.6336176028857134
KO,2025-04-10,0.03,4.0,0.044378367777046485,0.1492847526852763,3.6336176028857134
KO,2025-04-10,0.03,8.0,0.01749105350024789,0.2283847180660399,3.6336176028857134
KO,2025-04-10,0.03,16.0,0.0,0.24266967680445378,3.6336176028857134
KO,2025-04-10,0.3,0.25,0.09393688770089377,0.0025366221499389,3.6336176028857134
KO,2025-04-10,0.3,0.5,0.08453741605067834,0.0024124533055389042,3.6336176028857134
KO,2025-04-10,0.3,1.0,0.0767808834056499,0.003237977697456304,3.6336176028857134
KO,2025-04-10,0.3,2.0,0.06462049681015072,0.00624388326981988,3.6336176028857134
KO,2025-04-10,0.3,4.0,0.058515763610797626,0.025081492084245517,3.6336176028857134
KO,2025-04-10,0.3,8.0,0.04629904091009137,0.12749458875627143,3.6336176028857134
KO,2025-04-10,0.3,16.0,0.02133496069053783,0.22581387702338243,3.6336176028857134
KO,2025-04-10,3.0,0.25,0.10758630511327161,0.002892680709333649,3.6336176028857134
KO,2025-04-10,3.0,0.5,0.0955926818854374,0.0025693447274015555,3.6336176028857134
KO,2025-04-10,3.0,1.0,0.08509545349145634,0.0024138767038986287,3.6336176028857134
KO,2025-04-10,3.0,2.0,0.0778891123385236,0.003039051760999957,3.6336176028857134
KO,2025-04-10,3.0,4.0,0.06505809771944332,0.005732981545432092,3.6336176028857134
KO,2025-04-10,3.0,8.0,0.059390965429382804,0.02103888875812249,3.6336176028857134
KO,2025-04-10,3.0,16.0,0.04806037972175088,0.10789865500141693,3.6336176028857134
KO,2025-05-09,0.03,0.25,0.06098960605938049,0.003420702865644047,3.1566091840518813
KO,2025-05-09,0.03,0.5,0.0474339747518085,0.005008246083811321,3.1566091840518813
KO,2025-05-09,0.03,1.0,0.0366182337023621,0.012308861625045886,3.1566091840518813
KO,2025-05-09,0.03,2.0,0.02221333597178996,0.05096410847808297,3.1566091840518813
KO,2025-05-09,0.03,4.0,0.0,0.16516574524287997,3.1566091840518813
KO,2025-05-09,0.03,8.0,0.0,0.16516574524287997,3.1566091840518813
KO,2025-05-09,0.03,16.0,0.0,0.16516574524287997,3.1566091840518813
KO,2025-05-09,0.3,0.25,0.07589123559986363,0.0034292159653976015,3.1566091840518813
KO,2025-05-09,0.3,0.5,0.06241209452676275,0.003373035958692523,3.1566091840518813
KO,2025-05-09,0.3,1.0,0.0493180282974716,0.004654466910680358,3.1566091840518813
KO,2025-05-09,0.3,2.0,0.03765299957815017,0.010811528338150841,3.1566091840518813
KO,2025-05-09,0.3,4.0,0.02425122427273784,0.043419244206351904,3.1566091840518813
KO,2025-05-09,0.3,8.0,0.00042897945412355144,0.16315700411718217,3.1566091840518813
KO,2025-05-09,0.3,16.0,0.0,0.16516574524287997,3.1566091840518813
KO,2025-05-09,3.0,0.25,0.09186527448527877,0.0035668094631608987,3.1566091840518813
KO,2025-05-09,3.0,0.5,0.07735375032783598,0.0034567583534895804,3.1566091840518813
KO,2025-05-09,3.0,1.0,0.06373363443465721,0.0033441490684472945,3.1566091840518813
KO,2025-05-09,3.0,2.0,0.05106760905783491,0.0044146328687251,3.1566091840518813
KO,2025-05-09,3.0,4.0,0.038613591125042465,0.009576830569862948,3.1566091840518813
KO,2025-05-09,3.0,8.0,0.026172636320951854,0.03698478010405956,3.1566091840518813
KO,2025-05-09,3.0,16.0,0.003836396643083975,0.14781523284679562,3.1566091840518813
KO,2025-06-09,0.03,0.25,0.08357595012039777,0.0026474535203118467,3.7915681389729388
KO,2025-06-09,0.03,0.5,0.05731153766095001,0.0035600874438786816,3.7915681389729388
KO,2025-06-09,0.03,1.0,0.037337432833571556,0.006830737660029821,3.7915681389729388
KO,2025-06-09,0.03,2.0,0.0246590707156759,0.01620514802057277,3.7915681389729388
KO,2025-06-09,0.03,4.0,0.0,0.10642791991596388,3.7915681389729388
KO,2025-06-09,0.03,8.0,0.0,0.10642791991596388,3.7915681389729388
KO,2025-06-09,0.03,16.0,0.0,0.10642791991596388,3.7915681389729388
KO,2025-06-09,0.3,0.25,0.1082797886321867,0.002201214688772597,3.7915681389729388
KO,2025-06-09,0.3,0.5,0.08680751520352788,0.002552073580141583,3.7915681389729388
KO,2025-06-09,0.3,1.0,0.06083990587009461,0.0033910378901571103,3.7915681389729388
KO,2025-06-09,0.3,2.0,0.038200523915133455,0.006698919678547966,3.7915681389729388
KO,2025-06-09,0.3,4.0,0.026479383308987713,0.013315588133848678,3.7915681389729388
KO,2025-06-09,0.3,8.0,0.0029019301837519846,0.09130774204881996,3.7915681389729388
KO,2025-06-09,0.3,16.0,0.0,0.10642791991596388,3.7915681389729388
KO,2025-06-09,3.0,0.25,0.12269265560463066,0.002176844983297736,3.7915681389729388
KO,2025-06-09,3.0,0.5,0.11003425308523487,0.002186161846025048,3.7915681389729388
KO,2025-06-09,3.0,1.0,0.08980713167358162,0.0024706717705905933,3.7915681389729388
KO,2025-06-09,3.0,2.0,0.06422894028500563,0.0032128199832860884,3.7915681389729388
KO,2025-06-09,3.0,4.0,0.03900430350832262,0.006064557925776228,3.7915681389729388
KO,2025-06-09,3.0,8.0,0.02816921183034788,0.011104176571512555,3.7915681389729388
KO,2025-06-09,3.0,16.0,0.006285158176194202,0.07483637050624802,3.7915681389729388
KO,2025-07-09,0.03,0.25,0.05584491713654262,0.001811153206625031,1.7822947491444467
KO,2025-07-09,0.03,0.5,0.03694420728670505,0.0035389898141211296,1.7822947491444467
KO,2025-07-09,0.03,1.0,0.025566462268506708,0.008965352306192186,1.7822947491444467
KO,2025-07-09,0.03,2.0,0.008735267767408088,0.04689848373526628,1.7822947491444467
KO,2025-07-09,0.03,4.0,0.0,0.07954937154459009,1.7822947491444467
KO,2025-07-09,0.03,8.0,0.0,0.07954937154459009,1.7822947491444467
KO,2025-07-09,0.03,16.0,0.0,0.07954937154459009,1.7822947491444467
KO,2025-07-09,0.3,0.25,0.07569804262288148,0.0013980615591985333,1.7822947491444467
KO,2025-07-09,0.3,0.5,0.05835265288649428,0.0017155410145642737,1.7822947491444467
KO,2025-07-09,0.3,1.0,0.03894947316497575,0.0031558825218541,1.7822947491444467
KO,2025-07-09,0.3,2.0,0.02678057032342939,0.007743264385498583,1.7822947491444467
KO,2025-07-09,0.3,4.0,0.011145126402518002,0.038906247128304865,1.7822947491444467
KO,2025-07-09,0.3,8.0,0.0,0.07954937154459009,1.7822947491444467
KO,2025-07-09,0.3,16.0,0.0,0.07954937154459009,1.7822947491444467
KO,2025-07-09,3.0,0.25,0.09082445485973746,0.0012757281128921918,1.7822947491444467
KO,2025-07-09,3.0,0.5,0.07757673588455245,0.0013755214620243658,1.7822947491444467
KO,2025-07-09,3.0,1.0,0.06067966628966853,0.0016396188017856984,1.7822947491444467
KO,2025-07-09,3.0,2.0,0.04081218492380523,0.0028593021205925596,1.7822947491444467
KO,2025-07-09,3.0,4.0,0.02791158837134623,0.00677199304712798,1.7822947491444467
KO,2025-07-09,3.0,8.0,0.013382240988780296,0.03226923845417368,1.7822947491444467
KO,2025-07-09,3.0,16.0,0.0,0.07954937154459009,1.7822947491444467
KO,2025-08-06,0.03,0.25,0.04166328610138842,0.0007130321742722959,1.7140424659043922
KO,2025-08-06,0.03,0.5,0.03513202093491124,0.0021283389406953797,1.7140424659043922
KO,2025-08-06,0.03,1.0,0.026605768984312234,0.007194895219319495,1.7140424659043922
KO,2025-08-06,0.03,2.0,0.009905925177644714,0.026850956052928313,1.7140424659043922
KO,2025-08-06,0.03,4.0,0.0,0.04582680846581188,1.7140424659043922
KO,2025-08-06,0.03,8.0,0.0,0.04582680846581188,1.7140424659043922
KO,2025-08-06,0.03,16.0,0.0,0.04582680846581188,1.7140424659043922
KO,2025-08-06,0.3,0.25,0.04961096672756589,0.00048125310903464823,1.7140424659043922
KO,2025-08-06,0.3,0.5,0.042641163311830696,0.0006629549106602601,1.7140424659043922
KO,2025-08-06,0.3,1.0,0.03575140186380616,0.0018489760318045707,1.7140424659043922
KO,2025-08-06,0.3,2.0,0.027818037930697596,0.00626615687108654,1.7140424659043922
KO,2025-08-06,0.3,4.0,0.012290688548715657,0.022760389264079552,1.7140424659043922
KO,2025-08-06,0.3,8.0,0.0,0.04582680846581188,1.7140424659043922
KO,2025-08-06,0.3,16.0,0.0,0.04582680846581188,1.7140424659043922
KO,2025-08-06,3.0,0.25,0.05881369679202617,0.000394081517908394,1.7140424659043922
KO,2025-08-06,3.0,0.5,0.050622039373168656,0.0004715847881927772,1.7140424659043922
KO,2025-08-06,3.0,1.0,0.04355055951835452,0.000617393600598493,1.7140424659043922
KO,2025-08-06,3.0,2.0,0.03632638418446844,0.001621702011615373,1.7140424659043922
KO,2025-08-06,3.0,4.0,0.02894440657227342,0.005505364273413758,1.7140424659043922
KO,2025-08-06,3.0,8.0,0.014507846201678025,0.019450555819218965,1.7140424659043922
KO,2025-08-06,3.0,16.0,0.0,0.04582680846581188,1.7140424659043922
KO,2025-09-04,0.03,0.25,0.05979008867897778,0.022131411713409817,1.0732733055225465
KO,2025-09-04,0.03,0.5,0.04623774428796303,0.024318754265820072,1.0732733055225465
KO,2025-09-04,0.03,1.0,0.028133149756102937,0.027999561013184574,1.0732733055225465
KO,2025-09-04,0.03,2.0,0.0040317036055435,0.06471495741333233,1.0732733055225465
KO,2025-09-04,0.03,4.0,0.0,0.06916470917612143,1.0732733055225465
KO,2025-09-04,0.03,8.0,0.0,0.06916470917612143,1.0732733055225465
KO,2025-09-04,0.03,16.0,0.0,0.06916470917612143,1.0732733055225465
KO,2025-09-04,0.3,0.25,0.06932528093812776,0.015378574896174889,1.0732733055225465
KO,2025-09-04,0.3,0.5,0.06076317303444284,0.021138858502847278,1.0732733055225465
KO,2025-09-04,0.3,1.0,0.04818050290812293,0.025292714031148612,1.0732733055225465
KO,2025-09-04,0.3,2.0,0.029847930207944434,0.026102791154952735,1.0732733055225465
KO,2025-09-04,0.3,4.0,0.007530925372040656,0.061595804056984504,1.0732733055225465
KO,2025-09-04,0.3,8.0,0.0,0.06916470917612143,1.0732733055225465
KO,2025-09-04,0.3,16.0,0.0,0.06916470917612143,1.0732733055225465
KO,2025-09-04,3.0,0.25,0.08993693665646928,0.01406182016494803,1.0732733055225465
KO,2025-09-04,3.0,0.5,0.07088481003370287,0.015039270587079602,1.0732733055225465
KO,2025-09-04,3.0,1.0,0.06166650453014081,0.020246272815659334,1.0732733055225465
KO,2025-09-04,3.0,2.0,0.049984007697621846,0.026224358142765646,1.0732733055225465
KO,2025-09-04,3.0,4.0,0.031447669391750505,0.023890434800344352,1.0732733055225465
KO,2025-09-04,3.0,8.0,0.010765878776087683,0.059191292907758465,1.0732733055225465
KO,2025-09-04,3.0,16.0,0.0,0.06916470917612143,1.0732733055225465
KO,2025-10-02,0.03,0.25,0.06968283150425864,0.0018782193449342782,2.3339959537032877
KO,2025-10-02,0.03,0.5,0.06890175156774356,0.0043493129045307595,2.3339959537032877
KO,2025-10-02,0.03,1.0,0.06915705061193536,0.013022380289693103,2.3339959537032877
KO,2025-10-02,0.03,2.0,0.06966764870031897,0.04540781430049295,2.3339959537032877
KO,2025-10-02,0.03,4.0,0.07051915361636601,0.14959904128412696,2.3339959537032877
KO,2025-10-02,0.03,8.0,0.07083782507777264,0.2432332433496611,2.3339959537032877
KO,2025-10-02,0.03,16.0,0.07084257233442914,0.36005478598196766,2.3339959537032877
KO,2025-10-02,0.3,0.25,0.07235298581054103,0.0010312126839219483,2.3339959537032877
KO,2025-10-02,0.3,0.5,0.06997819404676575,0.0017481468438105584,2.3339959537032877
KO,2025-10-02,0.3,1.0,0.06888345116210229,0.003920162669656484,2.3339959537032877
KO,2025-10-02,0.3,2.0,0.06912044980065282,0.011471138472779212,2.3339959537032877
KO,2025-10-02,0.3,4.0,0.0695944470777539,0.039533565278005174,2.3339959537032877
KO,2025-10-02,0.3,8.0,0.07042691257418482,0.13471994698722733,2.3339959537032877
KO,2025-10-02,0.3,16.0,0.07083748478381358,0.23799776400888487,2.3339959537032877
KO,2025-10-02,3.0,0.25,0.07910816274889457,0.0007199554055271694,2.3339959537032877
KO,2025-10-02,3.0,0.5,0.07276924599186887,0.000985355309501724,2.3339959537032877
KO,2025-10-02,3.0,1.0,0.07025238434259945,0.0016351872698312183,2.3339959537032877
KO,2025-10-02,3.0,2.0,0.06886646257040728,0.00354483038866675,2.3339959537032877
KO,2025-10-02,3.0,4.0,0.06908647261726279,0.0101233151602034,2.3339959537032877
KO,2025-10-02,3.0,8.0,0.06952649271097383,0.034449283650469925,2.3339959537032877
KO,2025-10-02,3.0,16.0,0.07033706873018705,0.12128177336273759,2.3339959537032877
KO,2025-10-30,0.03,0.25,0.061128576726319515,0.005761594517761425,1.727719822792072
KO,2025-10-30,0.03,0.5,0.05082270214911138,0.01197961757454159,1.727719822792072
KO,2025-10-30,0.03,1.0,0.0438587994649116,0.027549047599132615,1.727719822792072
KO,2025-10-30,0.03,2.0,0.03028579677648336,0.061119104143736024,1.727719822792072
KO,2025-10-30,0.03,4.0,0.002511085706680966,0.14983470774216234,1.727719822792072
KO,2025-10-30,0.03,8.0,0.0,0.1580036389158355,1.727719822792072
KO,2025-10-30,0.03,16.0,0.0,0.1580036389158355,1.727719822792072
KO,2025-10-30,0.3,0.25,0.07314687315274299,0.0037146833003085422,1.727719822792072
KO,2025-10-30,0.3,0.5,0.0621701066694403,0.005459460846474342,1.727719822792072
KO,2025-10-30,0.3,1.0,0.051333968225231605,0.010849903543372376,1.727719822792072
KO,2025-10-30,0.3,2.0,0.04483174260989889,0.026645960977273727,1.727719822792072
KO,2025-10-30,0.3,4.0,0.03223168306645794,0.05390307949003801,1.727719822792072
KO,2025-10-30,0.3,8.0,0.006531637453928703,0.1375213904853133,1.727719822792072
KO,2025-10-30,0.3,16.0,0.0,0.1580036389158355,1.727719822792072
KO,2025-10-30,3.0,0.25,0.08256536071911028,0.002945388515543677,1.727719822792072
KO,2025-10-30,3.0,0.5,0.07417243307150352,0.0036349918631581827,1.727719822792072
KO,2025-10-30,3.0,1.0,0.06313992513332373,0.005159246266741368,1.727719822792072
KO,2025-10-30,3.0,2.0,0.05181088632251642,0.009864960926857303,1.727719822792072
KO,2025-10-30,3.0,4.0,0.0457433432269766,0.025438225681592926,1.727719822792072
KO,2025-10-30,3.0,8.0,0.03403808388146318,0.04792430072086675,1.727719822792072
KO,2025-10-30,3.0,16.0,0.01026398707292618,0.12738174555215484,1.727719822792072
KO,2025-11-28,0.03,0.25,0.061933891423097326,0.012386361995697292,1.7112531559265343
KO,2025-11-28,0.03,0.5,0.041827200442052306,0.02492044242845961,1.7112531559265343
KO,2025-11-28,0.03,1.0,0.016247450110107583,0.041331320331438444,1.7112531559265343
KO,2025-11-28,0.03,2.0,0.0013126266535686028,0.06005656114963501,1.7112531559265343
KO,2025-11-28,0.03,4.0,0.0,0.06439383357537262,1.7112531559265343
KO,2025-11-28,0.03,8.0,0.0,0.06439383357537262,1.7112531559265343
KO,2025-11-28,0.03,16.0,0.0,0.06439383357537262,1.7112531559265343
KO,2025-11-28,0.3,0.25,0.08009394824132308,0.007741802790924743,1.7112531559265343
KO,2025-11-28,0.3,0.5,0.06379495346625103,0.011696121512576345,1.7112531559265343
KO,2025-11-28,0.3,1.0,0.04466615242120749,0.023008495349131408,1.7112531559265343
KO,2025-11-28,0.3,2.0,0.01728569088788129,0.04158026907627663,1.7112531559265343
KO,2025-11-28,0.3,4.0,0.003538447107982995,0.05348554442186164,1.7112531559265343
KO,2025-11-28,0.3,8.0,0.0,0.06439383357537262,1.7112531559265343
KO,2025-11-28,0.3,16.0,0.0,0.06439383357537262,1.7112531559265343
KO,2025-11-28,3.0,0.25,0.09392697906379154,0.006322637072456611,1.7112531559265343
KO,2025-11-28,3.0,0.5,0.08194445039212267,0.007528218143931753,1.7112531559265343
KO,2025-11-28,3.0,1.0,0.0655225776195497,0.011085803542689414,1.7112531559265343
KO,2025-11-28,3.0,2.0,0.04729349907931084,0.02110004468716927,1.7112531559265343
KO,2025-11-28,3.0,4.0,0.01824950824802446,0.041902669444290566,1.7112531559265343
KO,2025-11-28,3.0,8.0,0.005604715781350347,0.04826802164022898,1.7112531559265343
KO,2025-11-28,3.0,16.0,0.0,0.06439383357537262,1.7112531559265343
KO,2025-12-29,0.03,0.25,0.08398944465625688,0.0013070630220982863,2.2314714054142484
KO,2025-12-29,0.03,0.5,0.07605962427954632,0.002892922292588347,2.2314714054142484
KO,2025-12-29,0.03,1.0,0.0754294020740785,0.010977569358213916,2.2314714054142484
KO,2025-12-29,0.03,2.0,0.07609654543758151,0.05206810091927941,2.2314714054142484
KO,2025-12-29,0.03,4.0,0.07705483870917412,0.12887157167519436,2.2314714054142484
KO,2025-12-29,0.03,8.0,0.07775236188087056,0.17169858067408897,2.2314714054142484
KO,2025-12-29,0.03,16.0,0.07819047900692869,0.19641335746142238,2.2314714054142484
KO,2025-12-29,0.3,0.25,0.09073008759266321,0.0008174274919596127,2.2314714054142484
KO,2025-12-29,0.3,0.5,0.08455513370906383,0.0012413883458616956,2.2314714054142484
KO,2025-12-29,0.3,1.0,0.07719758643747798,0.0025806942804334943,2.2314714054142484
KO,2025-12-29,0.3,2.0,0.07538157974786638,0.009313467037240779,2.2314714054142484
KO,2025-12-29,0.3,4.0,0.07600090078515727,0.04412870321588141,2.2314714054142484
KO,2025-12-29,0.3,8.0,0.07695864082901185,0.12177639101653993,2.2314714054142484
KO,2025-12-29,0.3,16.0,0.07768067285006533,0.16610551179745353,2.2314714054142484
KO,2025-12-29,3.0,0.25,0.09555933149206018,0.0007334855776190501,2.2314714054142484
KO,2025-12-29,3.0,0.5,0.09128770445475257,0.0007971315429604231,2.2314714054142484
KO,2025-12-29,3.0,1.0,0.08508027290722497,0.001190906797866055,2.2314714054142484
KO,2025-12-29,3.0,2.0,0.07825655284301233,0.002328051955866389,2.2314714054142484
KO,2025-12-29,3.0,4.0,0.07533718543279766,0.007922074650598847,2.2314714054142484
KO,2025-12-29,3.0,8.0,0.07591211215501983,0.03737211272498626,2.2314714054142484
KO,2025-12-29,3.0,16.0,0.07686714242061651,0.11543269344139119,2.2314714054142484
KO,2026-01-28,0.03,0.25,0.09799855493653316,0.003023024563990791,1.3586000688531021
KO,2026-01-28,0.03,0.5,0.07831057390707372,0.007873854883663163,1.3586000688531021
KO,2026-01-28,0.03,1.0,0.0675700210649895,0.022942648773605676,1.3586000688531021
KO,2026-01-28,0.03,2.0,0.061618478186170486,0.05591654278407044,1.3586000688531021
KO,2026-01-28,0.03,4.0,0.048923798511958876,0.1470068696983643,1.3586000688531021
KO,2026-01-28,0.03,8.0,0.02232675662010311,0.28159729976309106,1.3586000688531021
KO,2026-01-28,0.03,16.0,0.0,0.3837522927729196,1.3586000688531021
KO,2026-01-28,0.3,0.25,0.11812505434331726,0.0019562842780280676,1.3586000688531021
KO,2026-01-28,0.3,0.5,0.10028193541835999,0.0028268034100605937,1.3586000688531021
KO,2026-01-28,0.3,1.0,0.08072739287210598,0.006986100703549663,1.3586000688531021
KO,2026-01-28,0.3,2.0,0.06797168763625755,0.02032982114991317,1.3586000688531021
KO,2026-01-28,0.3,4.0,0.06249135725347201,0.05034276548956225,1.3586000688531021
KO,2026-01-28,0.3,8.0,0.05079821619552892,0.13300672912472622,1.3586000688531021
KO,2026-01-28,0.3,16.0,0.026173688688215773,0.2651004195096809,1.3586000688531021
KO,2026-01-28,3.0,0.25,0.13368434227632497,0.0017482232148202921,1.3586000688531021
KO,2026-01-28,3.0,0.5,0.11985338055253004,0.0019148710183538782,1.3586000688531021
KO,2026-01-28,3.0,1.0,0.10251994355325128,0.002656957393413585,1.3586000688531021
KO,2026-01-28,3.0,2.0,0.08297096885629743,0.006235091686752759,1.3586000688531021
KO,2026-01-28,3.0,4.0,0.06834456185066419,0.018115394400236205,1.3586000688531021
KO,2026-01-28,3.0,8.0,0.06328283091550385,0.04473313087869399,1.3586000688531021
KO,2026-01-28,3.0,16.0,0.0525180448380725,0.11965011182773234,1.3586000688531021
KO,2026-02-26,0.03,0.25,0.055321114994609434,0.002104936990449654,2.8424788482182506
KO,2026-02-26,0.03,0.5,0.04445206840036825,0.0046951923032837704,2.8424788482182506
KO,2026-02-26,0.03,1.0,0.03633278548752694,0.010375898859455286,2.8424788482182506
KO,2026-02-26,0.03,2.0,0.020427541593907035,0.019297725384586715,2.8424788482182506
KO,2026-02-26,0.03,4.0,0.0,0.057247750525909774,2.8424788482182506
KO,2026-02-26,0.03,8.0,0.0,0.057247750525909774,2.8424788482182506
KO,2026-02-26,0.03,16.0,0.0,0.057247750525909774,2.8424788482182506
KO,2026-02-26,0.3,0.25,0.06824690839954392,0.0011278707788460313,2.8424788482182506
KO,2026-02-26,0.3,0.5,0.056590063207612236,0.001955695463626419,2.8424788482182506
KO,2026-02-26,0.3,1.0,0.045043829547383944,0.004310965325732916,2.8424788482182506
KO,2026-02-26,0.3,2.0,0.037483893659589276,0.009729529389253993,2.8424788482182506
KO,2026-02-26,0.3,4.0,0.022707229877133438,0.018148988345990207,2.8424788482182506
KO,2026-02-26,0.3,8.0,0.0,0.057247750525909774,2.8424788482182506
KO,2026-02-26,0.3,16.0,0.0,0.057247750525909774,2.8424788482182506
KO,2026-02-26,3.0,0.25,0.07912034485873853,0.0009066340211584489,2.8424788482182506
KO,2026-02-26,3.0,0.5,0.06954467210187984,0.001109041338259043,2.8424788482182506
KO,2026-02-26,3.0,1.0,0.058034116753337354,0.001819248891152086,2.8424788482182506
KO,2026-02-26,3.0,2.0,0.04589024776533303,0.003979108561237636,2.8424788482182506
KO,2026-02-26,3.0,4.0,0.038552487827134274,0.009284821093058832,2.8424788482182506
KO,2026-02-26,3.0,8.0,0.02482484314150747,0.017751673168344726,2.8424788482182506
KO,2026-02-26,3.0,16.0,0.0,0.057247750525909774,2.8424788482182506
KO,2026-03-26,0.03,0.25,0.09044298268122779,0.0022320227834546937,2.26349907630752
KO,2026-03-26,0.03,0.5,0.0819035109421804,0.004046088103440546,2.26349907630752
KO,2026-03-26,0.03,1.0,0.07818439920225274,0.01205008707916619,2.26349907630752
KO,2026-03-26,0.03,2.0,0.07876897813135189,0.060949405452580124,2.26349907630752
KO,2026-03-26,0.03,4.0,0.07957234358368413,0.25676742428606864,2.26349907630752
KO,2026-03-26,0.03,8.0,0.07993267381878263,0.3047032008026362,2.26349907630752
KO,2026-03-26,0.03,16.0,0.08017000385663907,0.30902438814429317,2.26349907630752
KO,2026-03-26,0.3,0.25,0.10243195860058807,0.0025243885035684016,2.26349907630752
KO,2026-03-26,0.3,0.5,0.09105284108538927,0.002019401286204582,2.26349907630752
KO,2026-03-26,0.3,1.0,0.0831333222126206,0.003997479985042716,2.26349907630752
KO,2026-03-26,0.3,2.0,0.07814249527908798,0.010176846253253609,2.26349907630752
KO,2026-03-26,0.3,4.0,0.07868517028502237,0.051329989491125064,2.26349907630752
KO,2026-03-26,0.3,8.0,0.07951119781110581,0.22678904130637345,2.26349907630752
KO,2026-03-26,0.3,16.0,0.07990388674753493,0.304538933054922,2.26349907630752
KO,2026-03-26,3.0,0.25,0.11255870323403167,0.0032722536941891755,2.26349907630752
KO,2026-03-26,3.0,0.5,0.1033251153204569,0.002611972302202835,2.26349907630752
KO,2026-03-26,3.0,1.0,0.09181424357075696,0.0018458134923526276,2.26349907630752
KO,2026-03-26,3.0,2.0,0.08427540798657493,0.004029063806683744,2.26349907630752
KO,2026-03-26,3.0,4.0,0.07810359512271874,0.008633287462631615,2.26349907630752
KO,2026-03-26,3.0,8.0,0.0786073699722839,0.04318173054630366,2.26349907630752
KO,2026-03-26,3.0,16.0,0.07944461714064466,0.19886460701323197,2.26349907630752
KO,2026-04-24,0.03,0.25,0.09052312425118164,0.002248964837005901,3.3798400772952335
KO,2026-04-24,0.03,0.5,0.08378071532647484,0.005381516952920015,3.3798400772952335
KO,2026-04-24,0.03,1.0,0.08057779964054569,0.015443899802002352,3.3798400772952335
KO,2026-04-24,0.03,2.0,0.08103574470616551,0.05833118496539909,3.3798400772952335
KO,2026-04-24,0.03,4.0,0.08182753089606327,0.18859183627347373,3.3798400772952335
KO,2026-04-24,0.03,8.0,0.08241815930153912,0.3751783587337348,3.3798400772952335
KO,2026-04-24,0.03,16.0,0.08272926302908302,0.6637106034592384,3.3798400772952335
KO,2026-04-24,0.3,0.25,0.09727756675042346,0.00246304037341461,3.3798400772952335
KO,2026-04-24,0.3,0.5,0.09100965908573838,0.002112813474509648,3.3798400772952335
KO,2026-04-24,0.3,1.0,0.08474539971164938,0.004810054102798707,3.3798400772952335
KO,2026-04-24,0.3,2.0,0.08054497311552367,0.013576953917090366,3.3798400772952335
KO,2026-04-24,0.3,4.0,0.08097009165612148,0.05025257569481471,3.3798400772952335
KO,2026-04-24,0.3,8.0,0.08174749342316476,0.17674284040276975,3.3798400772952335
KO,2026-04-24,0.3,16.0,0.08237720823092484,0.3440918000259084,3.3798400772952335
KO,2026-04-24,3.0,0.25,0.10521257059384241,0.00316693769191515,3.3798400772952335
KO,2026-04-24,3.0,0.5,0.09805004360396692,0.0025397300206138895,3.3798400772952335
KO,2026-04-24,3.0,1.0,0.09146131801678686,0.002003860888397157,3.3798400772952335
KO,2026-04-24,3.0,2.0,0.08563891207873822,0.004318371046742369,3.3798400772952335
KO,2026-04-24,3.0,4.0,0.08051449966912597,0.011988392085885357,3.3798400772952335
KO,2026-04-24,3.0,8.0,0.08090914476332609,0.043331287991593276,3.3798400772952335
KO,2026-04-24,3.0,16.0,0.08167319321506952,0.166657284561482,3.3798400772952335
KO,2026-05-22,0.03,0.25,0.13060749132363852,0.008707178795417757,3.584642281149478
KO,2026-05-22,0.03,0.5,0.10498679906135565,0.014634589190998297,3.584642281149478
KO,2026-05-22,0.03,1.0,0.08556927574828097,0.028429834106505045,3.584642281149478
KO,2026-05-22,0.03,2.0,0.08584918793798937,0.12858245231446103,3.584642281149478
KO,2026-05-22,0.03,4.0,0.08626659235638048,0.5319490449577644,3.584642281149478
KO,2026-05-22,0.03,8.0,0.08625157518396376,0.8576168857623082,3.584642281149478
KO,2026-05-22,0.03,16.0,0.08614195576618688,0.9980916613316432,3.584642281149478
KO,2026-05-22,0.3,0.25,0.16210315958964588,0.007467011114423586,3.584642281149478
KO,2026-05-22,0.3,0.5,0.13295704498657543,0.008532865964843827,3.584642281149478
KO,2026-05-22,0.3,1.0,0.10867246937723024,0.013632470415487872,3.584642281149478
KO,2026-05-22,0.3,2.0,0.0855492110174011,0.02506417650259104,3.584642281149478
KO,2026-05-22,0.3,4.0,0.08580905847622963,0.10812757122229605,3.584642281149478
KO,2026-05-22,0.3,8.0,0.08624732227375526,0.4793069072793577,3.584642281149478
KO,2026-05-22,0.3,16.0,0.08627553732025212,0.8297947105715024,3.584642281149478
KO,2026-05-22,3.0,0.25,0.18283254556321404,0.007434380567645421,3.584642281149478
KO,2026-05-22,3.0,0.5,0.16486462878301564,0.007422524369027939,3.584642281149478
KO,2026-05-22,3.0,1.0,0.1358898206241869,0.008512319032680559,3.584642281149478
KO,2026-05-22,3.0,2.0,0.1120840481571122,0.01260911427123564,3.584642281149478
KO,2026-05-22,3.0,4.0,0.0855305845712408,0.022396386486349854,3.584642281149478
KO,2026-05-22,3.0,8.0,0.08577180558390902,0.0909653806249562,3.584642281149478
KO,2026-05-22,3.0,16.0,0.08622943351368803,0.4343193830084925,3.584642281149478
PEP,2024-10-16,0.03,0.25,0.08922517888870617,0.00814809192082551,4.484499856014494
PEP,2024-10-16,0.03,0.5,0.08077238540015082,0.01730937744805695,4.484499856014494
PEP,2024-10-16,0.03,1.0,0.06416997451498441,0.04249482140198864,4.484499856014494
PEP,2024-10-16,0.03,2.0,0.032000750353506954,0.03791122219123767,4.484499856014494
PEP,2024-10-16,0.03,4.0,0.0,0.057253574714792636,4.484499856014494
PEP,2024-10-16,0.03,8.0,0.0,0.057253574714792636,4.484499856014494
PEP,2024-10-16,0.03,16.0,0.0,0.057253574714792636,4.484499856014494
PEP,2024-10-16,0.3,0.25,0.09970655483205043,0.004960690558290242,4.484499856014494
PEP,2024-10-16,0.3,0.5,0.08983618960508415,0.007625699274554461,4.484499856014494
PEP,2024-10-16,0.3,1.0,0.08197673601111055,0.015791393609092055,4.484499856014494
PEP,2024-10-16,0.3,2.0,0.06652944266398356,0.03819148815541245,4.484499856014494
PEP,2024-10-16,0.3,4.0,0.03654114244953286,0.04414995853377543,4.484499856014494
PEP,2024-10-16,0.3,8.0,0.0,0.057253574714792636,4.484499856014494
PEP,2024-10-16,0.3,16.0,0.0,0.057253574714792636,4.484499856014494
PEP,2024-10-16,3.0,0.25,0.10801629496360583,0.003985870799611691,4.484499856014494
PEP,2024-10-16,3.0,0.5,0.1005964012060023,0.004818507095112241,4.484499856014494
PEP,2024-10-16,3.0,1.0,0.09066328587537681,0.00715721509063019,4.484499856014494
PEP,2024-10-16,3.0,2.0,0.08309475608062765,0.014470554393959702,4.484499856014494
PEP,2024-10-16,3.0,4.0,0.06872858313056196,0.034387626277028745,4.484499856014494
PEP,2024-10-16,3.0,8.0,0.04075606910016038,0.05203389120212194,4.484499856014494
PEP,2024-10-16,3.0,16.0,0.0,0.057253574714792636,4.484499856014494
PEP,2024-11-13,0.03,0.25,0.1140700936921234,0.012096619450881451,4.3598827056276726
PEP,2024-11-13,0.03,0.5,0.09068023601446797,0.010658126965931004,4.3598827056276726
PEP,2024-11-13,0.03,1.0,0.06195682576755958,0.028459240091351146,4.3598827056276726
PEP,2024-11-13,0.03,2.0,0.03074914664594864,0.08278069550340726,4.3598827056276726
PEP,2024-11-13,0.03,4.0,0.0,0.2725708105968124,4.3598827056276726
PEP,2024-11-13,0.03,8.0,0.0,0.2725708105968124,4.3598827056276726
PEP,2024-11-13,0.03,16.0,0.0,0.2725708105968124,4.3598827056276726
PEP,2024-11-13,0.3,0.25,0.13742854338949806,0.01566917526075384,4.3598827056276726
PEP,2024-11-13,0.3,0.5,0.11574750220382468,0.012444875540025312,4.3598827056276726
PEP,2024-11-13,0.3,1.0,0.09402780148389918,0.010718534455408074,4.3598827056276726
PEP,2024-11-13,0.3,2.0,0.06422342658886997,0.02402043935924736,4.3598827056276726
PEP,2024-11-13,0.3,4.0,0.03515934310599072,0.06874114360099556,4.3598827056276726
PEP,2024-11-13,0.3,8.0,0.0,0.2725708105968124,4.3598827056276726
PEP,2024-11-13,0.3,16.0,0.0,0.2725708105968124,4.3598827056276726
PEP,2024-11-13,3.0,0.25,0.1552415223989792,0.018181755240868985,4.3598827056276726
PEP,2024-11-13,3.0,0.5,0.13920739030007576,0.015983061307077242,4.3598827056276726
PEP,2024-11-13,3.0,1.0,0.1175964160123058,0.012796981889620668,4.3598827056276726
PEP,2024-11-13,3.0,2.0,0.0971354059844391,0.010963231493051444,4.3598827056276726
PEP,2024-11-13,3.0,4.0,0.06632757251574575,0.02057610813084403,4.3598827056276726
PEP,2024-11-13,3.0,8.0,0.0392534068345847,0.05887925914431205,4.3598827056276726
PEP,2024-11-13,3.0,16.0,0.0,0.2725708105968124,4.3598827056276726
PEP,2024-12-12,0.03,0.25,0.09598291376993563,0.010622348050621818,4.630748542464852
PEP,2024-12-12,0.03,0.5,0.07905836202020672,0.01871925959156633,4.630748542464852
PEP,2024-12-12,0.03,1.0,0.05434103543273064,0.026248400906014893,4.630748542464852
PEP,2024-12-12,0.03,2.0,0.028011768429425713,0.04644749842663587,4.630748542464852
PEP,2024-12-12,0.03,4.0,0.0,0.09427520353297941,4.630748542464852
PEP,2024-12-12,0.03,8.0,0.0,0.09427520353297941,4.630748542464852
PEP,2024-12-12,0.03,16.0,0.0,0.09427520353297941,4.630748542464852
PEP,2024-12-12,0.3,0.25,0.10758486366587942,0.007487839322834852,4.630748542464852
PEP,2024-12-12,0.3,0.5,0.09719240645373849,0.010079449517730108,4.630748542464852
PEP,2024-12-12,0.3,1.0,0.08148710742700178,0.01727314642067134,4.630748542464852
PEP,2024-12-12,0.3,2.0,0.05627170117061365,0.02509292542109589,4.630748542464852
PEP,2024-12-12,0.3,4.0,0.031716174429978636,0.04419271524713271,4.630748542464852
PEP,2024-12-12,0.3,8.0,0.0,0.09427520353297941,4.630748542464852
PEP,2024-12-12,0.3,16.0,0.0,0.09427520353297941,4.630748542464852
PEP,2024-12-12,3.0,0.25,0.12249889907305792,0.007292549059861547,4.630748542464852
PEP,2024-12-12,3.0,0.5,0.10930331932423028,0.007337950641822577,4.630748542464852
PEP,2024-12-12,3.0,1.0,0.09831520000083366,0.00961385004802787,4.630748542464852
PEP,2024-12-12,3.0,2.0,0.08374101367045346,0.016048118015086633,4.630748542464852
PEP,2024-12-12,3.0,4.0,0.05807057117613805,0.023887221174150434,4.630748542464852
PEP,2024-12-12,3.0,8.0,0.03519025581664813,0.04016069530872148,4.630748542464852
PEP,2024-12-12,3.0,16.0,0.0,0.09427520353297941,4.630748542464852
PEP,2025-01-14,0.03,0.25,0.2159419283016244,0.0483234204843458,5.017618384634139
PEP,2025-01-14,0.03,0.5,0.18630217443047356,0.0662142435143615,5.017618384634139
PEP,2025-01-14,0.03,1.0,0.15653706699684944,0.08082562963055286,5.017618384634139
PEP,2025-01-14,0.03,2.0,0.1446036822797661,0.18439468809902984,5.017618384634139
PEP,2025-01-14,0.03,4.0,0.1410011348360155,0.7688113516284288,5.017618384634139
PEP,2025-01-14,0.03,8.0,0.1310880168314012,2.1881117705242334,5.017618384634139
PEP,2025-01-14,0.03,16.0,0.11007886388365455,2.7969731242814473,5.017618384634139
PEP,2025-01-14,0.3,0.25,0.24548662269838115,0.038095068026885864,5.017618384634139
PEP,2025-01-14,0.3,0.5,0.21923593033120317,0.04648432153968132,5.017618384634139
PEP,2025-01-14,0.3,1.0,0.18965947710439696,0.0653803872087017,5.017618384634139
PEP,2025-01-14,0.3,2.0,0.16016437398415861,0.0780546375685179,5.017618384634139
PEP,2025-01-14,0.3,4.0,0.14485334394390104,0.16196975441446737,5.017618384634139
PEP,2025-01-14,0.3,8.0,0.14157356063672677,0.6580203182090207,5.017618384634139
PEP,2025-01-14,0.3,16.0,0.1325779011515283,2.1311106476518042,5.017618384634139
PEP,2025-01-14,3.0,0.25,0.2656575345044285,0.03233744678367586,5.017618384634139
PEP,2025-01-14,3.0,0.5,0.24789079588135532,0.03727527147762772,5.017618384634139
PEP,2025-01-14,3.0,1.0,0.2223299258928408,0.04483057097299963,5.017618384634139
PEP,2025-01-14,3.0,2.0,0.19277612082486523,0.06484978675935112,5.017618384634139
PEP,2025-01-14,3.0,4.0,0.16353166750583453,0.07636097811075933,5.017618384634139
PEP,2025-01-14,3.0,8.0,0.14508510930238702,0.1435838183768669,5.017618384634139
PEP,2025-01-14,3.0,16.0,0.1420723545918149,0.5617923071262841,5.017618384634139
PEP,2025-02-12,0.03,0.25,0.23608454465912748,0.04541702248850849,5.293335216921709
PEP,2025-02-12,0.03,0.5,0.18385321279350547,0.05360347726216971,5.293335216921709
PEP,2025-02-12,0.03,1.0,0.11299163661680216,0.11588022575793464,5.293335216921709
PEP,2025-02-12,0.03,2.0,0.09627422040111078,0.2987691707253496,5.293335216921709
PEP,2025-02-12,0.03,4.0,0.06564973568061375,0.7262747847072885,5.293335216921709
PEP,2025-02-12,0.03,8.0,0.0017686014769084906,2.4693965741432136,5.293335216921709
PEP,2025-02-12,0.03,16.0,0.0,2.5213004883177903,5.293335216921709
PEP,2025-02-12,0.3,0.25,0.2807946085158196,0.04892815351236262,5.293335216921709
PEP,2025-02-12,0.3,0.5,0.2404759925168867,0.04572383189990487,5.293335216921709
PEP,2025-02-12,0.3,1.0,0.18953069663235034,0.051058353837344625,5.293335216921709
PEP,2025-02-12,0.3,2.0,0.12039898119961435,0.10723161053600694,5.293335216921709
PEP,2025-02-12,0.3,4.0,0.09846579429518648,0.260300578852543,5.293335216921709
PEP,2025-02-12,0.3,8.0,0.0701189274813785,0.6476941511629568,5.293335216921709
PEP,2025-02-12,0.3,16.0,0.01102304436632462,2.1339836366664993,5.293335216921709
PEP,2025-02-12,3.0,0.25,0.310519376145957,0.052822402390337905,5.293335216921709
PEP,2025-02-12,3.0,0.5,0.28427160014488967,0.049312550742455746,5.293335216921709
PEP,2025-02-12,3.0,1.0,0.24502840504952303,0.046032889551541854,5.293335216921709
PEP,2025-02-12,3.0,2.0,0.1949798230464685,0.04922536165817519,5.293335216921709
PEP,2025-02-12,3.0,4.0,0.12733114986787322,0.09557670239549237,5.293335216921709
PEP,2025-02-12,3.0,8.0,0.10050027127814229,0.22919048504889608,5.293335216921709
PEP,2025-02-12,3.0,16.0,0.07419637061521259,0.5728048686654019,5.293335216921709
PEP,2025-03-13,0.03,0.25,0.10987041809421219,0.019455874633425796,5.983945677076419
PEP,2025-03-13,0.03,0.5,0.08203181274309741,0.03156401235936174,5.983945677076419
PEP,2025-03-13,0.03,1.0,0.0643293720006628,0.07190025227947305,5.983945677076419
PEP,2025-03-13,0.03,2.0,0.04480451736263571,0.11012519923264709,5.983945677076419
PEP,2025-03-13,0.03,4.0,0.0067080656626914825,0.4458662335189546,5.983945677076419
PEP,2025-03-13,0.03,8.0,0.0,0.5624953427771401,5.983945677076419
PEP,2025-03-13,0.03,16.0,0.0,0.5624953427771401,5.983945677076419
PEP,2025-03-13,0.3,0.25,0.13438605698046335,0.020996425418677054,5.983945677076419
PEP,2025-03-13,0.3,0.5,0.11255768163399711,0.020018761809334904,5.983945677076419
PEP,2025-03-13,0.3,1.0,0.08591171930541723,0.02942122237823277,5.983945677076419
PEP,2025-03-13,0.3,2.0,0.06576000589191548,0.06469117710303456,5.983945677076419
PEP,2025-03-13,0.3,4.0,0.047560213391641744,0.10953579803688096,5.983945677076419
PEP,2025-03-13,0.3,8.0,0.012162022616294227,0.36303142462217197,5.983945677076419
PEP,2025-03-13,0.3,16.0,0.0,0.5624953427771401,5.983945677076419
PEP,2025-03-13,3.0,0.25,0.152292377146857,0.01939722994340319,5.983945677076419
PEP,2025-03-13,3.0,0.5,0.1364064214032268,0.020741016279018292,5.983945677076419
PEP,2025-03-13,3.0,1.0,0.11505369074322858,0.020605082057255895,5.983945677076419
PEP,2025-03-13,3.0,2.0,0.08951718950636915,0.027555012137032455,5.983945677076419
PEP,2025-03-13,3.0,4.0,0.06711178060817799,0.05770864440323043,5.983945677076419
PEP,2025-03-13,3.0,8.0,0.05011837497505487,0.11203066138074015,5.983945677076419
PEP,2025-03-13,3.0,16.0,0.01719160271296972,0.2943152278624824,5.983945677076419
PEP,2025-04-10,0.03,0.25,0.08163978762828197,0.014564707993944503,6.05287238972109
PEP,2025-04-10,0.03,0.5,0.07381204510578086,0.020601906055351654,6.05287238972109
PEP,2025-04-10,0.03,1.0,0.06393833615326733,0.02619755577204119,6.05287238972109
PEP,2025-04-10,0.03,2.0,0.044729437585759785,0.06073152136146027,6.05287238972109
PEP,2025-04-10,0.03,4.0,0.007056250600686695,0.31246111791436176,6.05287238972109
PEP,2025-04-10,0.03,8.0,0.0,0.39497064284423195,6.05287238972109
PEP,2025-04-10,0.03,16.0,0.0,0.39497064284423195,6.05287238972109
PEP,2025-04-10,0.3,0.25,0.09495229348783282,0.017912133210960638,6.05287238972109
PEP,2025-04-10,0.3,0.5,0.08315773154894202,0.015016996156423525,6.05287238972109
PEP,2025-04-10,0.3,1.0,0.0745352010865501,0.018973878774045737,6.05287238972109
PEP,2025-04-10,0.3,2.0,0.06533683555733855,0.026299943623044497,6.05287238972109
PEP,2025-04-10,0.3,4.0,0.04744018286603172,0.052107858254552844,6.05287238972109
PEP,2025-04-10,0.3,8.0,0.012475141681968747,0.255470699945917,6.05287238972109
PEP,2025-04-10,0.3,16.0,0.0,0.39497064284423195,6.05287238972109
PEP,2025-04-10,3.0,0.25,0.10618412896865441,0.015482674469273162,6.05287238972109
PEP,2025-04-10,3.0,0.5,0.09630285987339833,0.017566245157563807,6.05287238972109
PEP,2025-04-10,3.0,1.0,0.08456618351072713,0.015469092751882242,6.05287238972109
PEP,2025-04-10,3.0,2.0,0.0752065196316099,0.017578031343325584,6.05287238972109
PEP,2025-04-10,3.0,4.0,0.06663508740088878,0.026846834073909552,6.05287238972109
PEP,2025-04-10,3.0,8.0,0.049972560646494184,0.04546696200600478,6.05287238972109
PEP,2025-04-10,3.0,16.0,0.017509250519700533,0.2085069578912947,6.05287238972109
PEP,2025-05-09,0.03,0.25,0.14968438770955178,0.009910827501807837,6.712005590237371
PEP,2025-05-09,0.03,0.5,0.13317823885794206,0.015757274736235446,6.712005590237371
PEP,2025-05-09,0.03,1.0,0.13010166364747364,0.03478705601478524,6.712005590237371
PEP,2025-05-09,0.03,2.0,0.1271839134928795,0.12937448519152991,6.712005590237371
PEP,2025-05-09,0.03,4.0,0.12134640462699103,0.5397338634487077,6.712005590237371
PEP,2025-05-09,0.03,8.0,0.10830966622329746,0.7344976362208189,6.712005590237371
PEP,2025-05-09,0.03,16.0,0.08208629998095653,0.7415393151243229,6.712005590237371
PEP,2025-05-09,0.3,0.25,0.1805614689386592,0.008868081336670127,6.712005590237371
PEP,2025-05-09,0.3,0.5,0.15218964600410098,0.009656068470259587,6.712005590237371
PEP,2025-05-09,0.3,1.0,0.13496049580545236,0.01467881171410247,6.712005590237371
PEP,2025-05-09,0.3,2.0,0.13031081449470056,0.03086162293315607,6.712005590237371
PEP,2025-05-09,0.3,4.0,0.12760221518733333,0.11125010475567332,6.712005590237371
PEP,2025-05-09,0.3,8.0,0.12218409166876848,0.46341828696362825,6.712005590237371
PEP,2025-05-09,0.3,16.0,0.1101894156796008,0.7342131929447532,6.712005590237371
PEP,2025-05-09,3.0,0.25,0.2016001830201018,0.008963263577170354,6.712005590237371
PEP,2025-05-09,3.0,0.5,0.18268300474180413,0.008833329229021735,6.712005590237371
PEP,2025-05-09,3.0,1.0,0.15552280373859828,0.009499020968770465,6.712005590237371
PEP,2025-05-09,3.0,2.0,0.1366149965946909,0.013797358282345813,6.712005590237371
PEP,2025-05-09,3.0,4.0,0.1305049729421064,0.02755939346687811,6.712005590237371
PEP,2025-05-09,3.0,8.0,0.127990532082145,0.09579219960815301,6.712005590237371
PEP,2025-05-09,3.0,16.0,0.1229616503622222,0.39784883999723086,6.712005590237371
PEP,2025-06-09,0.03,0.25,0.15320177324964512,0.06046254235860347,5.893837951315429
PEP,2025-06-09,0.03,0.5,0.14122647105877406,0.09343687125696509,5.893837951315429
PEP,2025-06-09,0.03,1.0,0.1417398651398174,0.18184166684746675,5.893837951315429
PEP,2025-06-09,0.03,2.0,0.14276205761465224,0.47088825346124263,5.893837951315429
PEP,2025-06-09,0.03,4.0,0.1447967173827725,1.500650542534313,5.893837951315429
PEP,2025-06-09,0.03,8.0,0.14571505415407182,2.6035405004946024,5.893837951315429
PEP,2025-06-09,0.03,16.0,0.14528665980334607,3.4517644592032948,5.893837951315429
PEP,2025-06-09,0.3,0.25,0.17722018754428318,0.05200160943277204,5.893837951315429
PEP,2025-06-09,0.3,0.5,0.15430974370666625,0.0584128167613492,5.893837951315429
PEP,2025-06-09,0.3,1.0,0.141823270948657,0.0884256931104404,5.893837951315429
PEP,2025-06-09,0.3,2.0,0.14166659210038185,0.16691530152821096,5.893837951315429
PEP,2025-06-09,0.3,4.0,0.14261551153578114,0.4201878992739282,5.893837951315429
PEP,2025-06-09,0.3,8.0,0.14451335040657973,1.3166580271818251,5.893837951315429
PEP,2025-06-09,0.3,16.0,0.14574470766580067,2.562342293486829,5.893837951315429
PEP,2025-06-09,3.0,0.25,0.19378504552397668,0.045627878482808644,5.893837951315429
PEP,2025-06-09,3.0,0.5,0.1793943874892241,0.05108428049446892,5.893837951315429
PEP,2025-06-09,3.0,1.0,0.15533829236692276,0.056560730480235216,5.893837951315429
PEP,2025-06-09,3.0,2.0,0.1430776403267371,0.08397643568771587,5.893837951315429
PEP,2025-06-09,3.0,4.0,0.14159857143605203,0.15375253240124517,5.893837951315429
PEP,2025-06-09,3.0,8.0,0.14247947020712157,0.3758964236687028,5.893837951315429
PEP,2025-06-09,3.0,16.0,0.14424126774926058,1.1562113265661431,5.893837951315429
PEP,2025-07-09,0.03,0.25,0.1665454965226676,0.0978794149612169,4.135735802505615
PEP,2025-07-09,0.03,0.5,0.15277539358240178,0.13591381111059697,4.135735802505615
PEP,2025-07-09,0.03,1.0,0.14203920994726432,0.2554267819774163,4.135735802505615
PEP,2025-07-09,0.03,2.0,0.14319872529466315,0.6360508158575993,4.135735802505615
PEP,2025-07-09,0.03,4.0,0.14492511328155333,1.593072277153867,4.135735802505615
PEP,2025-07-09,0.03,8.0,0.14570178417711468,2.4694673193598753,4.135735802505615
PEP,2025-07-09,0.03,16.0,0.14651722864272643,2.882082502031849,4.135735802505615
PEP,2025-07-09,0.3,0.25,0.1879124080609711,0.09886124168557671,4.135735802505615
PEP,2025-07-09,0.3,0.5,0.16893097561486892,0.10062605827088712,4.135735802505615
PEP,2025-07-09,0.3,1.0,0.15419520024793942,0.1292445054818527,4.135735802505615
PEP,2025-07-09,0.3,2.0,0.14195600062954836,0.23551121510842454,4.135735802505615
PEP,2025-07-09,0.3,4.0,0.14303254033339718,0.5697024585893979,4.135735802505615
PEP,2025-07-09,0.3,8.0,0.14486943977723793,1.5557772697834371,4.135735802505615
PEP,2025-07-09,0.3,16.0,0.1455904371684838,2.3030141330279523,4.135735802505615
PEP,2025-07-09,3.0,0.25,0.19829949419864484,0.0884601659392092,4.135735802505615
PEP,2025-07-09,3.0,0.5,0.18926720349101167,0.09752076844208238,4.135735802505615
PEP,2025-07-09,3.0,1.0,0.17166789160858023,0.10346794421763256,4.135735802505615
PEP,2025-07-09,3.0,2.0,0.15551323200086914,0.12330017706004576,4.135735802505615
PEP,2025-07-09,3.0,4.0,0.14187875594155575,0.21790581762858985,4.135735802505615
PEP,2025-07-09,3.0,8.0,0.14287826788129193,0.5116395450069332,4.135735802505615
PEP,2025-07-09,3.0,16.0,0.144815276832172,1.5223081293353944,4.135735802505615
PEP,2025-08-06,0.03,0.25,0.13611281193351532,0.01538892802761803,7.18494748155885
PEP,2025-08-06,0.03,0.5,0.11054284072794296,0.022809276391641032,7.18494748155885
PEP,2025-08-06,0.03,1.0,0.10329542458721189,0.03735063912145842,7.18494748155885
PEP,2025-08-06,0.03,2.0,0.08915418860591393,0.08289161481348734,7.18494748155885
PEP,2025-08-06,0.03,4.0,0.060884706824917145,0.3588920828687678,7.18494748155885
PEP,2025-08-06,0.03,8.0,0.0026987234539375803,1.3040480395891352,7.18494748155885
PEP,2025-08-06,0.03,16.0,0.0,1.3528607519253646,7.18494748155885
PEP,2025-08-06,0.3,0.25,0.17833322814871583,0.011574566767066431,7.18494748155885
PEP,2025-08-06,0.3,0.5,0.1400510548025835,0.014796942107179861,7.18494748155885
PEP,2025-08-06,0.3,1.0,0.11264997463607462,0.022293229732969638,7.18494748155885
PEP,2025-08-06,0.3,2.0,0.10432369877463475,0.03445797485663866,7.18494748155885
PEP,2025-08-06,0.3,4.0,0.0911806081935718,0.07269660145670305,7.18494748155885
PEP,2025-08-06,0.3,8.0,0.06493754600023288,0.30399322703421006,7.18494748155885
PEP,2025-08-06,0.3,16.0,0.011200492513072924,1.1586517398153566,7.18494748155885
PEP,2025-08-06,3.0,0.25,0.20215082636898507,0.011066389404595312,7.18494748155885
PEP,2025-08-06,3.0,0.5,0.18122462764653746,0.011403188358046152,7.18494748155885
PEP,2025-08-06,3.0,1.0,0.1437758095756018,0.014294963691106393,7.18494748155885
PEP,2025-08-06,3.0,2.0,0.11513457613231887,0.021828206994537396,7.18494748155885
PEP,2025-08-06,3.0,4.0,0.1052834629649392,0.03200165591535363,7.18494748155885
PEP,2025-08-06,3.0,8.0,0.09306176949962919,0.06438056530240131,7.18494748155885
PEP,2025-08-06,3.0,16.0,0.0686998686123477,0.25762234729734995,7.18494748155885
PEP,2025-09-04,0.03,0.25,0.16251503581222196,0.026732267825045262,7.808386127580588
PEP,2025-09-04,0.03,0.5,0.14427964541522087,0.03428287713758422,7.808386127580588
PEP,2025-09-04,0.03,1.0,0.11272061489643875,0.04063368140347285,7.808386127580588
PEP,2025-09-04,0.03,2.0,0.09144542153762683,0.1444529266346122,7.808386127580588
PEP,2025-09-04,0.03,4.0,0.05072628980937957,0.7894540347203333,7.808386127580588
PEP,2025-09-04,0.03,8.0,0.0,1.3638749946754651,7.808386127580588
PEP,2025-09-04,0.03,16.0,0.0,1.3638749946754651,7.808386127580588
PEP,2025-09-04,0.3,0.25,0.1923514102688222,0.023744100680497104,7.808386127580588
PEP,2025-09-04,0.3,0.5,0.16477062635514197,0.02666703242049483,7.808386127580588
PEP,2025-09-04,0.3,1.0,0.14653828769582777,0.032374358583331576,7.808386127580588
PEP,2025-09-04,0.3,2.0,0.11723685820718333,0.04106378155083992,7.808386127580588
PEP,2025-09-04,0.3,4.0,0.09436425983702604,0.12056628445199408,7.808386127580588
PEP,2025-09-04,0.3,8.0,0.056563966408177985,0.6612558533251479,7.808386127580588
PEP,2025-09-04,0.3,16.0,0.0,1.3638749946754651,7.808386127580588
PEP,2025-09-04,3.0,0.25,0.2185588586184887,0.023256812672418983,7.808386127580588
PEP,2025-09-04,3.0,0.5,0.19501551601975267,0.02361969763521281,7.808386127580588
PEP,2025-09-04,3.0,1.0,0.1672382260836363,0.026346286818907796,7.808386127580588
PEP,2025-09-04,3.0,2.0,0.14863502545358592,0.03085723812321177,7.808386127580588
PEP,2025-09-04,3.0,4.0,0.1214323847371451,0.04200031439158927,7.808386127580588
PEP,2025-09-04,3.0,8.0,0.09707386928854855,0.10106778290568132,7.808386127580588
PEP,2025-09-04,3.0,16.0,0.06198318531122303,0.5529507749910921,7.808386127580588
PEP,2025-10-02,0.03,0.25,0.18672269486073417,0.014311355042249596,6.4937779414698635
PEP,2025-10-02,0.03,0.5,0.1702027230684557,0.02268901167853127,6.4937779414698635
PEP,2025-10-02,0.03,1.0,0.14931778334701828,0.06250442265747042,6.4937779414698635
PEP,2025-10-02,0.03,2.0,0.14700209167654704,0.20474503039915126,6.4937779414698635
PEP,2025-10-02,0.03,4.0,0.14816889672562267,0.8022076493405237,6.4937779414698635
PEP,2025-10-02,0.03,8.0,0.1484254461256139,1.4627384383928925,6.4937779414698635
PEP,2025-10-02,0.03,16.0,0.1480145975773019,1.9945852260800179,6.4937779414698635
PEP,2025-10-02,0.3,0.25,0.2043970052097689,0.013345931967976067,6.4937779414698635
PEP,2025-10-02,0.3,0.5,0.18829512404785564,0.01416219699655879,6.4937779414698635
PEP,2025-10-02,0.3,1.0,0.1716986631288719,0.020680246994601456,6.4937779414698635
PEP,2025-10-02,0.3,2.0,0.15230598150478297,0.055188196450951923,6.4937779414698635
PEP,2025-10-02,0.3,4.0,0.14691845248482993,0.17798939782075945,6.4937779414698635
PEP,2025-10-02,0.3,8.0,0.1480016183421884,0.6908591271678396,6.4937779414698635
PEP,2025-10-02,0.3,16.0,0.14847420669068967,1.3773153767639896,6.4937779414698635
PEP,2025-10-02,3.0,0.25,0.22165731529458255,0.013143377291525017,6.4937779414698635
PEP,2025-10-02,3.0,0.5,0.20645225882778578,0.013283229394832891,6.4937779414698635
PEP,2025-10-02,3.0,1.0,0.1897548379991737,0.014066790040979254,6.4937779414698635
PEP,2025-10-02,3.0,2.0,0.17308291700067796,0.01893949905898692,6.4937779414698635
PEP,2025-10-02,3.0,4.0,0.15508628762768464,0.04884198662211763,6.4937779414698635
PEP,2025-10-02,3.0,8.0,0.1468408087371646,0.1550760267932503,6.4937779414698635
PEP,2025-10-02,3.0,16.0,0.14784633084685772,0.5951897479562738,6.4937779414698635
PEP,2025-10-30,0.03,0.25,0.12053952005334824,0.011630886481194914,5.056938578731336
PEP,2025-10-30,0.03,0.5,0.08313492365116147,0.017028371288140668,5.056938578731336
PEP,2025-10-30,0.03,1.0,0.05601706709698883,0.0210428306945964,5.056938578731336
PEP,2025-10-30,0.03,2.0,0.028868404766993754,0.09145816343830906,5.056938578731336
PEP,2025-10-30,0.03,4.0,0.0,0.31846397724501896,5.056938578731336
PEP,2025-10-30,0.03,8.0,0.0,0.31846397724501896,5.056938578731336
PEP,2025-10-30,0.03,16.0,0.0,0.31846397724501896,5.056938578731336
PEP,2025-10-30,0.3,0.25,0.14379640069923244,0.011167175140407621,5.056938578731336
PEP,2025-10-30,0.3,0.5,0.12364267726681545,0.011475073729168849,5.056938578731336
PEP,2025-10-30,0.3,1.0,0.0876171145551893,0.015866321606640907,5.056938578731336
PEP,2025-10-30,0.3,2.0,0.058194895690725425,0.01927792362806957,5.056938578731336
PEP,2025-10-30,0.3,4.0,0.03186780206307129,0.07672946977987277,5.056938578731336
PEP,2025-10-30,0.3,8.0,0.0,0.31846397724501896,5.056938578731336
PEP,2025-10-30,0.3,16.0,0.0,0.31846397724501896,5.056938578731336
PEP,2025-10-30,3.0,0.25,0.15726086241751147,0.011427454078756026,5.056938578731336
PEP,2025-10-30,3.0,0.5,0.14524373619358782,0.011171899348012005,5.056938578731336
PEP,2025-10-30,3.0,1.0,0.12652598791189465,0.01135439592356091,5.056938578731336
PEP,2025-10-30,3.0,2.0,0.09177803997813773,0.014933200522288616,5.056938578731336
PEP,2025-10-30,3.0,4.0,0.060216612667167484,0.018154685706593312,5.056938578731336
PEP,2025-10-30,3.0,8.0,0.03465219586247967,0.06459500332389634,5.056938578731336
PEP,2025-10-30,3.0,16.0,0.0,0.31846397724501896,5.056938578731336
PEP,2025-11-28,0.03,0.25,0.2503962435828415,0.05780055983644446,5.329752149782388
PEP,2025-11-28,0.03,0.5,0.21518411227496256,0.0901231526759982,5.329752149782388
PEP,2025-11-28,0.03,1.0,0.1931916461918827,0.14178770956167439,5.329752149782388
PEP,2025-11-28,0.03,2.0,0.15237562190586887,0.1558623833483576,5.329752149782388
PEP,2025-11-28,0.03,4.0,0.14502382085830373,0.5612964261683024,5.329752149782388
PEP,2025-11-28,0.03,8.0,0.13115062866690153,0.5923952250608491,5.329752149782388
PEP,2025-11-28,0.03,16.0,0.103404244284097,0.7124281337106056,5.329752149782388
PEP,2025-11-28,0.3,0.25,0.2706813551914915,0.04533324431998712,5.329752149782388
PEP,2025-11-28,0.3,0.5,0.2531084303349537,0.05588280105961906,5.329752149782388
PEP,2025-11-28,0.3,1.0,0.21823118671560138,0.08624768175751588,5.329752149782388
PEP,2025-11-28,0.3,2.0,0.19615628522951364,0.14337721495196007,5.329752149782388
PEP,2025-11-28,0.3,4.0,0.15818062579470898,0.14938805781385153,5.329752149782388
PEP,2025-11-28,0.3,8.0,0.14601828225727068,0.5598076851255733,5.329752149782388
PEP,2025-11-28,0.3,16.0,0.13313955146483533,0.5867529593585815,5.329752149782388
PEP,2025-11-28,3.0,0.25,0.28138767853729224,0.041176597905098436,5.329752149782388
PEP,2025-11-28,3.0,0.5,0.2719471505306054,0.044640100414052725,5.329752149782388
PEP,2025-11-28,3.0,1.0,0.255624936304146,0.05418148513406944,5.329752149782388
PEP,2025-11-28,3.0,2.0,0.22304925992116756,0.08111277841744226,5.329752149782388
PEP,2025-11-28,3.0,4.0,0.19887317352968692,0.136991828618079,5.329752149782388
PEP,2025-11-28,3.0,8.0,0.16356951404061282,0.1451832244269777,5.329752149782388
PEP,2025-11-28,3.0,16.0,0.1468477694138597,0.4903148438862019,5.329752149782388
PEP,2025-12-29,0.03,0.25,0.19325354141366097,0.019129465761543094,4.420760387769459
PEP,2025-12-29,0.03,0.5,0.17450782310013557,0.03528919049260269,4.420760387769459
PEP,2025-12-29,0.03,1.0,0.1574393360586774,0.08378118736138426,4.420760387769459
PEP,2025-12-29,0.03,2.0,0.1588605380200892,0.2717857439421528,4.420760387769459
PEP,2025-12-29,0.03,4.0,0.1613686379523296,0.8871450701451002,4.420760387769459
PEP,2025-12-29,0.03,8.0,0.1635003167280048,1.6157141550495744,4.420760387769459
PEP,2025-12-29,0.03,16.0,0.16433747682020955,1.8622903439644518,4.420760387769459
PEP,2025-12-29,0.3,0.25,0.2068868620802859,0.01300585160636461,4.420760387769459
PEP,2025-12-29,0.3,0.5,0.1950766841803478,0.01829809030436451,4.420760387769459
PEP,2025-12-29,0.3,1.0,0.17613807666424125,0.03262186478197309,4.420760387769459
PEP,2025-12-29,0.3,2.0,0.15733746112814512,0.07541458548694689,4.420760387769459
PEP,2025-12-29,0.3,4.0,0.15865678815902468,0.2366633688502107,4.420760387769459
PEP,2025-12-29,0.3,8.0,0.16112589814814382,0.8242318995630459,4.420760387769459
PEP,2025-12-29,0.3,16.0,0.16323732021808796,1.4853559456809118,4.420760387769459
PEP,2025-12-29,3.0,0.25,0.21322414820632707,0.010278250573932043,4.420760387769459
PEP,2025-12-29,3.0,0.5,0.20773079664801153,0.012640254928884133,4.420760387769459
PEP,2025-12-29,3.0,1.0,0.19677441898634862,0.01752232668886464,4.420760387769459
PEP,2025-12-29,3.0,2.0,0.17764293118242114,0.03014495345325424,4.420760387769459
PEP,2025-12-29,3.0,4.0,0.1581200986662898,0.06822174256792875,4.420760387769459
PEP,2025-12-29,3.0,8.0,0.15846764354303117,0.2065060180590614,4.420760387769459
PEP,2025-12-29,3.0,16.0,0.16084020222752007,0.7418844338050662,4.420760387769459
PEP,2026-01-28,0.03,0.25,0.21643274583493904,0.0468398516284636,3.9615824248906515
PEP,2026-01-28,0.03,0.5,0.2005515329766263,0.08227707335098487,3.9615824248906515
PEP,2026-01-28,0.03,1.0,0.1754923163731659,0.15074668731855556,3.9615824248906515
PEP,2026-01-28,0.03,2.0,0.15581299513164926,0.3691976338920806,3.9615824248906515
PEP,2026-01-28,0.03,4.0,0.15691602684227096,0.9573372181236436,3.9615824248906515
PEP,2026-01-28,0.03,8.0,0.15596885758147522,1.4481889864576478,3.9615824248906515
PEP,2026-01-28,0.03,16.0,0.15205299917317233,2.16707896219167,3.9615824248906515
PEP,2026-01-28,0.3,0.25,0.2305167284834635,0.03134583130086759,3.9615824248906515
PEP,2026-01-28,0.3,0.5,0.21770613034010305,0.044575095659748015,3.9615824248906515
PEP,2026-01-28,0.3,1.0,0.20232378667987727,0.0766036933578625,3.9615824248906515
PEP,2026-01-28,0.3,2.0,0.17906855839551417,0.13973644117724052,3.9615824248906515
PEP,2026-01-28,0.3,4.0,0.15569647487721788,0.3329168927190127,3.9615824248906515
PEP,2026-01-28,0.3,8.0,0.15681452231552287,0.8665608911305882,3.9615824248906515
PEP,2026-01-28,0.3,16.0,0.15617975519681054,1.4034320446966873,3.9615824248906515
PEP,2026-01-28,3.0,0.25,0.24609745192080168,0.025625976912802394,3.9615824248906515
PEP,2026-01-28,3.0,0.5,0.23239326210380903,0.03053518836370445,3.9615824248906515
PEP,2026-01-28,3.0,1.0,0.2188862730011862,0.04253426346054096,3.9615824248906515
PEP,2026-01-28,3.0,2.0,0.20397815216403337,0.071441577484736,3.9615824248906515
PEP,2026-01-28,3.0,4.0,0.1824013367804898,0.1295792397384728,3.9615824248906515
PEP,2026-01-28,3.0,8.0,0.15558830705484616,0.30121568202942434,3.9615824248906515
PEP,2026-01-28,3.0,16.0,0.15672029385993985,0.7878965268694096,3.9615824248906515
PEP,2026-02-26,0.03,0.25,0.08869511532587895,0.004816478809601556,5.830028934619758
PEP,2026-02-26,0.03,0.5,0.07766760406449766,0.009708236528662224,5.830028934619758
PEP,2026-02-26,0.03,1.0,0.0660973975384331,0.02447410850571794,5.830028934619758
PEP,2026-02-26,0.03,2.0,0.04371638521228851,0.06414512170833402,5.830028934619758
PEP,2026-02-26,0.03,4.0,0.0,0.16487406181199418,5.830028934619758
PEP,2026-02-26,0.03,8.0,0.0,0.16487406181199418,5.830028934619758
PEP,2026-02-26,0.03,16.0,0.0,0.16487406181199418,5.830028934619758
PEP,2026-02-26,0.3,0.25,0.10678432649346695,0.0030176858605148638,5.830028934619758
PEP,2026-02-26,0.3,0.5,0.09017565496894411,0.0046124083405230856,5.830028934619758
PEP,2026-02-26,0.3,1.0,0.07851259546302247,0.008775070604662557,5.830028934619758
PEP,2026-02-26,0.3,2.0,0.06774260392881748,0.02162580032147102,5.830028934619758
PEP,2026-02-26,0.3,4.0,0.04685892201955163,0.05746970909078666,5.830028934619758
PEP,2026-02-26,0.3,8.0,0.005725851494526189,0.13713467532337495,5.830028934619758
PEP,2026-02-26,0.3,16.0,0.0,0.16487406181199418,5.830028934619758
PEP,2026-02-26,3.0,0.25,0.11982315696963956,0.0021531321744828395,5.830028934619758
PEP,2026-02-26,3.0,0.5,0.10833585808697656,0.002911097275464526,5.830028934619758
PEP,2026-02-26,3.0,1.0,0.09178723039373403,0.004352879708779169,5.830028934619758
PEP,2026-02-26,3.0,2.0,0.07930129700778099,0.00796717984850473,5.830028934619758
PEP,2026-02-26,3.0,4.0,0.06927389456181701,0.019224951033748165,5.830028934619758
PEP,2026-02-26,3.0,8.0,0.04980641629009444,0.05116797688852408,5.830028934619758
PEP,2026-02-26,3.0,16.0,0.01166286444835295,0.1138604064367243,5.830028934619758
PEP,2026-03-26,0.03,0.25,0.1308931497180987,0.016654186133127347,7.080547345415514
PEP,2026-03-26,0.03,0.5,0.11253949193516008,0.03048691470297106,7.080547345415514
PEP,2026-03-26,0.03,1.0,0.10222473604455254,0.0881908524251739,7.080547345415514
PEP,2026-03-26,0.03,2.0,0.08223263803228033,0.1943911553047694,7.080547345415514
PEP,2026-03-26,0.03,4.0,0.04241770964126196,0.7389856338124132,7.080547345415514
PEP,2026-03-26,0.03,8.0,0.0,1.7478477365638205,7.080547345415514
PEP,2026-03-26,0.03,16.0,0.0,1.7478477365638205,7.080547345415514
PEP,2026-03-26,0.3,0.25,0.18827194964987878,0.016325023203994357,7.080547345415514
PEP,2026-03-26,0.3,0.5,0.13403178994170498,0.015639523502179703,7.080547345415514
PEP,2026-03-26,0.3,1.0,0.11327950953526138,0.028303235557108807,7.080547345415514
PEP,2026-03-26,0.3,2.0,0.1036960165128708,0.0782741517104469,7.080547345415514
PEP,2026-03-26,0.3,4.0,0.08509711411751592,0.16987321114838283,7.080547345415514
PEP,2026-03-26,0.3,8.0,0.048092154410886725,0.6286815496825399,7.080547345415514
PEP,2026-03-26,0.3,16.0,0.0,1.7478477365638205,7.080547345415514
PEP,2026-03-26,3.0,0.25,0.226712670087171,0.016864014524918834,7.080547345415514
PEP,2026-03-26,3.0,0.5,0.1931717935806055,0.016323204337161043,7.080547345415514
PEP,2026-03-26,3.0,1.0,0.1383656115894103,0.015409424824498303,7.080547345415514
PEP,2026-03-26,3.0,2.0,0.1139664810211228,0.026527939279451476,7.080547345415514
PEP,2026-03-26,3.0,4.0,0.10506988549948706,0.06828316394239096,7.080547345415514
PEP,2026-03-26,3.0,8.0,0.087756258159792,0.15001051937890494,7.080547345415514
PEP,2026-03-26,3.0,16.0,0.05335984230681527,0.5370193414263341,7.080547345415514
PEP,2026-04-24,0.03,0.25,0.0957356134502947,0.013171787721936067,5.910655246302671
PEP,2026-04-24,0.03,0.5,0.08933671785022501,0.023503888887536874,5.910655246302671
PEP,2026-04-24,0.03,1.0,0.07743157910313916,0.0534628327730249,5.910655246302671
PEP,2026-04-24,0.03,2.0,0.05422813671712192,0.10404142741786941,5.910655246302671
PEP,2026-04-24,0.03,4.0,0.009030202538317092,0.408767576121189,5.910655246302671
PEP,2026-04-24,0.03,8.0,0.0,0.49786085754068155,5.910655246302671
PEP,2026-04-24,0.03,16.0,0.0,0.49786085754068155,5.910655246302671
PEP,2026-04-24,0.3,0.25,0.12248147243140918,0.009163522442376618,5.910655246302671
PEP,2026-04-24,0.3,0.5,0.09758365981336416,0.01234516088001229,5.910655246302671
PEP,2026-04-24,0.3,1.0,0.09019010478309399,0.02275958724390449,5.910655246302671
PEP,2026-04-24,0.3,2.0,0.07913835296887706,0.04692448894737422,5.910655246302671
PEP,2026-04-24,0.3,4.0,0.057517025033338984,0.09433507125606738,5.910655246302671
PEP,2026-04-24,0.3,8.0,0.015540519594836606,0.35315987280753847,5.910655246302671
PEP,2026-04-24,0.3,16.0,0.0,0.49786085754068155,5.910655246302671
PEP,2026-04-24,3.0,0.25,0.1476115979552959,0.008631855577147206,5.910655246302671
PEP,2026-04-24,3.0,0.5,0.12543639208908053,0.009054371823568648,5.910655246302671
PEP,2026-04-24,3.0,1.0,0.09929752212404626,0.011629548738264734,5.910655246302671
PEP,2026-04-24,3.0,2.0,0.09098231903476509,0.022236653495568623,5.910655246302671
PEP,2026-04-24,3.0,4.0,0.08072278147221927,0.041526886974079365,5.910655246302671
PEP,2026-04-24,3.0,8.0,0.060575429778254815,0.0873712853900964,5.910655246302671
PEP,2026-04-24,3.0,16.0,0.021553734101997263,0.29673190144143347,5.910655246302671
PEP,2026-05-22,0.03,0.25,0.11377695192379267,0.011304525886447585,6.068764621668492
PEP,2026-05-22,0.03,0.5,0.08699112209423802,0.015024057051562805,6.068764621668492
PEP,2026-05-22,0.03,1.0,0.06130838189133071,0.033371916175312225,6.068764621668492
PEP,2026-05-22,0.03,2.0,0.03905903998752317,0.08176508027222089,6.068764621668492
PEP,2026-05-22,0.03,4.0,0.0,0.3265649427013849,6.068764621668492
PEP,2026-05-22,0.03,8.0,0.0,0.3265649427013849,6.068764621668492
PEP,2026-05-22,0.03,16.0,0.0,0.3265649427013849,6.068764621668492
PEP,2026-05-22,0.3,0.25,0.13985137358371585,0.009538104606116234,6.068764621668492
PEP,2026-05-22,0.3,0.5,0.11572473567912249,0.010919753387113061,6.068764621668492
PEP,2026-05-22,0.3,1.0,0.09079098640635179,0.014048101047071531,6.068764621668492
PEP,2026-05-22,0.3,2.0,0.06293081553119695,0.029482704925081638,6.068764621668492
PEP,2026-05-22,0.3,4.0,0.04218029820668022,0.07503234746075843,6.068764621668492
PEP,2026-05-22,0.3,8.0,0.001731660270291741,0.3039059329110381,6.068764621668492
PEP,2026-05-22,0.3,16.0,0.0,0.3265649427013849,6.068764621668492
PEP,2026-05-22,3.0,0.25,0.16110533061000962,0.009595728555963114,6.068764621668492
PEP,2026-05-22,3.0,0.5,0.14238743200472925,0.009512801091965142,6.068764621668492
PEP,2026-05-22,3.0,1.0,0.11753289794492876,0.01061680139777982,6.068764621668492
PEP,2026-05-22,3.0,2.0,0.09431846795842197,0.013360453961694684,6.068764621668492
PEP,2026-05-22,3.0,4.0,0.06443694950441309,0.026458023352553484,6.068764621668492
PEP,2026-05-22,3.0,8.0,0.04510533289962453,0.06915206788837065,6.068764621668492
PEP,2026-05-22,3.0,16.0,0.007526595627470254,0.2384258479365383,6.068764621668492
WMT,2024-10-16,0.03,0.25,0.08871916843612608,0.001498094115071398,3.973283315816237
WMT,2024-10-16,0.03,0.5,0.08851574264923795,0.0035773064378122593,3.973283315816237
WMT,2024-10-16,0.03,1.0,0.08885165919577913,0.01160371805784788,3.973283315816237
WMT,2024-10-16,0.03,2.0,0.0895234922888615,0.043114587690075895,3.973283315816237
WMT,2024-10-16,0.03,4.0,0.090812934324743,0.1617839757881888,3.973283315816237
WMT,2024-10-16,0.03,8.0,0.0919973940191007,0.3016156830344979,3.973283315816237
WMT,2024-10-16,0.03,16.0,0.09268601377705347,0.3863041609153621,3.973283315816237
WMT,2024-10-16,0.3,0.25,0.09353094144383814,0.0009816267573454793,3.973283315816237
WMT,2024-10-16,0.3,0.5,0.08922965829888196,0.0014015566033765783,3.973283315816237
WMT,2024-10-16,0.3,1.0,0.08849166340098703,0.003199871331898145,3.973283315816237
WMT,2024-10-16,0.3,2.0,0.08880350069927731,0.010136612566952329,3.973283315816237
WMT,2024-10-16,0.3,4.0,0.08942717529585784,0.037331435592014135,3.973283315816237
WMT,2024-10-16,0.3,8.0,0.09066339262405781,0.143426514285985,3.973283315816237
WMT,2024-10-16,0.3,16.0,0.09188327428231882,0.29161005961057884,3.973283315816237
WMT,2024-10-16,3.0,0.25,0.09785875310938189,0.0009528508628811569,3.973283315816237
WMT,2024-10-16,3.0,0.5,0.09399084806385266,0.0009749180145428373,3.973283315816237
WMT,2024-10-16,3.0,1.0,0.08970360629267696,0.0013186203101840672,3.973283315816237
WMT,2024-10-16,3.0,2.0,0.08846931020702636,0.0028731890705784606,3.973283315816237
WMT,2024-10-16,3.0,4.0,0.088758794311356,0.008869462287237685,3.973283315816237
WMT,2024-10-16,3.0,8.0,0.08933776252001521,0.03234199200428489,3.973283315816237
WMT,2024-10-16,3.0,16.0,0.0904956989373337,0.12520698457329274,3.973283315816237
WMT,2024-11-13,0.03,0.25,0.09269157433440225,0.0014472266253431794,3.1537114004986617
WMT,2024-11-13,0.03,0.5,0.09051122152757016,0.004205552552176141,3.1537114004986617
WMT,2024-11-13,0.03,1.0,0.09082422579225047,0.014840682089504937,3.1537114004986617
WMT,2024-11-13,0.03,2.0,0.09144836056418287,0.057573668528200624,3.1537114004986617
WMT,2024-11-13,0.03,4.0,0.09249736400024858,0.17610656926465973,3.1537114004986617
WMT,2024-11-13,0.03,8.0,0.09299687551231839,0.2894608473489069,3.1537114004986617
WMT,2024-11-13,0.03,16.0,0.09254732679331257,0.5074192025695067,3.1537114004986617
WMT,2024-11-13,0.3,0.25,0.10021827142999465,0.0010541856969557833,3.1537114004986617
WMT,2024-11-13,0.3,0.5,0.09297375717576262,0.0013142693583130009,3.1537114004986617
WMT,2024-11-13,0.3,1.0,0.09048877907985942,0.0037180912260920966,3.1537114004986617
WMT,2024-11-13,0.3,2.0,0.09077941906114989,0.0128766588575905,3.1537114004986617
WMT,2024-11-13,0.3,4.0,0.09135888181554644,0.04968982337128522,3.1537114004986617
WMT,2024-11-13,0.3,8.0,0.09240050748228476,0.16220815659436508,3.1537114004986617
WMT,2024-11-13,0.3,16.0,0.09297514935703602,0.27722005460187965,3.1537114004986617
WMT,2024-11-13,3.0,0.25,0.10687253264513513,0.001159963905004215,3.1537114004986617
WMT,2024-11-13,3.0,0.5,0.10093265505451561,0.0010559356621719026,3.1537114004986617
WMT,2024-11-13,3.0,1.0,0.09380120883125634,0.0012455824037801223,3.1537114004986617
WMT,2024-11-13,3.0,2.0,0.09046794535692082,0.0032984875116250294,3.1537114004986617
WMT,2024-11-13,3.0,4.0,0.09073775161527266,0.011184915120407606,3.1537114004986617
WMT,2024-11-13,3.0,8.0,0.09127581710344311,0.042897617278209024,3.1537114004986617
WMT,2024-11-13,3.0,16.0,0.09229072388328322,0.14887144437754912,3.1537114004986617
WMT,2024-12-12,0.03,0.25,0.13347605109704822,0.005600292764333755,2.764049458304197
WMT,2024-12-12,0.03,0.5,0.11581180637989108,0.012419335496953671,2.764049458304197
WMT,2024-12-12,0.03,1.0,0.10084660302286377,0.018571742636844187,2.764049458304197
WMT,2024-12-12,0.03,2.0,0.10163341041885543,0.07390376494081335,2.764049458304197
WMT,2024-12-12,0.03,4.0,0.1027023159490234,0.22079518723792166,2.764049458304197
WMT,2024-12-12,0.03,8.0,0.10332531975705249,0.2803080849819655,2.764049458304197
WMT,2024-12-12,0.03,16.0,0.10355042070172202,0.3284789611099761,2.764049458304197
WMT,2024-12-12,0.3,0.25,0.14851157950722582,0.0031946836187807105,2.764049458304197
WMT,2024-12-12,0.3,0.5,0.13549096768786334,0.005203387964697521,2.764049458304197
WMT,2024-12-12,0.3,1.0,0.11706996162851852,0.011434173387695406,2.764049458304197
WMT,2024-12-12,0.3,2.0,0.10079020291155988,0.017288537953274282,2.764049458304197
WMT,2024-12-12,0.3,4.0,0.10152061019624765,0.06168168633679287,2.764049458304197
WMT,2024-12-12,0.3,8.0,0.10261439012155577,0.21278101226778612,2.764049458304197
WMT,2024-12-12,0.3,16.0,0.10326032299782495,0.2719283715075979,2.764049458304197
WMT,2024-12-12,3.0,0.25,0.1581853211147503,0.0026147056889957877,2.764049458304197
WMT,2024-12-12,3.0,0.5,0.14944397112672814,0.0030973369281123843,2.764049458304197
WMT,2024-12-12,3.0,1.0,0.13735946100934918,0.004852143644979796,2.764049458304197
WMT,2024-12-12,3.0,2.0,0.11824059590763829,0.010455595452105714,2.764049458304197
WMT,2024-12-12,3.0,4.0,0.10304395661085342,0.016908634162868887,2.764049458304197
WMT,2024-12-12,3.0,8.0,0.10141589574551058,0.05162076521925926,2.764049458304197
WMT,2024-12-12,3.0,16.0,0.10253276701376376,0.20589934639608698,2.764049458304197
WMT,2025-01-14,0.03,0.25,0.09922205643941055,0.034388508462401955,3.6210344845195386
WMT,2025-01-14,0.03,0.5,0.0928008325749426,0.05438329878365628,3.6210344845195386
WMT,2025-01-14,0.03,1.0,0.08906463913336699,0.09691896141015768,3.6210344845195386
WMT,2025-01-14,0.03,2.0,0.0881847590453195,0.1377832155115816,3.6210344845195386
WMT,2025-01-14,0.03,4.0,0.08678195118264458,0.23841044230974726,3.6210344845195386
WMT,2025-01-14,0.03,8.0,0.08283125416619166,0.3460448785881637,3.6210344845195386
WMT,2025-01-14,0.03,16.0,0.0735568992173288,0.5639919157361923,3.6210344845195386
WMT,2025-01-14,0.3,0.25,0.1035075021544383,0.026047749614539838,3.6210344845195386
WMT,2025-01-14,0.3,0.5,0.09968846326333172,0.033132677751863036,3.6210344845195386
WMT,2025-01-14,0.3,1.0,0.09371712619879125,0.051077719560113824,3.6210344845195386
WMT,2025-01-14,0.3,2.0,0.0891277109030946,0.09522918011413356,3.6210344845195386
WMT,2025-01-14,0.3,4.0,0.08831090258477468,0.12994324089654025,3.6210344845195386
WMT,2025-01-14,0.3,8.0,0.08698326499413284,0.22758436129132703,3.6210344845195386
WMT,2025-01-14,0.3,16.0,0.08345024346257872,0.33176482174777344,3.6210344845195386
WMT,2025-01-14,3.0,0.25,0.10861536088343701,0.02286841406649438,3.6210344845195386
WMT,2025-01-14,3.0,0.5,0.104079266155507,0.0255947273540348,3.6210344845195386
WMT,2025-01-14,3.0,1.0,0.10012143700449841,0.032005529110850285,3.6210344845195386
WMT,2025-01-14,3.0,2.0,0.09456773784934455,0.04815642368924288,3.6210344845195386
WMT,2025-01-14,3.0,4.0,0.08918626154751134,0.09380893270024618,3.6210344845195386
WMT,2025-01-14,3.0,8.0,0.08842800387360822,0.12325887951110003,3.6210344845195386
WMT,2025-01-14,3.0,16.0,0.08715275883651791,0.21782783357405416,3.6210344845195386
WMT,2025-02-12,0.03,0.25,0.058645972475441024,0.039295006381966396,2.8265406418250234
WMT,2025-02-12,0.03,0.5,0.04749183002312154,0.025251889829287274,2.8265406418250234
WMT,2025-02-12,0.03,1.0,0.03680202452574913,0.015402623944583978,2.8265406418250234
WMT,2025-02-12,0.03,2.0,0.017805605726165238,0.046921909284804116,2.8265406418250234
WMT,2025-02-12,0.03,4.0,0.0,0.14264696064767213,2.8265406418250234
WMT,2025-02-12,0.03,8.0,0.0,0.14264696064767213,2.8265406418250234
WMT,2025-02-12,0.03,16.0,0.0,0.14264696064767213,2.8265406418250234
WMT,2025-02-12,0.3,0.25,0.06686412608836013,0.03851675822640637,2.8265406418250234
WMT,2025-02-12,0.3,0.5,0.059445166122984706,0.04057522372348316,2.8265406418250234
WMT,2025-02-12,0.3,1.0,0.04909376940955667,0.026913447468680463,2.8265406418250234
WMT,2025-02-12,0.3,2.0,0.03819733222234553,0.015172924679290928,2.8265406418250234
WMT,2025-02-12,0.3,4.0,0.02047328718874974,0.04332446309421733,2.8265406418250234
WMT,2025-02-12,0.3,8.0,0.0,0.14264696064767213,2.8265406418250234
WMT,2025-02-12,0.3,16.0,0.0,0.14264696064767213,2.8265406418250234
WMT,2025-02-12,3.0,0.25,0.0724074927399566,0.033686870307672354,2.8265406418250234
WMT,2025-02-12,3.0,0.5,0.06748129816981935,0.037847382068530104,2.8265406418250234
WMT,2025-02-12,3.0,1.0,0.060187071785051297,0.041797872353798504,2.8265406418250234
WMT,2025-02-12,3.0,2.0,0.050579053509967824,0.02851210650215097,2.8265406418250234
WMT,2025-02-12,3.0,4.0,0.039492621147140694,0.01545418073085138,2.8265406418250234
WMT,2025-02-12,3.0,8.0,0.02296907685329026,0.03802976212397579,2.8265406418250234
WMT,2025-02-12,3.0,16.0,0.0,0.14264696064767213,2.8265406418250234
WMT,2025-03-13,0.03,0.25,0.12190176594340901,0.035294548489645444,4.312630405309453
WMT,2025-03-13,0.03,0.5,0.10980852399212887,0.022504105714588836,4.312630405309453
WMT,2025-03-13,0.03,1.0,0.09687373216293761,0.019247070418784356,4.312630405309453
WMT,2025-03-13,0.03,2.0,0.09364366150154002,0.09437504228379226,4.312630405309453
WMT,2025-03-13,0.03,4.0,0.09525081129544938,0.5960613317774185,4.312630405309453
WMT,2025-03-13,0.03,8.0,0.09650836489606945,1.2595408251594777,4.312630405309453
WMT,2025-03-13,0.03,16.0,0.09715752991076734,1.3942996699613157,4.312630405309453
WMT,2025-03-13,0.3,0.25,0.13491517552753435,0.04228078125512627,4.312630405309453
WMT,2025-03-13,0.3,0.5,0.12346064607061902,0.03608593962294865,4.312630405309453
WMT,2025-03-13,0.3,1.0,0.11073701401844549,0.024114337727702096,4.312630405309453
WMT,2025-03-13,0.3,2.0,0.09871536005705267,0.018057956940876533,4.312630405309453
WMT,2025-03-13,0.3,4.0,0.09352657757157753,0.07654027476977623,4.312630405309453
WMT,2025-03-13,0.3,8.0,0.09504255717543154,0.49614907027241967,4.312630405309453
WMT,2025-03-13,0.3,16.0,0.09644297486522233,1.221486660823002,4.312630405309453
WMT,2025-03-13,3.0,0.25,0.14241271767925534,0.046475763245305425,4.312630405309453
WMT,2025-03-13,3.0,0.5,0.13573379368787758,0.04280536521407704,4.312630405309453
WMT,2025-03-13,3.0,1.0,0.12510281857584693,0.03684242419830353,4.312630405309453
WMT,2025-03-13,3.0,2.0,0.1115989478060999,0.025782686914611087,4.312630405309453
WMT,2025-03-13,3.0,4.0,0.1004363753191656,0.01706859528226987,4.312630405309453
WMT,2025-03-13,3.0,8.0,0.09341735438784589,0.06215602785175331,4.312630405309453
WMT,2025-03-13,3.0,16.0,0.094825485929286,0.41089316622268623,4.312630405309453
WMT,2025-04-10,0.03,0.25,0.09554922778094385,0.003933165334483022,6.919733378402152
WMT,2025-04-10,0.03,0.5,0.09040860587606889,0.004816821102236018,6.919733378402152
WMT,2025-04-10,0.03,1.0,0.08763520631653618,0.01245890757847805,6.919733378402152
WMT,2025-04-10,0.03,2.0,0.0820869784475649,0.04819797441616986,6.919733378402152
WMT,2025-04-10,0.03,4.0,0.07097008983839848,0.19989892129490466,6.919733378402152
WMT,2025-04-10,0.03,8.0,0.04779232022344958,0.5851231477013278,6.919733378402152
WMT,2025-04-10,0.03,16.0,0.0,0.6617820247873967,6.919733378402152
WMT,2025-04-10,0.3,0.25,0.10411499018955875,0.0036667280472980875,6.919733378402152
WMT,2025-04-10,0.3,0.5,0.09641495003662705,0.003958635520542566,6.919733378402152
WMT,2025-04-10,0.3,1.0,0.09060742613188025,0.0045387987877211515,6.919733378402152
WMT,2025-04-10,0.3,2.0,0.0880326309306963,0.010935972955200199,6.919733378402152
WMT,2025-04-10,0.3,4.0,0.08288360254183265,0.04145923742507391,6.919733378402152
WMT,2025-04-10,0.3,8.0,0.07256397709762119,0.1715359946065116,6.919733378402152
WMT,2025-04-10,0.3,16.0,0.05125298210796278,0.5566120635979386,6.919733378402152
WMT,2025-04-10,3.0,0.25,0.1107297899810141,0.0035183373532475834,6.919733378402152
WMT,2025-04-10,3.0,0.5,0.10471750188160592,0.003643473696715058,6.919733378402152
WMT,2025-04-10,3.0,1.0,0.09721762662093564,0.003943239711521709,6.919733378402152
WMT,2025-04-10,3.0,2.0,0.09079201556432212,0.004312881314267874,6.919733378402152
WMT,2025-04-10,3.0,4.0,0.08840176485269985,0.00964662664635403,6.919733378402152
WMT,2025-04-10,3.0,8.0,0.08362312004691272,0.03569981711031963,6.919733378402152
WMT,2025-04-10,3.0,16.0,0.0740435855859361,0.14718741849128938,6.919733378402152
WMT,2025-05-09,0.03,0.25,0.08832723947510715,0.018934050967805795,7.425097496331098
WMT,2025-05-09,0.03,0.5,0.07359282635035459,0.021605562501545356,7.425097496331098
WMT,2025-05-09,0.03,1.0,0.059829254691571354,0.025007889600237972,7.425097496331098
WMT,2025-05-09,0.03,2.0,0.04313918317395985,0.04821542474283298,7.425097496331098
WMT,2025-05-09,0.03,4.0,0.019245854221787782,0.17692608532638038,7.425097496331098
WMT,2025-05-09,0.03,8.0,0.0,0.3498350786096729,7.425097496331098
WMT,2025-05-09,0.03,16.0,0.0,0.3498350786096729,7.425097496331098
WMT,2025-05-09,0.3,0.25,0.11158291428261341,0.01633538630004994,7.425097496331098
WMT,2025-05-09,0.3,0.5,0.09144146195900962,0.018547084982583405,7.425097496331098
WMT,2025-05-09,0.3,1.0,0.07520380002144122,0.021237028373186313,7.425097496331098
WMT,2025-05-09,0.3,2.0,0.06110741666333626,0.02469898378239922,7.425097496331098
WMT,2025-05-09,0.3,4.0,0.04485129551191659,0.04321152475607531,7.425097496331098
WMT,2025-05-09,0.3,8.0,0.022671427860079998,0.15170930398864038,7.425097496331098
WMT,2025-05-09,0.3,16.0,0.0,0.3498350786096729,7.425097496331098
WMT,2025-05-09,3.0,0.25,0.12407045147473596,0.015431985732124287,7.425097496331098
WMT,2025-05-09,3.0,0.5,0.11302606331380871,0.016205919525653704,7.425097496331098
WMT,2025-05-09,3.0,1.0,0.09433010355526608,0.018197814299141243,7.425097496331098
WMT,2025-05-09,3.0,2.0,0.07670193110779158,0.020909875334724923,7.425097496331098
WMT,2025-05-09,3.0,4.0,0.062293873902964925,0.024579666399220126,7.425097496331098
WMT,2025-05-09,3.0,8.0,0.046927714391961195,0.0387792176655343,7.425097496331098
WMT,2025-05-09,3.0,16.0,0.02585144872972308,0.1303273256525831,7.425097496331098
WMT,2025-06-09,0.03,0.25,0.11657950821170113,0.009375475748601533,6.817075694305595
WMT,2025-06-09,0.03,0.5,0.10557178165474441,0.015131578371372283,6.817075694305595
WMT,2025-06-09,0.03,1.0,0.10167107751206739,0.032963025479825055,6.817075694305595
WMT,2025-06-09,0.03,2.0,0.1021733632171068,0.10487584606496268,6.817075694305595
WMT,2025-06-09,0.03,4.0,0.10315799469949406,0.3975939493524013,6.817075694305595
WMT,2025-06-09,0.03,8.0,0.10356937551843348,0.5716265118018659,6.817075694305595
WMT,2025-06-09,0.03,16.0,0.1036486685203385,0.5732029437031761,6.817075694305595
WMT,2025-06-09,0.3,0.25,0.12740989218831203,0.006987436664460806,6.817075694305595
WMT,2025-06-09,0.3,0.5,0.11777221253229389,0.009010037621523912,6.817075694305595
WMT,2025-06-09,0.3,1.0,0.10663816960505704,0.014164530422240055,6.817075694305595
WMT,2025-06-09,0.3,2.0,0.1016345508352693,0.029751756933293808,6.817075694305595
WMT,2025-06-09,0.3,4.0,0.10210141006014366,0.09145292563943654,6.817075694305595
WMT,2025-06-09,0.3,8.0,0.10301919290669923,0.34396229143556284,6.817075694305595
WMT,2025-06-09,0.3,16.0,0.1035638210582582,0.5716786960206047,6.817075694305595
WMT,2025-06-09,3.0,0.25,0.13631515743733916,0.006136452852312685,6.817075694305595
WMT,2025-06-09,3.0,0.5,0.12809999638281228,0.006875682257979138,6.817075694305595
WMT,2025-06-09,3.0,1.0,0.11915664922770705,0.00867504829839272,6.817075694305595
WMT,2025-06-09,3.0,2.0,0.10762570301215944,0.013322346746285635,6.817075694305595
WMT,2025-06-09,3.0,4.0,0.10159905444983572,0.026995754435576832,6.817075694305595
WMT,2025-06-09,3.0,8.0,0.10203455315092139,0.0799252938420807,6.817075694305595
WMT,2025-06-09,3.0,16.0,0.1028884685698144,0.2972480897420922,6.817075694305595
WMT,2025-07-09,0.03,0.25,0.12729201059120793,0.0058739396029730195,3.904940586414403
WMT,2025-07-09,0.03,0.5,0.11175162219344138,0.01134195006501878,3.904940586414403
WMT,2025-07-09,0.03,1.0,0.09973569901503504,0.028037852882815215,3.904940586414403
WMT,2025-07-09,0.03,2.0,0.10029041379508355,0.09423473184685323,3.904940586414403
WMT,2025-07-09,0.03,4.0,0.10130966875472781,0.33130530954648735,3.904940586414403
WMT,2025-07-09,0.03,8.0,0.10146396564882984,0.5538286252731863,3.904940586414403
WMT,2025-07-09,0.03,16.0,0.10101584531309112,1.0205364589081702,3.904940586414403
WMT,2025-07-09,0.3,0.25,0.14046591504750233,0.004093450139809224,3.904940586414403
WMT,2025-07-09,0.3,0.5,0.12906113692497168,0.005572274843853043,3.904940586414403
WMT,2025-07-09,0.3,1.0,0.11307185236731118,0.010606438416002112,3.904940586414403
WMT,2025-07-09,0.3,2.0,0.09969593582076917,0.025071793430687928,3.904940586414403
WMT,2025-07-09,0.3,4.0,0.10021088740655176,0.08190028069516041,3.904940586414403
WMT,2025-07-09,0.3,8.0,0.10119656567860069,0.29726880409324274,3.904940586414403
WMT,2025-07-09,0.3,16.0,0.10149320732959376,0.5332281989128423,3.904940586414403
WMT,2025-07-09,3.0,0.25,0.15125444435861624,0.003605955983208829,3.904940586414403
WMT,2025-07-09,3.0,0.5,0.14160996615238447,0.004014757800240691,3.904940586414403
WMT,2025-07-09,3.0,1.0,0.1307040198502717,0.005312631217997026,3.904940586414403
WMT,2025-07-09,3.0,2.0,0.1142904415464493,0.00986903645910195,3.904940586414403
WMT,2025-07-09,3.0,4.0,0.09965902294107051,0.02253136579280234,3.904940586414403
WMT,2025-07-09,3.0,8.0,0.10013706164715444,0.07130206274299442,3.904940586414403
WMT,2025-07-09,3.0,16.0,0.1010865995818925,0.2675761228165399,3.904940586414403
WMT,2025-08-06,0.03,0.25,0.08356844312633478,0.006973447517347477,2.0844301563356136
WMT,2025-08-06,0.03,0.5,0.05981682561146148,0.009733142468092485,2.0844301563356136
WMT,2025-08-06,0.03,1.0,0.02710537592253079,0.011639164250584923,2.0844301563356136
WMT,2025-08-06,0.03,2.0,0.003960581120182472,0.06408347796522261,2.0844301563356136
WMT,2025-08-06,0.03,4.0,0.0,0.08620686961425043,2.0844301563356136
WMT,2025-08-06,0.03,8.0,0.0,0.08620686961425043,2.0844301563356136
WMT,2025-08-06,0.03,16.0,0.0,0.08620686961425043,2.0844301563356136
WMT,2025-08-06,0.3,0.25,0.10458429902908127,0.010156612979204848,2.0844301563356136
WMT,2025-08-06,0.3,0.5,0.08638132151054181,0.007270706535712715,2.0844301563356136
WMT,2025-08-06,0.3,1.0,0.062172287436973825,0.008685734090063756,2.0844301563356136
WMT,2025-08-06,0.3,2.0,0.03168830016299509,0.011602160761816948,2.0844301563356136
WMT,2025-08-06,0.3,4.0,0.007336774016639826,0.04812522576330916,2.0844301563356136
WMT,2025-08-06,0.3,8.0,0.0,0.08620686961425043,2.0844301563356136
WMT,2025-08-06,0.3,16.0,0.0,0.08620686961425043,2.0844301563356136
WMT,2025-08-06,3.0,0.25,0.11600841601563094,0.012135513631709127,2.0844301563356136
WMT,2025-08-06,3.0,0.5,0.10588950772273417,0.01038917077815883,2.0844301563356136
WMT,2025-08-06,3.0,1.0,0.08899256649023102,0.007586545043974892,2.0844301563356136
WMT,2025-08-06,3.0,2.0,0.06436321979741935,0.007824583084707806,2.0844301563356136
WMT,2025-08-06,3.0,4.0,0.03607651629715529,0.011769566972095526,2.0844301563356136
WMT,2025-08-06,3.0,8.0,0.010470953866303671,0.03583962397988812,2.0844301563356136
WMT,2025-08-06,3.0,16.0,0.0,0.08620686961425043,2.0844301563356136
WMT,2025-09-04,0.03,0.25,0.1136063566872211,0.013044660905348988,4.312236939092746
WMT,2025-09-04,0.03,0.5,0.09659478751208553,0.019214203972712028,4.312236939092746
WMT,2025-09-04,0.03,1.0,0.09115375849532611,0.04612878039396755,4.312236939092746
WMT,2025-09-04,0.03,2.0,0.08347241080816213,0.1465817037188088,4.312236939092746
WMT,2025-09-04,0.03,4.0,0.06804229995176823,0.5224785388615939,4.312236939092746
WMT,2025-09-04,0.03,8.0,0.035391027751859726,0.8041029947713426,4.312236939092746
WMT,2025-09-04,0.03,16.0,0.0,1.0169746056896802,4.312236939092746
WMT,2025-09-04,0.3,0.25,0.13802476493265323,0.014601799634228058,4.312236939092746
WMT,2025-09-04,0.3,0.5,0.11602442298616499,0.013097406379156008,4.312236939092746
WMT,2025-09-04,0.3,1.0,0.09879919556274025,0.017815049146386933,4.312236939092746
WMT,2025-09-04,0.3,2.0,0.09170436358342574,0.04133528469081314,4.312236939092746
WMT,2025-09-04,0.3,4.0,0.08457364356794204,0.12832763020436921,4.312236939092746
WMT,2025-09-04,0.3,8.0,0.0702829343555492,0.460713124148581,4.312236939092746
WMT,2025-09-04,0.3,16.0,0.040112509557024105,0.7756998369129061,4.312236939092746
WMT,2025-09-04,3.0,0.25,0.15353372691027853,0.015614629209709758,4.312236939092746
WMT,2025-09-04,3.0,0.5,0.1400316651543657,0.01488468132479258,4.312236939092746
WMT,2025-09-04,3.0,1.0,0.11828209588839038,0.012528698761717971,4.312236939092746
WMT,2025-09-04,3.0,2.0,0.10084558672126924,0.016594515416381697,4.312236939092746
WMT,2025-09-04,3.0,4.0,0.09221550006915646,0.037174498578222914,4.312236939092746
WMT,2025-09-04,3.0,8.0,0.08559593750414266,0.11253629904904638,4.312236939092746
WMT,2025-09-04,3.0,16.0,0.07235676260128175,0.4030391020074047,4.312236939092746
WMT,2025-10-02,0.03,0.25,0.13746141000071074,0.0313122119497956,4.87624042243254
WMT,2025-10-02,0.03,0.5,0.12229029225407229,0.023106816855839176,4.87624042243254
WMT,2025-10-02,0.03,1.0,0.10973484238381487,0.03917023528880597,4.87624042243254
WMT,2025-10-02,0.03,2.0,0.11028357926643105,0.13687694783349555,4.87624042243254
WMT,2025-10-02,0.03,4.0,0.11136953769350579,0.56631976932993,4.87624042243254
WMT,2025-10-02,0.03,8.0,0.11170619677125293,1.5534236153085892,4.87624042243254
WMT,2025-10-02,0.03,16.0,0.11223090025215365,1.7657093506335884,4.87624042243254
WMT,2025-10-02,0.3,0.25,0.15585296768713616,0.04369088063136847,4.87624042243254
WMT,2025-10-02,0.3,0.5,0.13936338153808703,0.03244138908356653,4.87624042243254
WMT,2025-10-02,0.3,1.0,0.12346253668936621,0.02330436421239821,4.87624042243254
WMT,2025-10-02,0.3,2.0,0.10969550769858723,0.03516520111278344,4.87624042243254
WMT,2025-10-02,0.3,4.0,0.11020490989597578,0.11807517010142841,4.87624042243254
WMT,2025-10-02,0.3,8.0,0.1112237142907529,0.4857385719541973,4.87624042243254
WMT,2025-10-02,0.3,16.0,0.11171657457701371,1.380597963937078,4.87624042243254
WMT,2025-10-02,3.0,0.25,0.17313904284008289,0.05156564509623718,4.87624042243254
WMT,2025-10-02,3.0,0.5,0.1576560908429977,0.04470127541672261,4.87624042243254
WMT,2025-10-02,3.0,1.0,0.14125287060726655,0.033545618824080976,4.87624042243254
WMT,2025-10-02,3.0,2.0,0.12455075202559124,0.023664722305855514,4.87624042243254
WMT,2025-10-02,3.0,4.0,0.11051309579654608,0.03172917770333135,4.87624042243254
WMT,2025-10-02,3.0,8.0,0.11013187972168528,0.1020573904458937,4.87624042243254
WMT,2025-10-02,3.0,16.0,0.11107765394217191,0.4165029597582388,4.87624042243254
WMT,2025-10-30,0.03,0.25,0.1162148746146994,0.011514572458084215,5.156989392000923
WMT,2025-10-30,0.03,0.5,0.10878119525875851,0.012334501271014082,5.156989392000923
WMT,2025-10-30,0.03,1.0,0.10915405429575907,0.04284238500198166,5.156989392000923
WMT,2025-10-30,0.03,2.0,0.10989793585322993,0.16287634941335621,5.156989392000923
WMT,2025-10-30,0.03,4.0,0.11138202859912415,0.6386010825715632,5.156989392000923
WMT,2025-10-30,0.03,8.0,0.11262443680007116,0.931075897751645,5.156989392000923
WMT,2025-10-30,0.03,16.0,0.11358462385975082,1.0212446134391744,5.156989392000923
WMT,2025-10-30,0.3,0.25,0.12622122119836593,0.01733905297660923,5.156989392000923
WMT,2025-10-30,0.3,0.5,0.11745829166546523,0.012182181962306998,5.156989392000923
WMT,2025-10-30,0.3,1.0,0.10875446276628739,0.01091084588594582,5.156989392000923
WMT,2025-10-30,0.3,2.0,0.10910063439121151,0.03725035645951344,5.156989392000923
WMT,2025-10-30,0.3,4.0,0.1097913194545306,0.140833322372552,5.156989392000923
WMT,2025-10-30,0.3,8.0,0.11117205067077914,0.551675764684466,5.156989392000923
WMT,2025-10-30,0.3,16.0,0.11250889387800003,0.9238648640410375,5.156989392000923
WMT,2025-10-30,3.0,0.25,0.13520549711148824,0.02056613063615383,5.156989392000923
WMT,2025-10-30,3.0,0.5,0.127089376966342,0.01775098109737291,5.156989392000923
WMT,2025-10-30,3.0,1.0,0.1186125778051369,0.012832797704735437,5.156989392000923
WMT,2025-10-30,3.0,2.0,0.10872964651857765,0.00968066477056281,5.156989392000923
WMT,2025-10-30,3.0,4.0,0.10905102829756277,0.03242361629544287,5.156989392000923
WMT,2025-10-30,3.0,8.0,0.109692345557394,0.12182055236995208,5.156989392000923
WMT,2025-10-30,3.0,16.0,0.11097410287650597,0.47608965764801836,5.156989392000923
WMT,2025-11-28,0.03,0.25,0.1344064172120022,0.005322518524092819,5.501136284115169
WMT,2025-11-28,0.03,0.5,0.12615796039829175,0.010948832909206169,5.501136284115169
WMT,2025-11-28,0.03,1.0,0.1210390061098716,0.023057457291529172,5.501136284115169
WMT,2025-11-28,0.03,2.0,0.12166935562715982,0.08640609469896286,5.501136284115169
WMT,2025-11-28,0.03,4.0,0.12292815255111555,0.35612554215285874,5.501136284115169
WMT,2025-11-28,0.03,8.0,0.12369316082055118,0.8049920195930143,5.501136284115169
WMT,2025-11-28,0.03,16.0,0.12404405281898556,0.940274800466095,5.501136284115169
WMT,2025-11-28,0.3,0.25,0.1472076278497747,0.0032688125799445775,5.501136284115169
WMT,2025-11-28,0.3,0.5,0.1349972991203467,0.004987171789749409,5.501136284115169
WMT,2025-11-28,0.3,1.0,0.12733430887311845,0.010083948453956387,5.501136284115169
WMT,2025-11-28,0.3,2.0,0.12099382124872701,0.020348560768713168,5.501136284115169
WMT,2025-11-28,0.3,4.0,0.12157898590487065,0.07439525904080066,5.501136284115169
WMT,2025-11-28,0.3,8.0,0.12274931521715797,0.30580207253595026,5.501136284115169
WMT,2025-11-28,0.3,16.0,0.12371393127726034,0.7912229861629992,5.501136284115169
WMT,2025-11-28,3.0,0.25,0.15954171437847336,0.002694070902357172,5.501136284115169
WMT,2025-11-28,3.0,0.5,0.14866940641157433,0.0031682700813129893,5.501136284115169
WMT,2025-11-28,3.0,1.0,0.13554652317721605,0.0046918101704115246,5.501136284115169
WMT,2025-11-28,3.0,2.0,0.12842902792400324,0.009213808716103717,5.501136284115169
WMT,2025-11-28,3.0,4.0,0.12095187533933961,0.01805320735189805,5.501136284115169
WMT,2025-11-28,3.0,8.0,0.12149509408609582,0.06412284032025072,5.501136284115169
WMT,2025-11-28,3.0,16.0,0.12258153157960835,0.26253038754717667,5.501136284115169
WMT,2025-12-29,0.03,0.25,0.1307872099168046,0.012220850635974305,3.710670854155717
WMT,2025-12-29,0.03,0.5,0.12326706605164692,0.020128699403931173,3.710670854155717
WMT,2025-12-29,0.03,1.0,0.12388443466178875,0.053203357346258584,3.710670854155717
WMT,2025-12-29,0.03,2.0,0.12511690898229127,0.1731462794329794,3.710670854155717
WMT,2025-12-29,0.03,4.0,0.1272276263398988,0.5620705660753624,3.710670854155717
WMT,2025-12-29,0.03,8.0,0.12891221067670022,1.0678591930992445,3.710670854155717
WMT,2025-12-29,0.03,16.0,0.12971766453744965,1.599975275094632,3.710670854155717
WMT,2025-12-29,0.3,0.25,0.14294095957872588,0.007788043581246204,3.710670854155717
WMT,2025-12-29,0.3,0.5,0.1317166874691181,0.011546038006831565,3.710670854155717
WMT,2025-12-29,0.3,1.0,0.12322281169091656,0.01844791528073829,3.710670854155717
WMT,2025-12-29,0.3,2.0,0.12379592594032804,0.04735841139429171,3.710670854155717
WMT,2025-12-29,0.3,4.0,0.12494047180778574,0.15156373943597307,3.710670854155717
WMT,2025-12-29,0.3,8.0,0.12699923639493196,0.505151452539788,3.710670854155717
WMT,2025-12-29,0.3,16.0,0.12877873030230885,1.022433294839515,3.710670854155717
WMT,2025-12-29,3.0,0.25,0.15286519956730696,0.0061463476734119026,3.710670854155717
WMT,2025-12-29,3.0,0.5,0.14408609713988818,0.0075594983352472575,3.710670854155717
WMT,2025-12-29,3.0,1.0,0.13257953799470057,0.010945718411374612,3.710670854155717
WMT,2025-12-29,3.0,2.0,0.12318172958159562,0.016970240324468765,3.710670854155717
WMT,2025-12-29,3.0,4.0,0.12371376172168615,0.04226295145081152,3.710670854155717
WMT,2025-12-29,3.0,8.0,0.12477649079700373,0.13282890084956056,3.710670854155717
WMT,2025-12-29,3.0,16.0,0.12678721795127842,0.4559940076013522,3.710670854155717
WMT,2026-01-28,0.03,0.25,0.14185391614379506,0.00856717624758273,5.014423462003905
WMT,2026-01-28,0.03,0.5,0.1273165445585141,0.01756026472579295,5.014423462003905
WMT,2026-01-28,0.03,1.0,0.12294258403892908,0.042206510050263275,5.014423462003905
WMT,2026-01-28,0.03,2.0,0.12380361226508524,0.12639838184549454,5.014423462003905
WMT,2026-01-28,0.03,4.0,0.1254938094818665,0.44334399369413363,5.014423462003905
WMT,2026-01-28,0.03,8.0,0.12670121872461937,0.9860374939772327,5.014423462003905
WMT,2026-01-28,0.03,16.0,0.12660539488259162,1.9856630158491724,5.014423462003905
WMT,2026-01-28,0.3,0.25,0.1546447318832276,0.005214059092994597,5.014423462003905
WMT,2026-01-28,0.3,0.5,0.14340223280214853,0.008060639195253568,5.014423462003905
WMT,2026-01-28,0.3,1.0,0.12906210608520383,0.01604450256509182,5.014423462003905
WMT,2026-01-28,0.3,2.0,0.12288086361276326,0.03809380643841254,5.014423462003905
WMT,2026-01-28,0.3,4.0,0.12368017141275366,0.11125503467581949,5.014423462003905
WMT,2026-01-28,0.3,8.0,0.12527537307276018,0.38685042286138865,5.014423462003905
WMT,2026-01-28,0.3,16.0,0.12662256209489506,0.9154765909745657,5.014423462003905
WMT,2026-01-28,3.0,0.25,0.16318264561083745,0.0040467796394150985,5.014423462003905
WMT,2026-01-28,3.0,0.5,0.15572392658581827,0.005033783282856228,5.014423462003905
WMT,2026-01-28,3.0,1.0,0.14484017247149272,0.0076083797309668836,5.014423462003905
WMT,2026-01-28,3.0,2.0,0.1306788919152676,0.014733169116689733,5.014423462003905
WMT,2026-01-28,3.0,4.0,0.12282356744458389,0.03450608392611789,5.014423462003905
WMT,2026-01-28,3.0,8.0,0.12356557907639487,0.09811788972996709,5.014423462003905
WMT,2026-01-28,3.0,16.0,0.12504960234001683,0.3368465577026993,5.014423462003905
WMT,2026-02-26,0.03,0.25,0.1856662747838235,0.016343616451665616,5.468848073788688
WMT,2026-02-26,0.03,0.5,0.14192527849217174,0.023458357938100048,5.468848073788688
WMT,2026-02-26,0.03,1.0,0.11023549041165037,0.054568284701026856,5.468848073788688
WMT,2026-02-26,0.03,2.0,0.09092353529997466,0.1986811474363623,5.468848073788688
WMT,2026-02-26,0.03,4.0,0.059516465073946326,0.8796637524623768,5.468848073788688
WMT,2026-02-26,0.03,8.0,0.0,1.5524733152222299,5.468848073788688
WMT,2026-02-26,0.03,16.0,0.0,1.5524733152222299,5.468848073788688
WMT,2026-02-26,0.3,0.25,0.2215614547796868,0.01738244812270824,5.468848073788688
WMT,2026-02-26,0.3,0.5,0.19012272369744637,0.016292221888547242,5.468848073788688
WMT,2026-02-26,0.3,1.0,0.14729586416557205,0.021625575751316642,5.468848073788688
WMT,2026-02-26,0.3,2.0,0.11393569349789656,0.05070953899072554,5.468848073788688
WMT,2026-02-26,0.3,4.0,0.09316891753005424,0.1687055419510477,5.468848073788688
WMT,2026-02-26,0.3,8.0,0.06406622856599674,0.7573239098896067,5.468848073788688
WMT,2026-02-26,0.3,16.0,0.003999825961154864,1.5189757999762283,5.468848073788688
WMT,2026-02-26,3.0,0.25,0.24289147732422972,0.018815469353341573,5.468848073788688
WMT,2026-02-26,3.0,0.5,0.22404450206831256,0.017536223449497467,5.468848073788688
WMT,2026-02-26,3.0,1.0,0.19425972440045391,0.016310425138872733,5.468848073788688
WMT,2026-02-26,3.0,2.0,0.15227694612004572,0.020130666115882722,5.468848073788688
WMT,2026-02-26,3.0,4.0,0.11735036253872436,0.04687655699448104,5.468848073788688
WMT,2026-02-26,3.0,8.0,0.09525334574732025,0.14361915458305893,5.468848073788688
WMT,2026-02-26,3.0,16.0,0.06824093617756158,0.6445005048836652,5.468848073788688
WMT,2026-03-26,0.03,0.25,0.13545387927087488,0.05935386798029583,7.379965880295328
WMT,2026-03-26,0.03,0.5,0.11889934192141044,0.0717369925173794,7.379965880295328
WMT,2026-03-26,0.03,1.0,0.11677545632478159,0.12374838494569645,7.379965880295328
WMT,2026-03-26,0.03,2.0,0.1129577340840751,0.2828934290762746,7.379965880295328
WMT,2026-03-26,0.03,4.0,0.10647292989414428,0.6177697399119264,7.379965880295328
WMT,2026-03-26,0.03,8.0,0.09231694186275868,1.6544779574276944,7.379965880295328
WMT,2026-03-26,0.03,16.0,0.0614659154155458,2.1790195988149637,7.379965880295328
WMT,2026-03-26,0.3,0.25,0.1516143372619545,0.05465081769048829,7.379965880295328
WMT,2026-03-26,0.3,0.5,0.13720940376042687,0.05886063575111234,7.379965880295328
WMT,2026-03-26,0.3,1.0,0.11905159941732041,0.0694528174131365,7.379965880295328
WMT,2026-03-26,0.3,2.0,0.11707994564736299,0.11396674920898113,7.379965880295328
WMT,2026-03-26,0.3,4.0,0.11342257933077626,0.2701776807599993,7.379965880295328
WMT,2026-03-26,0.3,8.0,0.10740262038754664,0.5517130460136883,7.379965880295328
WMT,2026-03-26,0.3,16.0,0.09451411755223182,1.5550865697249057,7.379965880295328
WMT,2026-03-26,3.0,0.25,0.160187249654827,0.051063181473949976,7.379965880295328
WMT,2026-03-26,3.0,0.5,0.1526999697336609,0.05413319298546788,7.379965880295328
WMT,2026-03-26,3.0,1.0,0.1388408333966617,0.05845642250784319,7.379965880295328
WMT,2026-03-26,3.0,2.0,0.11959034395703268,0.06748735115251536,7.379965880295328
WMT,2026-03-26,3.0,4.0,0.11736260849529259,0.1055829442092257,7.379965880295328
WMT,2026-03-26,3.0,8.0,0.11386464605056722,0.25676288349964155,7.379965880295328
WMT,2026-03-26,3.0,16.0,0.10826566859012508,0.49579816083082734,7.379965880295328
WMT,2026-04-24,0.03,0.25,0.09602207139664541,0.10390470281592414,5.799367741866513
WMT,2026-04-24,0.03,0.5,0.07717410330775279,0.10794025656736461,5.799367741866513
WMT,2026-04-24,0.03,1.0,0.06739549921258269,0.0684239748628598,5.799367741866513
WMT,2026-04-24,0.03,2.0,0.047954089866471324,0.112811572414444,5.799367741866513
WMT,2026-04-24,0.03,4.0,0.010397167186072349,0.5829367129486973,5.799367741866513
WMT,2026-04-24,0.03,8.0,0.0,0.7520863392481023,5.799367741866513
WMT,2026-04-24,0.03,16.0,0.0,0.7520863392481023,5.799367741866513
WMT,2026-04-24,0.3,0.25,0.11192595372631449,0.08477892927773246,5.799367741866513
WMT,2026-04-24,0.3,0.5,0.09814232079455719,0.10116298320791993,5.799367741866513
WMT,2026-04-24,0.3,1.0,0.07909176408685638,0.11218274677948008,5.799367741866513
WMT,2026-04-24,0.3,2.0,0.06879736126229456,0.07149371896204137,5.799367741866513
WMT,2026-04-24,0.3,4.0,0.05070080902099074,0.09741335999290544,5.799367741866513
WMT,2026-04-24,0.3,8.0,0.01583044285271301,0.48784058522308665,5.799367741866513
WMT,2026-04-24,0.3,16.0,0.0,0.7520863392481023,5.799367741866513
WMT,2026-04-24,3.0,0.25,0.12328869169671204,0.07665162362121897,5.799367741866513
WMT,2026-04-24,3.0,0.5,0.1132193216719056,0.08366815490679581,5.799367741866513
WMT,2026-04-24,3.0,1.0,0.10011058598052147,0.09867597074598056,5.799367741866513
WMT,2026-04-24,3.0,2.0,0.08113080430453547,0.1162793758461583,5.799367741866513
WMT,2026-04-24,3.0,4.0,0.0700987347095362,0.07512098004837367,5.799367741866513
WMT,2026-04-24,3.0,8.0,0.053263863490214926,0.0857087117427575,5.799367741866513
WMT,2026-04-24,3.0,16.0,0.020858564432526244,0.4057154332090657,5.799367741866513
WMT,2026-05-22,0.03,0.25,0.08651048930969736,0.010784099471382006,6.681373622665645
WMT,2026-05-22,0.03,0.5,0.06863826262432453,0.017316162689361318,6.681373622665645
WMT,2026-05-22,0.03,1.0,0.05002565358916332,0.038668177763214275,6.681373622665645
WMT,2026-05-22,0.03,2.0,0.035398265801348444,0.06918246381634238,6.681373622665645
WMT,2026-05-22,0.03,4.0,0.006250453040276774,0.2745509384271314,6.681373622665645
WMT,2026-05-22,0.03,8.0,0.0,0.36316682338086403,6.681373622665645
WMT,2026-05-22,0.03,16.0,0.0,0.36316682338086403,6.681373622665645
WMT,2026-05-22,0.3,0.25,0.11120459767576531,0.009230553049838842,6.681373622665645
WMT,2026-05-22,0.3,0.5,0.08933096232498182,0.010533198020071547,6.681373622665645
WMT,2026-05-22,0.3,1.0,0.0703416982744207,0.016367239901864044,6.681373622665645
WMT,2026-05-22,0.3,2.0,0.051242422666473796,0.03479983365271598,6.681373622665645
WMT,2026-05-22,0.3,4.0,0.037523545047712555,0.0663177901018887,6.681373622665645
WMT,2026-05-22,0.3,8.0,0.010431658372260148,0.22418832603579883,6.681373622665645
WMT,2026-05-22,0.3,16.0,0.0,0.36316682338086403,6.681373622665645
WMT,2026-05-22,3.0,0.25,0.12690627523472825,0.008897964216121424,6.681373622665645
WMT,2026-05-22,3.0,0.5,0.11306810577858609,0.00916150693569816,6.681373622665645
WMT,2026-05-22,3.0,1.0,0.09205433773480742,0.01033366003328539,6.681373622665645
WMT,2026-05-22,3.0,2.0,0.07192907245427274,0.015261681655547216,6.681373622665645
WMT,2026-05-22,3.0,4.0,0.052371971018939714,0.03165865023917743,6.681373622665645
WMT,2026-05-22,3.0,8.0,0.03947639835801757,0.06140847336467181,6.681373622665645
WMT,2026-05-22,3.0,16.0,0.014283007835250718,0.18393672764861602,6.681373622665645
